Copyright 1986-2022 Xilinx, Inc. All Rights Reserved. Copyright 2022-2025 Advanced Micro Devices, Inc. All Rights Reserved.
------------------------------------------------------------------------------------------------------------------------------------------------------------------------------------------------------------------------------------------------------------
| Tool Version : Vivado v.2025.2 (lin64) Build 6299465 Fri Nov 14 12:34:56 MST 2025
| Date         : Thu May 28 23:26:55 2026
| Host         : localhost.localdomain running 64-bit Red Hat Enterprise Linux 10.2 (Coughlan)"
RELEASE_TYPE=stable
| Command      : report_timing_summary -max_paths 10 -routable_nets -report_unconstrained -file design_1_wrapper_timing_summary_routed.rpt -pb design_1_wrapper_timing_summary_routed.pb -rpx design_1_wrapper_timing_summary_routed.rpx -warn_on_violation
| Design       : design_1_wrapper
| Device       : 7z020-clg400
| Speed File   : -1  PRODUCTION 1.12 2019-11-22
| Design State : Routed
------------------------------------------------------------------------------------------------------------------------------------------------------------------------------------------------------------------------------------------------------------

Timing Summary Report

------------------------------------------------------------------------------------------------
| Timer Settings
| --------------
------------------------------------------------------------------------------------------------

  Enable Multi Corner Analysis               :  Yes
  Enable Pessimism Removal                   :  Yes
  Pessimism Removal Resolution               :  Nearest Common Node
  Enable Input Delay Default Clock           :  No
  Enable Preset / Clear Arcs                 :  No
  Disable Flight Delays                      :  No
  Ignore I/O Paths                           :  No
  Timing Early Launch at Borrowing Latches   :  No
  Borrow Time for Max Delay Exceptions       :  Yes
  Merge Timing Exceptions                    :  Yes
  Inter-SLR Compensation                     :  Conservative

  Corner  Analyze    Analyze    
  Name    Max Paths  Min Paths  
  ------  ---------  ---------  
  Slow    Yes        Yes        
  Fast    Yes        Yes        


------------------------------------------------------------------------------------------------
| Report Methodology
| ------------------
------------------------------------------------------------------------------------------------

No report available as report_methodology has not been run prior. Run report_methodology on the current design for the summary of methodology violations.



check_timing report

Table of Contents
-----------------
1. checking no_clock (0)
2. checking constant_clock (0)
3. checking pulse_width_clock (0)
4. checking unconstrained_internal_endpoints (0)
5. checking no_input_delay (0)
6. checking no_output_delay (0)
7. checking multiple_clock (0)
8. checking generated_clocks (0)
9. checking loops (0)
10. checking partial_input_delay (0)
11. checking partial_output_delay (0)
12. checking latch_loops (0)

1. checking no_clock (0)
------------------------
 There are 0 register/latch pins with no clock.


2. checking constant_clock (0)
------------------------------
 There are 0 register/latch pins with constant_clock.


3. checking pulse_width_clock (0)
---------------------------------
 There are 0 register/latch pins which need pulse_width check


4. checking unconstrained_internal_endpoints (0)
------------------------------------------------
 There are 0 pins that are not constrained for maximum delay.

 There are 0 pins that are not constrained for maximum delay due to constant clock.


5. checking no_input_delay (0)
------------------------------
 There are 0 input ports with no input delay specified.

 There are 0 input ports with no input delay but user has a false path constraint.


6. checking no_output_delay (0)
-------------------------------
 There are 0 ports with no output delay specified.

 There are 0 ports with no output delay but user has a false path constraint

 There are 0 ports with no output delay but with a timing clock defined on it or propagating through it


7. checking multiple_clock (0)
------------------------------
 There are 0 register/latch pins with multiple clocks.


8. checking generated_clocks (0)
--------------------------------
 There are 0 generated clocks that are not connected to a clock source.


9. checking loops (0)
---------------------
 There are 0 combinational loops in the design.


10. checking partial_input_delay (0)
------------------------------------
 There are 0 input ports with partial input delay specified.


11. checking partial_output_delay (0)
-------------------------------------
 There are 0 ports with partial output delay specified.


12. checking latch_loops (0)
----------------------------
 There are 0 combinational latch loops in the design through latch input



------------------------------------------------------------------------------------------------
| Design Timing Summary
| ---------------------
------------------------------------------------------------------------------------------------

    WNS(ns)      TNS(ns)  TNS Failing Endpoints  TNS Total Endpoints      WHS(ns)      THS(ns)  THS Failing Endpoints  THS Total Endpoints     WPWS(ns)     TPWS(ns)  TPWS Failing Endpoints  TPWS Total Endpoints  
    -------      -------  ---------------------  -------------------      -------      -------  ---------------------  -------------------     --------     --------  ----------------------  --------------------  
      0.045        0.000                      0                 1680        0.087        0.000                      0                 1680        4.020        0.000                       0                   753  


All user specified timing constraints are met.


------------------------------------------------------------------------------------------------
| Clock Summary
| -------------
------------------------------------------------------------------------------------------------

Clock       Waveform(ns)       Period(ns)      Frequency(MHz)
-----       ------------       ----------      --------------
clk_fpga_0  {0.000 5.000}      10.000          100.000         


------------------------------------------------------------------------------------------------
| Intra Clock Table
| -----------------
------------------------------------------------------------------------------------------------

Clock             WNS(ns)      TNS(ns)  TNS Failing Endpoints  TNS Total Endpoints      WHS(ns)      THS(ns)  THS Failing Endpoints  THS Total Endpoints     WPWS(ns)     TPWS(ns)  TPWS Failing Endpoints  TPWS Total Endpoints  
-----             -------      -------  ---------------------  -------------------      -------      -------  ---------------------  -------------------     --------     --------  ----------------------  --------------------  
clk_fpga_0          0.045        0.000                      0                 1680        0.087        0.000                      0                 1680        4.020        0.000                       0                   753  


------------------------------------------------------------------------------------------------
| Inter Clock Table
| -----------------
------------------------------------------------------------------------------------------------

From Clock    To Clock          WNS(ns)      TNS(ns)  TNS Failing Endpoints  TNS Total Endpoints      WHS(ns)      THS(ns)  THS Failing Endpoints  THS Total Endpoints  
----------    --------          -------      -------  ---------------------  -------------------      -------      -------  ---------------------  -------------------  


------------------------------------------------------------------------------------------------
| Other Path Groups Table
| -----------------------
------------------------------------------------------------------------------------------------

Path Group    From Clock    To Clock          WNS(ns)      TNS(ns)  TNS Failing Endpoints  TNS Total Endpoints      WHS(ns)      THS(ns)  THS Failing Endpoints  THS Total Endpoints  
----------    ----------    --------          -------      -------  ---------------------  -------------------      -------      -------  ---------------------  -------------------  


------------------------------------------------------------------------------------------------
| User Ignored Path Table
| -----------------------
------------------------------------------------------------------------------------------------

Path Group    From Clock    To Clock    
----------    ----------    --------    
(none)                      clk_fpga_0    
(none)        clk_fpga_0    clk_fpga_0    


------------------------------------------------------------------------------------------------
| Unconstrained Path Table
| ------------------------
------------------------------------------------------------------------------------------------

Path Group    From Clock    To Clock    
----------    ----------    --------    


------------------------------------------------------------------------------------------------
| Timing Details
| --------------
------------------------------------------------------------------------------------------------


---------------------------------------------------------------------------------------------------
From Clock:  clk_fpga_0
  To Clock:  clk_fpga_0

Setup :            0  Failing Endpoints,  Worst Slack        0.045ns,  Total Violation        0.000ns
Hold  :            0  Failing Endpoints,  Worst Slack        0.087ns,  Total Violation        0.000ns
PW    :            0  Failing Endpoints,  Worst Slack        4.020ns,  Total Violation        0.000ns
---------------------------------------------------------------------------------------------------


Max Delay Paths
--------------------------------------------------------------------------------------
Slack (MET) :             0.045ns  (required time - arrival time)
  Source:                 design_1_i/mac_unit_ip_0/inst/mac_unit_ip_slave_lite_v1_0_S00_AXI_inst/slv_reg0_reg[13]/C
                            (rising edge-triggered cell FDRE clocked by clk_fpga_0  {rise@0.000ns fall@5.000ns period=10.000ns})
  Destination:            design_1_i/mac_unit_ip_0/inst/mac_unit_ip_slave_lite_v1_0_S00_AXI_inst/accumulator_reg[29]/D
                            (rising edge-triggered cell FDRE clocked by clk_fpga_0  {rise@0.000ns fall@5.000ns period=10.000ns})
  Path Group:             clk_fpga_0
  Path Type:              Setup (Max at Slow Process Corner)
  Requirement:            10.000ns  (clk_fpga_0 rise@10.000ns - clk_fpga_0 rise@0.000ns)
  Data Path Delay:        9.840ns  (logic 7.979ns (81.087%)  route 1.861ns (18.913%))
  Logic Levels:           7  (CARRY4=4 DSP48E1=2 LUT2=1)
  Clock Path Skew:        -0.023ns (DCD - SCD + CPR)
    Destination Clock Delay (DCD):    2.659ns = ( 12.659 - 10.000 ) 
    Source Clock Delay      (SCD):    2.945ns
    Clock Pessimism Removal (CPR):    0.263ns
  Clock Uncertainty:      0.154ns  ((TSJ^2 + TIJ^2)^1/2 + DJ) / 2 + PE
    Total System Jitter     (TSJ):    0.071ns
    Total Input Jitter      (TIJ):    0.300ns
    Discrete Jitter          (DJ):    0.000ns
    Phase Error              (PE):    0.000ns

    Location             Delay type                Incr(ns)  Path(ns)    Netlist Resource(s)
  -------------------------------------------------------------------    -------------------
                         (clock clk_fpga_0 rise edge)
                                                      0.000     0.000 r  
    PS7_X0Y0             PS7                          0.000     0.000 r  design_1_i/processing_system7_0/inst/PS7_i/FCLKCLK[0]
                         net (fo=1, routed)           1.193     1.193    design_1_i/processing_system7_0/inst/FCLK_CLK_unbuffered[0]
    BUFGCTRL_X0Y16       BUFG (Prop_bufg_I_O)         0.101     1.294 r  design_1_i/processing_system7_0/inst/buffer_fclk_clk_0.FCLK_CLK_0_BUFG/O
                         net (fo=753, routed)         1.651     2.945    design_1_i/mac_unit_ip_0/inst/mac_unit_ip_slave_lite_v1_0_S00_AXI_inst/s00_axi_aclk
    SLICE_X36Y92         FDRE                                         r  design_1_i/mac_unit_ip_0/inst/mac_unit_ip_slave_lite_v1_0_S00_AXI_inst/slv_reg0_reg[13]/C
  -------------------------------------------------------------------    -------------------
    SLICE_X36Y92         FDRE (Prop_fdre_C_Q)         0.518     3.463 r  design_1_i/mac_unit_ip_0/inst/mac_unit_ip_slave_lite_v1_0_S00_AXI_inst/slv_reg0_reg[13]/Q
                         net (fo=3, routed)           0.442     3.905    design_1_i/mac_unit_ip_0/inst/mac_unit_ip_slave_lite_v1_0_S00_AXI_inst/slv_reg0[13]
    DSP48_X2Y37          DSP48E1 (Prop_dsp48e1_A[13]_PCOUT[47])
                                                      4.036     7.941 r  design_1_i/mac_unit_ip_0/inst/mac_unit_ip_slave_lite_v1_0_S00_AXI_inst/accumulator1__0/PCOUT[47]
                         net (fo=1, routed)           0.002     7.943    design_1_i/mac_unit_ip_0/inst/mac_unit_ip_slave_lite_v1_0_S00_AXI_inst/accumulator1__0_n_106
    DSP48_X2Y38          DSP48E1 (Prop_dsp48e1_PCIN[47]_P[3])
                                                      1.518     9.461 r  design_1_i/mac_unit_ip_0/inst/mac_unit_ip_slave_lite_v1_0_S00_AXI_inst/accumulator1__1/P[3]
                         net (fo=2, routed)           0.834    10.295    design_1_i/mac_unit_ip_0/inst/mac_unit_ip_slave_lite_v1_0_S00_AXI_inst/accumulator1__1_n_102
    SLICE_X36Y96         CARRY4 (Prop_carry4_DI[0]_CO[3])
                                                      0.550    10.845 r  design_1_i/mac_unit_ip_0/inst/mac_unit_ip_slave_lite_v1_0_S00_AXI_inst/accumulator1_carry__0/CO[3]
                         net (fo=1, routed)           0.000    10.845    design_1_i/mac_unit_ip_0/inst/mac_unit_ip_slave_lite_v1_0_S00_AXI_inst/accumulator1_carry__0_n_0
    SLICE_X36Y97         CARRY4 (Prop_carry4_CI_O[3])
                                                      0.315    11.160 r  design_1_i/mac_unit_ip_0/inst/mac_unit_ip_slave_lite_v1_0_S00_AXI_inst/accumulator1_carry__1/O[3]
                         net (fo=1, routed)           0.583    11.743    design_1_i/mac_unit_ip_0/inst/mac_unit_ip_slave_lite_v1_0_S00_AXI_inst/accumulator1_carry__1_n_4
    SLICE_X37Y97         LUT2 (Prop_lut2_I1_O)        0.307    12.050 r  design_1_i/mac_unit_ip_0/inst/mac_unit_ip_slave_lite_v1_0_S00_AXI_inst/i__carry__5_i_1/O
                         net (fo=1, routed)           0.000    12.050    design_1_i/mac_unit_ip_0/inst/mac_unit_ip_slave_lite_v1_0_S00_AXI_inst/i__carry__5_i_1_n_0
    SLICE_X37Y97         CARRY4 (Prop_carry4_S[3]_CO[3])
                                                      0.401    12.451 r  design_1_i/mac_unit_ip_0/inst/mac_unit_ip_slave_lite_v1_0_S00_AXI_inst/accumulator0_inferred__0/i__carry__5/CO[3]
                         net (fo=1, routed)           0.000    12.451    design_1_i/mac_unit_ip_0/inst/mac_unit_ip_slave_lite_v1_0_S00_AXI_inst/accumulator0_inferred__0/i__carry__5_n_0
    SLICE_X37Y98         CARRY4 (Prop_carry4_CI_O[1])
                                                      0.334    12.785 r  design_1_i/mac_unit_ip_0/inst/mac_unit_ip_slave_lite_v1_0_S00_AXI_inst/accumulator0_inferred__0/i__carry__6/O[1]
                         net (fo=1, routed)           0.000    12.785    design_1_i/mac_unit_ip_0/inst/mac_unit_ip_slave_lite_v1_0_S00_AXI_inst/p_0_in[29]
    SLICE_X37Y98         FDRE                                         r  design_1_i/mac_unit_ip_0/inst/mac_unit_ip_slave_lite_v1_0_S00_AXI_inst/accumulator_reg[29]/D
  -------------------------------------------------------------------    -------------------

                         (clock clk_fpga_0 rise edge)
                                                     10.000    10.000 r  
    PS7_X0Y0             PS7                          0.000    10.000 r  design_1_i/processing_system7_0/inst/PS7_i/FCLKCLK[0]
                         net (fo=1, routed)           1.088    11.088    design_1_i/processing_system7_0/inst/FCLK_CLK_unbuffered[0]
    BUFGCTRL_X0Y16       BUFG (Prop_bufg_I_O)         0.091    11.179 r  design_1_i/processing_system7_0/inst/buffer_fclk_clk_0.FCLK_CLK_0_BUFG/O
                         net (fo=753, routed)         1.480    12.659    design_1_i/mac_unit_ip_0/inst/mac_unit_ip_slave_lite_v1_0_S00_AXI_inst/s00_axi_aclk
    SLICE_X37Y98         FDRE                                         r  design_1_i/mac_unit_ip_0/inst/mac_unit_ip_slave_lite_v1_0_S00_AXI_inst/accumulator_reg[29]/C
                         clock pessimism              0.263    12.922    
                         clock uncertainty           -0.154    12.768    
    SLICE_X37Y98         FDRE (Setup_fdre_C_D)        0.062    12.830    design_1_i/mac_unit_ip_0/inst/mac_unit_ip_slave_lite_v1_0_S00_AXI_inst/accumulator_reg[29]
  -------------------------------------------------------------------
                         required time                         12.830    
                         arrival time                         -12.785    
  -------------------------------------------------------------------
                         slack                                  0.045    

Slack (MET) :             0.066ns  (required time - arrival time)
  Source:                 design_1_i/mac_unit_ip_0/inst/mac_unit_ip_slave_lite_v1_0_S00_AXI_inst/slv_reg0_reg[13]/C
                            (rising edge-triggered cell FDRE clocked by clk_fpga_0  {rise@0.000ns fall@5.000ns period=10.000ns})
  Destination:            design_1_i/mac_unit_ip_0/inst/mac_unit_ip_slave_lite_v1_0_S00_AXI_inst/accumulator_reg[31]/D
                            (rising edge-triggered cell FDRE clocked by clk_fpga_0  {rise@0.000ns fall@5.000ns period=10.000ns})
  Path Group:             clk_fpga_0
  Path Type:              Setup (Max at Slow Process Corner)
  Requirement:            10.000ns  (clk_fpga_0 rise@10.000ns - clk_fpga_0 rise@0.000ns)
  Data Path Delay:        9.819ns  (logic 7.958ns (81.047%)  route 1.861ns (18.953%))
  Logic Levels:           7  (CARRY4=4 DSP48E1=2 LUT2=1)
  Clock Path Skew:        -0.023ns (DCD - SCD + CPR)
    Destination Clock Delay (DCD):    2.659ns = ( 12.659 - 10.000 ) 
    Source Clock Delay      (SCD):    2.945ns
    Clock Pessimism Removal (CPR):    0.263ns
  Clock Uncertainty:      0.154ns  ((TSJ^2 + TIJ^2)^1/2 + DJ) / 2 + PE
    Total System Jitter     (TSJ):    0.071ns
    Total Input Jitter      (TIJ):    0.300ns
    Discrete Jitter          (DJ):    0.000ns
    Phase Error              (PE):    0.000ns

    Location             Delay type                Incr(ns)  Path(ns)    Netlist Resource(s)
  -------------------------------------------------------------------    -------------------
                         (clock clk_fpga_0 rise edge)
                                                      0.000     0.000 r  
    PS7_X0Y0             PS7                          0.000     0.000 r  design_1_i/processing_system7_0/inst/PS7_i/FCLKCLK[0]
                         net (fo=1, routed)           1.193     1.193    design_1_i/processing_system7_0/inst/FCLK_CLK_unbuffered[0]
    BUFGCTRL_X0Y16       BUFG (Prop_bufg_I_O)         0.101     1.294 r  design_1_i/processing_system7_0/inst/buffer_fclk_clk_0.FCLK_CLK_0_BUFG/O
                         net (fo=753, routed)         1.651     2.945    design_1_i/mac_unit_ip_0/inst/mac_unit_ip_slave_lite_v1_0_S00_AXI_inst/s00_axi_aclk
    SLICE_X36Y92         FDRE                                         r  design_1_i/mac_unit_ip_0/inst/mac_unit_ip_slave_lite_v1_0_S00_AXI_inst/slv_reg0_reg[13]/C
  -------------------------------------------------------------------    -------------------
    SLICE_X36Y92         FDRE (Prop_fdre_C_Q)         0.518     3.463 r  design_1_i/mac_unit_ip_0/inst/mac_unit_ip_slave_lite_v1_0_S00_AXI_inst/slv_reg0_reg[13]/Q
                         net (fo=3, routed)           0.442     3.905    design_1_i/mac_unit_ip_0/inst/mac_unit_ip_slave_lite_v1_0_S00_AXI_inst/slv_reg0[13]
    DSP48_X2Y37          DSP48E1 (Prop_dsp48e1_A[13]_PCOUT[47])
                                                      4.036     7.941 r  design_1_i/mac_unit_ip_0/inst/mac_unit_ip_slave_lite_v1_0_S00_AXI_inst/accumulator1__0/PCOUT[47]
                         net (fo=1, routed)           0.002     7.943    design_1_i/mac_unit_ip_0/inst/mac_unit_ip_slave_lite_v1_0_S00_AXI_inst/accumulator1__0_n_106
    DSP48_X2Y38          DSP48E1 (Prop_dsp48e1_PCIN[47]_P[3])
                                                      1.518     9.461 r  design_1_i/mac_unit_ip_0/inst/mac_unit_ip_slave_lite_v1_0_S00_AXI_inst/accumulator1__1/P[3]
                         net (fo=2, routed)           0.834    10.295    design_1_i/mac_unit_ip_0/inst/mac_unit_ip_slave_lite_v1_0_S00_AXI_inst/accumulator1__1_n_102
    SLICE_X36Y96         CARRY4 (Prop_carry4_DI[0]_CO[3])
                                                      0.550    10.845 r  design_1_i/mac_unit_ip_0/inst/mac_unit_ip_slave_lite_v1_0_S00_AXI_inst/accumulator1_carry__0/CO[3]
                         net (fo=1, routed)           0.000    10.845    design_1_i/mac_unit_ip_0/inst/mac_unit_ip_slave_lite_v1_0_S00_AXI_inst/accumulator1_carry__0_n_0
    SLICE_X36Y97         CARRY4 (Prop_carry4_CI_O[3])
                                                      0.315    11.160 r  design_1_i/mac_unit_ip_0/inst/mac_unit_ip_slave_lite_v1_0_S00_AXI_inst/accumulator1_carry__1/O[3]
                         net (fo=1, routed)           0.583    11.743    design_1_i/mac_unit_ip_0/inst/mac_unit_ip_slave_lite_v1_0_S00_AXI_inst/accumulator1_carry__1_n_4
    SLICE_X37Y97         LUT2 (Prop_lut2_I1_O)        0.307    12.050 r  design_1_i/mac_unit_ip_0/inst/mac_unit_ip_slave_lite_v1_0_S00_AXI_inst/i__carry__5_i_1/O
                         net (fo=1, routed)           0.000    12.050    design_1_i/mac_unit_ip_0/inst/mac_unit_ip_slave_lite_v1_0_S00_AXI_inst/i__carry__5_i_1_n_0
    SLICE_X37Y97         CARRY4 (Prop_carry4_S[3]_CO[3])
                                                      0.401    12.451 r  design_1_i/mac_unit_ip_0/inst/mac_unit_ip_slave_lite_v1_0_S00_AXI_inst/accumulator0_inferred__0/i__carry__5/CO[3]
                         net (fo=1, routed)           0.000    12.451    design_1_i/mac_unit_ip_0/inst/mac_unit_ip_slave_lite_v1_0_S00_AXI_inst/accumulator0_inferred__0/i__carry__5_n_0
    SLICE_X37Y98         CARRY4 (Prop_carry4_CI_O[3])
                                                      0.313    12.764 r  design_1_i/mac_unit_ip_0/inst/mac_unit_ip_slave_lite_v1_0_S00_AXI_inst/accumulator0_inferred__0/i__carry__6/O[3]
                         net (fo=1, routed)           0.000    12.764    design_1_i/mac_unit_ip_0/inst/mac_unit_ip_slave_lite_v1_0_S00_AXI_inst/p_0_in[31]
    SLICE_X37Y98         FDRE                                         r  design_1_i/mac_unit_ip_0/inst/mac_unit_ip_slave_lite_v1_0_S00_AXI_inst/accumulator_reg[31]/D
  -------------------------------------------------------------------    -------------------

                         (clock clk_fpga_0 rise edge)
                                                     10.000    10.000 r  
    PS7_X0Y0             PS7                          0.000    10.000 r  design_1_i/processing_system7_0/inst/PS7_i/FCLKCLK[0]
                         net (fo=1, routed)           1.088    11.088    design_1_i/processing_system7_0/inst/FCLK_CLK_unbuffered[0]
    BUFGCTRL_X0Y16       BUFG (Prop_bufg_I_O)         0.091    11.179 r  design_1_i/processing_system7_0/inst/buffer_fclk_clk_0.FCLK_CLK_0_BUFG/O
                         net (fo=753, routed)         1.480    12.659    design_1_i/mac_unit_ip_0/inst/mac_unit_ip_slave_lite_v1_0_S00_AXI_inst/s00_axi_aclk
    SLICE_X37Y98         FDRE                                         r  design_1_i/mac_unit_ip_0/inst/mac_unit_ip_slave_lite_v1_0_S00_AXI_inst/accumulator_reg[31]/C
                         clock pessimism              0.263    12.922    
                         clock uncertainty           -0.154    12.768    
    SLICE_X37Y98         FDRE (Setup_fdre_C_D)        0.062    12.830    design_1_i/mac_unit_ip_0/inst/mac_unit_ip_slave_lite_v1_0_S00_AXI_inst/accumulator_reg[31]
  -------------------------------------------------------------------
                         required time                         12.830    
                         arrival time                         -12.764    
  -------------------------------------------------------------------
                         slack                                  0.066    

Slack (MET) :             0.140ns  (required time - arrival time)
  Source:                 design_1_i/mac_unit_ip_0/inst/mac_unit_ip_slave_lite_v1_0_S00_AXI_inst/slv_reg0_reg[13]/C
                            (rising edge-triggered cell FDRE clocked by clk_fpga_0  {rise@0.000ns fall@5.000ns period=10.000ns})
  Destination:            design_1_i/mac_unit_ip_0/inst/mac_unit_ip_slave_lite_v1_0_S00_AXI_inst/accumulator_reg[30]/D
                            (rising edge-triggered cell FDRE clocked by clk_fpga_0  {rise@0.000ns fall@5.000ns period=10.000ns})
  Path Group:             clk_fpga_0
  Path Type:              Setup (Max at Slow Process Corner)
  Requirement:            10.000ns  (clk_fpga_0 rise@10.000ns - clk_fpga_0 rise@0.000ns)
  Data Path Delay:        9.745ns  (logic 7.884ns (80.903%)  route 1.861ns (19.097%))
  Logic Levels:           7  (CARRY4=4 DSP48E1=2 LUT2=1)
  Clock Path Skew:        -0.023ns (DCD - SCD + CPR)
    Destination Clock Delay (DCD):    2.659ns = ( 12.659 - 10.000 ) 
    Source Clock Delay      (SCD):    2.945ns
    Clock Pessimism Removal (CPR):    0.263ns
  Clock Uncertainty:      0.154ns  ((TSJ^2 + TIJ^2)^1/2 + DJ) / 2 + PE
    Total System Jitter     (TSJ):    0.071ns
    Total Input Jitter      (TIJ):    0.300ns
    Discrete Jitter          (DJ):    0.000ns
    Phase Error              (PE):    0.000ns

    Location             Delay type                Incr(ns)  Path(ns)    Netlist Resource(s)
  -------------------------------------------------------------------    -------------------
                         (clock clk_fpga_0 rise edge)
                                                      0.000     0.000 r  
    PS7_X0Y0             PS7                          0.000     0.000 r  design_1_i/processing_system7_0/inst/PS7_i/FCLKCLK[0]
                         net (fo=1, routed)           1.193     1.193    design_1_i/processing_system7_0/inst/FCLK_CLK_unbuffered[0]
    BUFGCTRL_X0Y16       BUFG (Prop_bufg_I_O)         0.101     1.294 r  design_1_i/processing_system7_0/inst/buffer_fclk_clk_0.FCLK_CLK_0_BUFG/O
                         net (fo=753, routed)         1.651     2.945    design_1_i/mac_unit_ip_0/inst/mac_unit_ip_slave_lite_v1_0_S00_AXI_inst/s00_axi_aclk
    SLICE_X36Y92         FDRE                                         r  design_1_i/mac_unit_ip_0/inst/mac_unit_ip_slave_lite_v1_0_S00_AXI_inst/slv_reg0_reg[13]/C
  -------------------------------------------------------------------    -------------------
    SLICE_X36Y92         FDRE (Prop_fdre_C_Q)         0.518     3.463 r  design_1_i/mac_unit_ip_0/inst/mac_unit_ip_slave_lite_v1_0_S00_AXI_inst/slv_reg0_reg[13]/Q
                         net (fo=3, routed)           0.442     3.905    design_1_i/mac_unit_ip_0/inst/mac_unit_ip_slave_lite_v1_0_S00_AXI_inst/slv_reg0[13]
    DSP48_X2Y37          DSP48E1 (Prop_dsp48e1_A[13]_PCOUT[47])
                                                      4.036     7.941 r  design_1_i/mac_unit_ip_0/inst/mac_unit_ip_slave_lite_v1_0_S00_AXI_inst/accumulator1__0/PCOUT[47]
                         net (fo=1, routed)           0.002     7.943    design_1_i/mac_unit_ip_0/inst/mac_unit_ip_slave_lite_v1_0_S00_AXI_inst/accumulator1__0_n_106
    DSP48_X2Y38          DSP48E1 (Prop_dsp48e1_PCIN[47]_P[3])
                                                      1.518     9.461 r  design_1_i/mac_unit_ip_0/inst/mac_unit_ip_slave_lite_v1_0_S00_AXI_inst/accumulator1__1/P[3]
                         net (fo=2, routed)           0.834    10.295    design_1_i/mac_unit_ip_0/inst/mac_unit_ip_slave_lite_v1_0_S00_AXI_inst/accumulator1__1_n_102
    SLICE_X36Y96         CARRY4 (Prop_carry4_DI[0]_CO[3])
                                                      0.550    10.845 r  design_1_i/mac_unit_ip_0/inst/mac_unit_ip_slave_lite_v1_0_S00_AXI_inst/accumulator1_carry__0/CO[3]
                         net (fo=1, routed)           0.000    10.845    design_1_i/mac_unit_ip_0/inst/mac_unit_ip_slave_lite_v1_0_S00_AXI_inst/accumulator1_carry__0_n_0
    SLICE_X36Y97         CARRY4 (Prop_carry4_CI_O[3])
                                                      0.315    11.160 r  design_1_i/mac_unit_ip_0/inst/mac_unit_ip_slave_lite_v1_0_S00_AXI_inst/accumulator1_carry__1/O[3]
                         net (fo=1, routed)           0.583    11.743    design_1_i/mac_unit_ip_0/inst/mac_unit_ip_slave_lite_v1_0_S00_AXI_inst/accumulator1_carry__1_n_4
    SLICE_X37Y97         LUT2 (Prop_lut2_I1_O)        0.307    12.050 r  design_1_i/mac_unit_ip_0/inst/mac_unit_ip_slave_lite_v1_0_S00_AXI_inst/i__carry__5_i_1/O
                         net (fo=1, routed)           0.000    12.050    design_1_i/mac_unit_ip_0/inst/mac_unit_ip_slave_lite_v1_0_S00_AXI_inst/i__carry__5_i_1_n_0
    SLICE_X37Y97         CARRY4 (Prop_carry4_S[3]_CO[3])
                                                      0.401    12.451 r  design_1_i/mac_unit_ip_0/inst/mac_unit_ip_slave_lite_v1_0_S00_AXI_inst/accumulator0_inferred__0/i__carry__5/CO[3]
                         net (fo=1, routed)           0.000    12.451    design_1_i/mac_unit_ip_0/inst/mac_unit_ip_slave_lite_v1_0_S00_AXI_inst/accumulator0_inferred__0/i__carry__5_n_0
    SLICE_X37Y98         CARRY4 (Prop_carry4_CI_O[2])
                                                      0.239    12.690 r  design_1_i/mac_unit_ip_0/inst/mac_unit_ip_slave_lite_v1_0_S00_AXI_inst/accumulator0_inferred__0/i__carry__6/O[2]
                         net (fo=1, routed)           0.000    12.690    design_1_i/mac_unit_ip_0/inst/mac_unit_ip_slave_lite_v1_0_S00_AXI_inst/p_0_in[30]
    SLICE_X37Y98         FDRE                                         r  design_1_i/mac_unit_ip_0/inst/mac_unit_ip_slave_lite_v1_0_S00_AXI_inst/accumulator_reg[30]/D
  -------------------------------------------------------------------    -------------------

                         (clock clk_fpga_0 rise edge)
                                                     10.000    10.000 r  
    PS7_X0Y0             PS7                          0.000    10.000 r  design_1_i/processing_system7_0/inst/PS7_i/FCLKCLK[0]
                         net (fo=1, routed)           1.088    11.088    design_1_i/processing_system7_0/inst/FCLK_CLK_unbuffered[0]
    BUFGCTRL_X0Y16       BUFG (Prop_bufg_I_O)         0.091    11.179 r  design_1_i/processing_system7_0/inst/buffer_fclk_clk_0.FCLK_CLK_0_BUFG/O
                         net (fo=753, routed)         1.480    12.659    design_1_i/mac_unit_ip_0/inst/mac_unit_ip_slave_lite_v1_0_S00_AXI_inst/s00_axi_aclk
    SLICE_X37Y98         FDRE                                         r  design_1_i/mac_unit_ip_0/inst/mac_unit_ip_slave_lite_v1_0_S00_AXI_inst/accumulator_reg[30]/C
                         clock pessimism              0.263    12.922    
                         clock uncertainty           -0.154    12.768    
    SLICE_X37Y98         FDRE (Setup_fdre_C_D)        0.062    12.830    design_1_i/mac_unit_ip_0/inst/mac_unit_ip_slave_lite_v1_0_S00_AXI_inst/accumulator_reg[30]
  -------------------------------------------------------------------
                         required time                         12.830    
                         arrival time                         -12.690    
  -------------------------------------------------------------------
                         slack                                  0.140    

Slack (MET) :             0.156ns  (required time - arrival time)
  Source:                 design_1_i/mac_unit_ip_0/inst/mac_unit_ip_slave_lite_v1_0_S00_AXI_inst/slv_reg0_reg[13]/C
                            (rising edge-triggered cell FDRE clocked by clk_fpga_0  {rise@0.000ns fall@5.000ns period=10.000ns})
  Destination:            design_1_i/mac_unit_ip_0/inst/mac_unit_ip_slave_lite_v1_0_S00_AXI_inst/accumulator_reg[28]/D
                            (rising edge-triggered cell FDRE clocked by clk_fpga_0  {rise@0.000ns fall@5.000ns period=10.000ns})
  Path Group:             clk_fpga_0
  Path Type:              Setup (Max at Slow Process Corner)
  Requirement:            10.000ns  (clk_fpga_0 rise@10.000ns - clk_fpga_0 rise@0.000ns)
  Data Path Delay:        9.729ns  (logic 7.868ns (80.871%)  route 1.861ns (19.129%))
  Logic Levels:           7  (CARRY4=4 DSP48E1=2 LUT2=1)
  Clock Path Skew:        -0.023ns (DCD - SCD + CPR)
    Destination Clock Delay (DCD):    2.659ns = ( 12.659 - 10.000 ) 
    Source Clock Delay      (SCD):    2.945ns
    Clock Pessimism Removal (CPR):    0.263ns
  Clock Uncertainty:      0.154ns  ((TSJ^2 + TIJ^2)^1/2 + DJ) / 2 + PE
    Total System Jitter     (TSJ):    0.071ns
    Total Input Jitter      (TIJ):    0.300ns
    Discrete Jitter          (DJ):    0.000ns
    Phase Error              (PE):    0.000ns

    Location             Delay type                Incr(ns)  Path(ns)    Netlist Resource(s)
  -------------------------------------------------------------------    -------------------
                         (clock clk_fpga_0 rise edge)
                                                      0.000     0.000 r  
    PS7_X0Y0             PS7                          0.000     0.000 r  design_1_i/processing_system7_0/inst/PS7_i/FCLKCLK[0]
                         net (fo=1, routed)           1.193     1.193    design_1_i/processing_system7_0/inst/FCLK_CLK_unbuffered[0]
    BUFGCTRL_X0Y16       BUFG (Prop_bufg_I_O)         0.101     1.294 r  design_1_i/processing_system7_0/inst/buffer_fclk_clk_0.FCLK_CLK_0_BUFG/O
                         net (fo=753, routed)         1.651     2.945    design_1_i/mac_unit_ip_0/inst/mac_unit_ip_slave_lite_v1_0_S00_AXI_inst/s00_axi_aclk
    SLICE_X36Y92         FDRE                                         r  design_1_i/mac_unit_ip_0/inst/mac_unit_ip_slave_lite_v1_0_S00_AXI_inst/slv_reg0_reg[13]/C
  -------------------------------------------------------------------    -------------------
    SLICE_X36Y92         FDRE (Prop_fdre_C_Q)         0.518     3.463 r  design_1_i/mac_unit_ip_0/inst/mac_unit_ip_slave_lite_v1_0_S00_AXI_inst/slv_reg0_reg[13]/Q
                         net (fo=3, routed)           0.442     3.905    design_1_i/mac_unit_ip_0/inst/mac_unit_ip_slave_lite_v1_0_S00_AXI_inst/slv_reg0[13]
    DSP48_X2Y37          DSP48E1 (Prop_dsp48e1_A[13]_PCOUT[47])
                                                      4.036     7.941 r  design_1_i/mac_unit_ip_0/inst/mac_unit_ip_slave_lite_v1_0_S00_AXI_inst/accumulator1__0/PCOUT[47]
                         net (fo=1, routed)           0.002     7.943    design_1_i/mac_unit_ip_0/inst/mac_unit_ip_slave_lite_v1_0_S00_AXI_inst/accumulator1__0_n_106
    DSP48_X2Y38          DSP48E1 (Prop_dsp48e1_PCIN[47]_P[3])
                                                      1.518     9.461 r  design_1_i/mac_unit_ip_0/inst/mac_unit_ip_slave_lite_v1_0_S00_AXI_inst/accumulator1__1/P[3]
                         net (fo=2, routed)           0.834    10.295    design_1_i/mac_unit_ip_0/inst/mac_unit_ip_slave_lite_v1_0_S00_AXI_inst/accumulator1__1_n_102
    SLICE_X36Y96         CARRY4 (Prop_carry4_DI[0]_CO[3])
                                                      0.550    10.845 r  design_1_i/mac_unit_ip_0/inst/mac_unit_ip_slave_lite_v1_0_S00_AXI_inst/accumulator1_carry__0/CO[3]
                         net (fo=1, routed)           0.000    10.845    design_1_i/mac_unit_ip_0/inst/mac_unit_ip_slave_lite_v1_0_S00_AXI_inst/accumulator1_carry__0_n_0
    SLICE_X36Y97         CARRY4 (Prop_carry4_CI_O[3])
                                                      0.315    11.160 r  design_1_i/mac_unit_ip_0/inst/mac_unit_ip_slave_lite_v1_0_S00_AXI_inst/accumulator1_carry__1/O[3]
                         net (fo=1, routed)           0.583    11.743    design_1_i/mac_unit_ip_0/inst/mac_unit_ip_slave_lite_v1_0_S00_AXI_inst/accumulator1_carry__1_n_4
    SLICE_X37Y97         LUT2 (Prop_lut2_I1_O)        0.307    12.050 r  design_1_i/mac_unit_ip_0/inst/mac_unit_ip_slave_lite_v1_0_S00_AXI_inst/i__carry__5_i_1/O
                         net (fo=1, routed)           0.000    12.050    design_1_i/mac_unit_ip_0/inst/mac_unit_ip_slave_lite_v1_0_S00_AXI_inst/i__carry__5_i_1_n_0
    SLICE_X37Y97         CARRY4 (Prop_carry4_S[3]_CO[3])
                                                      0.401    12.451 r  design_1_i/mac_unit_ip_0/inst/mac_unit_ip_slave_lite_v1_0_S00_AXI_inst/accumulator0_inferred__0/i__carry__5/CO[3]
                         net (fo=1, routed)           0.000    12.451    design_1_i/mac_unit_ip_0/inst/mac_unit_ip_slave_lite_v1_0_S00_AXI_inst/accumulator0_inferred__0/i__carry__5_n_0
    SLICE_X37Y98         CARRY4 (Prop_carry4_CI_O[0])
                                                      0.223    12.674 r  design_1_i/mac_unit_ip_0/inst/mac_unit_ip_slave_lite_v1_0_S00_AXI_inst/accumulator0_inferred__0/i__carry__6/O[0]
                         net (fo=1, routed)           0.000    12.674    design_1_i/mac_unit_ip_0/inst/mac_unit_ip_slave_lite_v1_0_S00_AXI_inst/p_0_in[28]
    SLICE_X37Y98         FDRE                                         r  design_1_i/mac_unit_ip_0/inst/mac_unit_ip_slave_lite_v1_0_S00_AXI_inst/accumulator_reg[28]/D
  -------------------------------------------------------------------    -------------------

                         (clock clk_fpga_0 rise edge)
                                                     10.000    10.000 r  
    PS7_X0Y0             PS7                          0.000    10.000 r  design_1_i/processing_system7_0/inst/PS7_i/FCLKCLK[0]
                         net (fo=1, routed)           1.088    11.088    design_1_i/processing_system7_0/inst/FCLK_CLK_unbuffered[0]
    BUFGCTRL_X0Y16       BUFG (Prop_bufg_I_O)         0.091    11.179 r  design_1_i/processing_system7_0/inst/buffer_fclk_clk_0.FCLK_CLK_0_BUFG/O
                         net (fo=753, routed)         1.480    12.659    design_1_i/mac_unit_ip_0/inst/mac_unit_ip_slave_lite_v1_0_S00_AXI_inst/s00_axi_aclk
    SLICE_X37Y98         FDRE                                         r  design_1_i/mac_unit_ip_0/inst/mac_unit_ip_slave_lite_v1_0_S00_AXI_inst/accumulator_reg[28]/C
                         clock pessimism              0.263    12.922    
                         clock uncertainty           -0.154    12.768    
    SLICE_X37Y98         FDRE (Setup_fdre_C_D)        0.062    12.830    design_1_i/mac_unit_ip_0/inst/mac_unit_ip_slave_lite_v1_0_S00_AXI_inst/accumulator_reg[28]
  -------------------------------------------------------------------
                         required time                         12.830    
                         arrival time                         -12.674    
  -------------------------------------------------------------------
                         slack                                  0.156    

Slack (MET) :             0.170ns  (required time - arrival time)
  Source:                 design_1_i/mac_unit_ip_0/inst/mac_unit_ip_slave_lite_v1_0_S00_AXI_inst/slv_reg0_reg[13]/C
                            (rising edge-triggered cell FDRE clocked by clk_fpga_0  {rise@0.000ns fall@5.000ns period=10.000ns})
  Destination:            design_1_i/mac_unit_ip_0/inst/mac_unit_ip_slave_lite_v1_0_S00_AXI_inst/accumulator_reg[25]/D
                            (rising edge-triggered cell FDRE clocked by clk_fpga_0  {rise@0.000ns fall@5.000ns period=10.000ns})
  Path Group:             clk_fpga_0
  Path Type:              Setup (Max at Slow Process Corner)
  Requirement:            10.000ns  (clk_fpga_0 rise@10.000ns - clk_fpga_0 rise@0.000ns)
  Data Path Delay:        9.715ns  (logic 7.949ns (81.823%)  route 1.766ns (18.177%))
  Logic Levels:           7  (CARRY4=4 DSP48E1=2 LUT2=1)
  Clock Path Skew:        -0.023ns (DCD - SCD + CPR)
    Destination Clock Delay (DCD):    2.659ns = ( 12.659 - 10.000 ) 
    Source Clock Delay      (SCD):    2.945ns
    Clock Pessimism Removal (CPR):    0.263ns
  Clock Uncertainty:      0.154ns  ((TSJ^2 + TIJ^2)^1/2 + DJ) / 2 + PE
    Total System Jitter     (TSJ):    0.071ns
    Total Input Jitter      (TIJ):    0.300ns
    Discrete Jitter          (DJ):    0.000ns
    Phase Error              (PE):    0.000ns

    Location             Delay type                Incr(ns)  Path(ns)    Netlist Resource(s)
  -------------------------------------------------------------------    -------------------
                         (clock clk_fpga_0 rise edge)
                                                      0.000     0.000 r  
    PS7_X0Y0             PS7                          0.000     0.000 r  design_1_i/processing_system7_0/inst/PS7_i/FCLKCLK[0]
                         net (fo=1, routed)           1.193     1.193    design_1_i/processing_system7_0/inst/FCLK_CLK_unbuffered[0]
    BUFGCTRL_X0Y16       BUFG (Prop_bufg_I_O)         0.101     1.294 r  design_1_i/processing_system7_0/inst/buffer_fclk_clk_0.FCLK_CLK_0_BUFG/O
                         net (fo=753, routed)         1.651     2.945    design_1_i/mac_unit_ip_0/inst/mac_unit_ip_slave_lite_v1_0_S00_AXI_inst/s00_axi_aclk
    SLICE_X36Y92         FDRE                                         r  design_1_i/mac_unit_ip_0/inst/mac_unit_ip_slave_lite_v1_0_S00_AXI_inst/slv_reg0_reg[13]/C
  -------------------------------------------------------------------    -------------------
    SLICE_X36Y92         FDRE (Prop_fdre_C_Q)         0.518     3.463 r  design_1_i/mac_unit_ip_0/inst/mac_unit_ip_slave_lite_v1_0_S00_AXI_inst/slv_reg0_reg[13]/Q
                         net (fo=3, routed)           0.442     3.905    design_1_i/mac_unit_ip_0/inst/mac_unit_ip_slave_lite_v1_0_S00_AXI_inst/slv_reg0[13]
    DSP48_X2Y37          DSP48E1 (Prop_dsp48e1_A[13]_PCOUT[47])
                                                      4.036     7.941 r  design_1_i/mac_unit_ip_0/inst/mac_unit_ip_slave_lite_v1_0_S00_AXI_inst/accumulator1__0/PCOUT[47]
                         net (fo=1, routed)           0.002     7.943    design_1_i/mac_unit_ip_0/inst/mac_unit_ip_slave_lite_v1_0_S00_AXI_inst/accumulator1__0_n_106
    DSP48_X2Y38          DSP48E1 (Prop_dsp48e1_PCIN[47]_P[0])
                                                      1.518     9.461 r  design_1_i/mac_unit_ip_0/inst/mac_unit_ip_slave_lite_v1_0_S00_AXI_inst/accumulator1__1/P[0]
                         net (fo=2, routed)           0.739    10.200    design_1_i/mac_unit_ip_0/inst/mac_unit_ip_slave_lite_v1_0_S00_AXI_inst/accumulator1__1_n_105
    SLICE_X36Y95         CARRY4 (Prop_carry4_DI[1]_CO[3])
                                                      0.520    10.720 r  design_1_i/mac_unit_ip_0/inst/mac_unit_ip_slave_lite_v1_0_S00_AXI_inst/accumulator1_carry/CO[3]
                         net (fo=1, routed)           0.000    10.720    design_1_i/mac_unit_ip_0/inst/mac_unit_ip_slave_lite_v1_0_S00_AXI_inst/accumulator1_carry_n_0
    SLICE_X36Y96         CARRY4 (Prop_carry4_CI_O[3])
                                                      0.315    11.035 r  design_1_i/mac_unit_ip_0/inst/mac_unit_ip_slave_lite_v1_0_S00_AXI_inst/accumulator1_carry__0/O[3]
                         net (fo=1, routed)           0.583    11.618    design_1_i/mac_unit_ip_0/inst/mac_unit_ip_slave_lite_v1_0_S00_AXI_inst/accumulator1_carry__0_n_4
    SLICE_X37Y96         LUT2 (Prop_lut2_I1_O)        0.307    11.925 r  design_1_i/mac_unit_ip_0/inst/mac_unit_ip_slave_lite_v1_0_S00_AXI_inst/i__carry__4_i_1/O
                         net (fo=1, routed)           0.000    11.925    design_1_i/mac_unit_ip_0/inst/mac_unit_ip_slave_lite_v1_0_S00_AXI_inst/i__carry__4_i_1_n_0
    SLICE_X37Y96         CARRY4 (Prop_carry4_S[3]_CO[3])
                                                      0.401    12.326 r  design_1_i/mac_unit_ip_0/inst/mac_unit_ip_slave_lite_v1_0_S00_AXI_inst/accumulator0_inferred__0/i__carry__4/CO[3]
                         net (fo=1, routed)           0.000    12.326    design_1_i/mac_unit_ip_0/inst/mac_unit_ip_slave_lite_v1_0_S00_AXI_inst/accumulator0_inferred__0/i__carry__4_n_0
    SLICE_X37Y97         CARRY4 (Prop_carry4_CI_O[1])
                                                      0.334    12.660 r  design_1_i/mac_unit_ip_0/inst/mac_unit_ip_slave_lite_v1_0_S00_AXI_inst/accumulator0_inferred__0/i__carry__5/O[1]
                         net (fo=1, routed)           0.000    12.660    design_1_i/mac_unit_ip_0/inst/mac_unit_ip_slave_lite_v1_0_S00_AXI_inst/p_0_in[25]
    SLICE_X37Y97         FDRE                                         r  design_1_i/mac_unit_ip_0/inst/mac_unit_ip_slave_lite_v1_0_S00_AXI_inst/accumulator_reg[25]/D
  -------------------------------------------------------------------    -------------------

                         (clock clk_fpga_0 rise edge)
                                                     10.000    10.000 r  
    PS7_X0Y0             PS7                          0.000    10.000 r  design_1_i/processing_system7_0/inst/PS7_i/FCLKCLK[0]
                         net (fo=1, routed)           1.088    11.088    design_1_i/processing_system7_0/inst/FCLK_CLK_unbuffered[0]
    BUFGCTRL_X0Y16       BUFG (Prop_bufg_I_O)         0.091    11.179 r  design_1_i/processing_system7_0/inst/buffer_fclk_clk_0.FCLK_CLK_0_BUFG/O
                         net (fo=753, routed)         1.480    12.659    design_1_i/mac_unit_ip_0/inst/mac_unit_ip_slave_lite_v1_0_S00_AXI_inst/s00_axi_aclk
    SLICE_X37Y97         FDRE                                         r  design_1_i/mac_unit_ip_0/inst/mac_unit_ip_slave_lite_v1_0_S00_AXI_inst/accumulator_reg[25]/C
                         clock pessimism              0.263    12.922    
                         clock uncertainty           -0.154    12.768    
    SLICE_X37Y97         FDRE (Setup_fdre_C_D)        0.062    12.830    design_1_i/mac_unit_ip_0/inst/mac_unit_ip_slave_lite_v1_0_S00_AXI_inst/accumulator_reg[25]
  -------------------------------------------------------------------
                         required time                         12.830    
                         arrival time                         -12.660    
  -------------------------------------------------------------------
                         slack                                  0.170    

Slack (MET) :             0.191ns  (required time - arrival time)
  Source:                 design_1_i/mac_unit_ip_0/inst/mac_unit_ip_slave_lite_v1_0_S00_AXI_inst/slv_reg0_reg[13]/C
                            (rising edge-triggered cell FDRE clocked by clk_fpga_0  {rise@0.000ns fall@5.000ns period=10.000ns})
  Destination:            design_1_i/mac_unit_ip_0/inst/mac_unit_ip_slave_lite_v1_0_S00_AXI_inst/accumulator_reg[27]/D
                            (rising edge-triggered cell FDRE clocked by clk_fpga_0  {rise@0.000ns fall@5.000ns period=10.000ns})
  Path Group:             clk_fpga_0
  Path Type:              Setup (Max at Slow Process Corner)
  Requirement:            10.000ns  (clk_fpga_0 rise@10.000ns - clk_fpga_0 rise@0.000ns)
  Data Path Delay:        9.694ns  (logic 7.928ns (81.784%)  route 1.766ns (18.216%))
  Logic Levels:           7  (CARRY4=4 DSP48E1=2 LUT2=1)
  Clock Path Skew:        -0.023ns (DCD - SCD + CPR)
    Destination Clock Delay (DCD):    2.659ns = ( 12.659 - 10.000 ) 
    Source Clock Delay      (SCD):    2.945ns
    Clock Pessimism Removal (CPR):    0.263ns
  Clock Uncertainty:      0.154ns  ((TSJ^2 + TIJ^2)^1/2 + DJ) / 2 + PE
    Total System Jitter     (TSJ):    0.071ns
    Total Input Jitter      (TIJ):    0.300ns
    Discrete Jitter          (DJ):    0.000ns
    Phase Error              (PE):    0.000ns

    Location             Delay type                Incr(ns)  Path(ns)    Netlist Resource(s)
  -------------------------------------------------------------------    -------------------
                         (clock clk_fpga_0 rise edge)
                                                      0.000     0.000 r  
    PS7_X0Y0             PS7                          0.000     0.000 r  design_1_i/processing_system7_0/inst/PS7_i/FCLKCLK[0]
                         net (fo=1, routed)           1.193     1.193    design_1_i/processing_system7_0/inst/FCLK_CLK_unbuffered[0]
    BUFGCTRL_X0Y16       BUFG (Prop_bufg_I_O)         0.101     1.294 r  design_1_i/processing_system7_0/inst/buffer_fclk_clk_0.FCLK_CLK_0_BUFG/O
                         net (fo=753, routed)         1.651     2.945    design_1_i/mac_unit_ip_0/inst/mac_unit_ip_slave_lite_v1_0_S00_AXI_inst/s00_axi_aclk
    SLICE_X36Y92         FDRE                                         r  design_1_i/mac_unit_ip_0/inst/mac_unit_ip_slave_lite_v1_0_S00_AXI_inst/slv_reg0_reg[13]/C
  -------------------------------------------------------------------    -------------------
    SLICE_X36Y92         FDRE (Prop_fdre_C_Q)         0.518     3.463 r  design_1_i/mac_unit_ip_0/inst/mac_unit_ip_slave_lite_v1_0_S00_AXI_inst/slv_reg0_reg[13]/Q
                         net (fo=3, routed)           0.442     3.905    design_1_i/mac_unit_ip_0/inst/mac_unit_ip_slave_lite_v1_0_S00_AXI_inst/slv_reg0[13]
    DSP48_X2Y37          DSP48E1 (Prop_dsp48e1_A[13]_PCOUT[47])
                                                      4.036     7.941 r  design_1_i/mac_unit_ip_0/inst/mac_unit_ip_slave_lite_v1_0_S00_AXI_inst/accumulator1__0/PCOUT[47]
                         net (fo=1, routed)           0.002     7.943    design_1_i/mac_unit_ip_0/inst/mac_unit_ip_slave_lite_v1_0_S00_AXI_inst/accumulator1__0_n_106
    DSP48_X2Y38          DSP48E1 (Prop_dsp48e1_PCIN[47]_P[0])
                                                      1.518     9.461 r  design_1_i/mac_unit_ip_0/inst/mac_unit_ip_slave_lite_v1_0_S00_AXI_inst/accumulator1__1/P[0]
                         net (fo=2, routed)           0.739    10.200    design_1_i/mac_unit_ip_0/inst/mac_unit_ip_slave_lite_v1_0_S00_AXI_inst/accumulator1__1_n_105
    SLICE_X36Y95         CARRY4 (Prop_carry4_DI[1]_CO[3])
                                                      0.520    10.720 r  design_1_i/mac_unit_ip_0/inst/mac_unit_ip_slave_lite_v1_0_S00_AXI_inst/accumulator1_carry/CO[3]
                         net (fo=1, routed)           0.000    10.720    design_1_i/mac_unit_ip_0/inst/mac_unit_ip_slave_lite_v1_0_S00_AXI_inst/accumulator1_carry_n_0
    SLICE_X36Y96         CARRY4 (Prop_carry4_CI_O[3])
                                                      0.315    11.035 r  design_1_i/mac_unit_ip_0/inst/mac_unit_ip_slave_lite_v1_0_S00_AXI_inst/accumulator1_carry__0/O[3]
                         net (fo=1, routed)           0.583    11.618    design_1_i/mac_unit_ip_0/inst/mac_unit_ip_slave_lite_v1_0_S00_AXI_inst/accumulator1_carry__0_n_4
    SLICE_X37Y96         LUT2 (Prop_lut2_I1_O)        0.307    11.925 r  design_1_i/mac_unit_ip_0/inst/mac_unit_ip_slave_lite_v1_0_S00_AXI_inst/i__carry__4_i_1/O
                         net (fo=1, routed)           0.000    11.925    design_1_i/mac_unit_ip_0/inst/mac_unit_ip_slave_lite_v1_0_S00_AXI_inst/i__carry__4_i_1_n_0
    SLICE_X37Y96         CARRY4 (Prop_carry4_S[3]_CO[3])
                                                      0.401    12.326 r  design_1_i/mac_unit_ip_0/inst/mac_unit_ip_slave_lite_v1_0_S00_AXI_inst/accumulator0_inferred__0/i__carry__4/CO[3]
                         net (fo=1, routed)           0.000    12.326    design_1_i/mac_unit_ip_0/inst/mac_unit_ip_slave_lite_v1_0_S00_AXI_inst/accumulator0_inferred__0/i__carry__4_n_0
    SLICE_X37Y97         CARRY4 (Prop_carry4_CI_O[3])
                                                      0.313    12.639 r  design_1_i/mac_unit_ip_0/inst/mac_unit_ip_slave_lite_v1_0_S00_AXI_inst/accumulator0_inferred__0/i__carry__5/O[3]
                         net (fo=1, routed)           0.000    12.639    design_1_i/mac_unit_ip_0/inst/mac_unit_ip_slave_lite_v1_0_S00_AXI_inst/p_0_in[27]
    SLICE_X37Y97         FDRE                                         r  design_1_i/mac_unit_ip_0/inst/mac_unit_ip_slave_lite_v1_0_S00_AXI_inst/accumulator_reg[27]/D
  -------------------------------------------------------------------    -------------------

                         (clock clk_fpga_0 rise edge)
                                                     10.000    10.000 r  
    PS7_X0Y0             PS7                          0.000    10.000 r  design_1_i/processing_system7_0/inst/PS7_i/FCLKCLK[0]
                         net (fo=1, routed)           1.088    11.088    design_1_i/processing_system7_0/inst/FCLK_CLK_unbuffered[0]
    BUFGCTRL_X0Y16       BUFG (Prop_bufg_I_O)         0.091    11.179 r  design_1_i/processing_system7_0/inst/buffer_fclk_clk_0.FCLK_CLK_0_BUFG/O
                         net (fo=753, routed)         1.480    12.659    design_1_i/mac_unit_ip_0/inst/mac_unit_ip_slave_lite_v1_0_S00_AXI_inst/s00_axi_aclk
    SLICE_X37Y97         FDRE                                         r  design_1_i/mac_unit_ip_0/inst/mac_unit_ip_slave_lite_v1_0_S00_AXI_inst/accumulator_reg[27]/C
                         clock pessimism              0.263    12.922    
                         clock uncertainty           -0.154    12.768    
    SLICE_X37Y97         FDRE (Setup_fdre_C_D)        0.062    12.830    design_1_i/mac_unit_ip_0/inst/mac_unit_ip_slave_lite_v1_0_S00_AXI_inst/accumulator_reg[27]
  -------------------------------------------------------------------
                         required time                         12.830    
                         arrival time                         -12.639    
  -------------------------------------------------------------------
                         slack                                  0.191    

Slack (MET) :             0.265ns  (required time - arrival time)
  Source:                 design_1_i/mac_unit_ip_0/inst/mac_unit_ip_slave_lite_v1_0_S00_AXI_inst/slv_reg0_reg[13]/C
                            (rising edge-triggered cell FDRE clocked by clk_fpga_0  {rise@0.000ns fall@5.000ns period=10.000ns})
  Destination:            design_1_i/mac_unit_ip_0/inst/mac_unit_ip_slave_lite_v1_0_S00_AXI_inst/accumulator_reg[26]/D
                            (rising edge-triggered cell FDRE clocked by clk_fpga_0  {rise@0.000ns fall@5.000ns period=10.000ns})
  Path Group:             clk_fpga_0
  Path Type:              Setup (Max at Slow Process Corner)
  Requirement:            10.000ns  (clk_fpga_0 rise@10.000ns - clk_fpga_0 rise@0.000ns)
  Data Path Delay:        9.620ns  (logic 7.854ns (81.644%)  route 1.766ns (18.356%))
  Logic Levels:           7  (CARRY4=4 DSP48E1=2 LUT2=1)
  Clock Path Skew:        -0.023ns (DCD - SCD + CPR)
    Destination Clock Delay (DCD):    2.659ns = ( 12.659 - 10.000 ) 
    Source Clock Delay      (SCD):    2.945ns
    Clock Pessimism Removal (CPR):    0.263ns
  Clock Uncertainty:      0.154ns  ((TSJ^2 + TIJ^2)^1/2 + DJ) / 2 + PE
    Total System Jitter     (TSJ):    0.071ns
    Total Input Jitter      (TIJ):    0.300ns
    Discrete Jitter          (DJ):    0.000ns
    Phase Error              (PE):    0.000ns

    Location             Delay type                Incr(ns)  Path(ns)    Netlist Resource(s)
  -------------------------------------------------------------------    -------------------
                         (clock clk_fpga_0 rise edge)
                                                      0.000     0.000 r  
    PS7_X0Y0             PS7                          0.000     0.000 r  design_1_i/processing_system7_0/inst/PS7_i/FCLKCLK[0]
                         net (fo=1, routed)           1.193     1.193    design_1_i/processing_system7_0/inst/FCLK_CLK_unbuffered[0]
    BUFGCTRL_X0Y16       BUFG (Prop_bufg_I_O)         0.101     1.294 r  design_1_i/processing_system7_0/inst/buffer_fclk_clk_0.FCLK_CLK_0_BUFG/O
                         net (fo=753, routed)         1.651     2.945    design_1_i/mac_unit_ip_0/inst/mac_unit_ip_slave_lite_v1_0_S00_AXI_inst/s00_axi_aclk
    SLICE_X36Y92         FDRE                                         r  design_1_i/mac_unit_ip_0/inst/mac_unit_ip_slave_lite_v1_0_S00_AXI_inst/slv_reg0_reg[13]/C
  -------------------------------------------------------------------    -------------------
    SLICE_X36Y92         FDRE (Prop_fdre_C_Q)         0.518     3.463 r  design_1_i/mac_unit_ip_0/inst/mac_unit_ip_slave_lite_v1_0_S00_AXI_inst/slv_reg0_reg[13]/Q
                         net (fo=3, routed)           0.442     3.905    design_1_i/mac_unit_ip_0/inst/mac_unit_ip_slave_lite_v1_0_S00_AXI_inst/slv_reg0[13]
    DSP48_X2Y37          DSP48E1 (Prop_dsp48e1_A[13]_PCOUT[47])
                                                      4.036     7.941 r  design_1_i/mac_unit_ip_0/inst/mac_unit_ip_slave_lite_v1_0_S00_AXI_inst/accumulator1__0/PCOUT[47]
                         net (fo=1, routed)           0.002     7.943    design_1_i/mac_unit_ip_0/inst/mac_unit_ip_slave_lite_v1_0_S00_AXI_inst/accumulator1__0_n_106
    DSP48_X2Y38          DSP48E1 (Prop_dsp48e1_PCIN[47]_P[0])
                                                      1.518     9.461 r  design_1_i/mac_unit_ip_0/inst/mac_unit_ip_slave_lite_v1_0_S00_AXI_inst/accumulator1__1/P[0]
                         net (fo=2, routed)           0.739    10.200    design_1_i/mac_unit_ip_0/inst/mac_unit_ip_slave_lite_v1_0_S00_AXI_inst/accumulator1__1_n_105
    SLICE_X36Y95         CARRY4 (Prop_carry4_DI[1]_CO[3])
                                                      0.520    10.720 r  design_1_i/mac_unit_ip_0/inst/mac_unit_ip_slave_lite_v1_0_S00_AXI_inst/accumulator1_carry/CO[3]
                         net (fo=1, routed)           0.000    10.720    design_1_i/mac_unit_ip_0/inst/mac_unit_ip_slave_lite_v1_0_S00_AXI_inst/accumulator1_carry_n_0
    SLICE_X36Y96         CARRY4 (Prop_carry4_CI_O[3])
                                                      0.315    11.035 r  design_1_i/mac_unit_ip_0/inst/mac_unit_ip_slave_lite_v1_0_S00_AXI_inst/accumulator1_carry__0/O[3]
                         net (fo=1, routed)           0.583    11.618    design_1_i/mac_unit_ip_0/inst/mac_unit_ip_slave_lite_v1_0_S00_AXI_inst/accumulator1_carry__0_n_4
    SLICE_X37Y96         LUT2 (Prop_lut2_I1_O)        0.307    11.925 r  design_1_i/mac_unit_ip_0/inst/mac_unit_ip_slave_lite_v1_0_S00_AXI_inst/i__carry__4_i_1/O
                         net (fo=1, routed)           0.000    11.925    design_1_i/mac_unit_ip_0/inst/mac_unit_ip_slave_lite_v1_0_S00_AXI_inst/i__carry__4_i_1_n_0
    SLICE_X37Y96         CARRY4 (Prop_carry4_S[3]_CO[3])
                                                      0.401    12.326 r  design_1_i/mac_unit_ip_0/inst/mac_unit_ip_slave_lite_v1_0_S00_AXI_inst/accumulator0_inferred__0/i__carry__4/CO[3]
                         net (fo=1, routed)           0.000    12.326    design_1_i/mac_unit_ip_0/inst/mac_unit_ip_slave_lite_v1_0_S00_AXI_inst/accumulator0_inferred__0/i__carry__4_n_0
    SLICE_X37Y97         CARRY4 (Prop_carry4_CI_O[2])
                                                      0.239    12.565 r  design_1_i/mac_unit_ip_0/inst/mac_unit_ip_slave_lite_v1_0_S00_AXI_inst/accumulator0_inferred__0/i__carry__5/O[2]
                         net (fo=1, routed)           0.000    12.565    design_1_i/mac_unit_ip_0/inst/mac_unit_ip_slave_lite_v1_0_S00_AXI_inst/p_0_in[26]
    SLICE_X37Y97         FDRE                                         r  design_1_i/mac_unit_ip_0/inst/mac_unit_ip_slave_lite_v1_0_S00_AXI_inst/accumulator_reg[26]/D
  -------------------------------------------------------------------    -------------------

                         (clock clk_fpga_0 rise edge)
                                                     10.000    10.000 r  
    PS7_X0Y0             PS7                          0.000    10.000 r  design_1_i/processing_system7_0/inst/PS7_i/FCLKCLK[0]
                         net (fo=1, routed)           1.088    11.088    design_1_i/processing_system7_0/inst/FCLK_CLK_unbuffered[0]
    BUFGCTRL_X0Y16       BUFG (Prop_bufg_I_O)         0.091    11.179 r  design_1_i/processing_system7_0/inst/buffer_fclk_clk_0.FCLK_CLK_0_BUFG/O
                         net (fo=753, routed)         1.480    12.659    design_1_i/mac_unit_ip_0/inst/mac_unit_ip_slave_lite_v1_0_S00_AXI_inst/s00_axi_aclk
    SLICE_X37Y97         FDRE                                         r  design_1_i/mac_unit_ip_0/inst/mac_unit_ip_slave_lite_v1_0_S00_AXI_inst/accumulator_reg[26]/C
                         clock pessimism              0.263    12.922    
                         clock uncertainty           -0.154    12.768    
    SLICE_X37Y97         FDRE (Setup_fdre_C_D)        0.062    12.830    design_1_i/mac_unit_ip_0/inst/mac_unit_ip_slave_lite_v1_0_S00_AXI_inst/accumulator_reg[26]
  -------------------------------------------------------------------
                         required time                         12.830    
                         arrival time                         -12.565    
  -------------------------------------------------------------------
                         slack                                  0.265    

Slack (MET) :             0.281ns  (required time - arrival time)
  Source:                 design_1_i/mac_unit_ip_0/inst/mac_unit_ip_slave_lite_v1_0_S00_AXI_inst/slv_reg0_reg[13]/C
                            (rising edge-triggered cell FDRE clocked by clk_fpga_0  {rise@0.000ns fall@5.000ns period=10.000ns})
  Destination:            design_1_i/mac_unit_ip_0/inst/mac_unit_ip_slave_lite_v1_0_S00_AXI_inst/accumulator_reg[24]/D
                            (rising edge-triggered cell FDRE clocked by clk_fpga_0  {rise@0.000ns fall@5.000ns period=10.000ns})
  Path Group:             clk_fpga_0
  Path Type:              Setup (Max at Slow Process Corner)
  Requirement:            10.000ns  (clk_fpga_0 rise@10.000ns - clk_fpga_0 rise@0.000ns)
  Data Path Delay:        9.604ns  (logic 7.838ns (81.613%)  route 1.766ns (18.387%))
  Logic Levels:           7  (CARRY4=4 DSP48E1=2 LUT2=1)
  Clock Path Skew:        -0.023ns (DCD - SCD + CPR)
    Destination Clock Delay (DCD):    2.659ns = ( 12.659 - 10.000 ) 
    Source Clock Delay      (SCD):    2.945ns
    Clock Pessimism Removal (CPR):    0.263ns
  Clock Uncertainty:      0.154ns  ((TSJ^2 + TIJ^2)^1/2 + DJ) / 2 + PE
    Total System Jitter     (TSJ):    0.071ns
    Total Input Jitter      (TIJ):    0.300ns
    Discrete Jitter          (DJ):    0.000ns
    Phase Error              (PE):    0.000ns

    Location             Delay type                Incr(ns)  Path(ns)    Netlist Resource(s)
  -------------------------------------------------------------------    -------------------
                         (clock clk_fpga_0 rise edge)
                                                      0.000     0.000 r  
    PS7_X0Y0             PS7                          0.000     0.000 r  design_1_i/processing_system7_0/inst/PS7_i/FCLKCLK[0]
                         net (fo=1, routed)           1.193     1.193    design_1_i/processing_system7_0/inst/FCLK_CLK_unbuffered[0]
    BUFGCTRL_X0Y16       BUFG (Prop_bufg_I_O)         0.101     1.294 r  design_1_i/processing_system7_0/inst/buffer_fclk_clk_0.FCLK_CLK_0_BUFG/O
                         net (fo=753, routed)         1.651     2.945    design_1_i/mac_unit_ip_0/inst/mac_unit_ip_slave_lite_v1_0_S00_AXI_inst/s00_axi_aclk
    SLICE_X36Y92         FDRE                                         r  design_1_i/mac_unit_ip_0/inst/mac_unit_ip_slave_lite_v1_0_S00_AXI_inst/slv_reg0_reg[13]/C
  -------------------------------------------------------------------    -------------------
    SLICE_X36Y92         FDRE (Prop_fdre_C_Q)         0.518     3.463 r  design_1_i/mac_unit_ip_0/inst/mac_unit_ip_slave_lite_v1_0_S00_AXI_inst/slv_reg0_reg[13]/Q
                         net (fo=3, routed)           0.442     3.905    design_1_i/mac_unit_ip_0/inst/mac_unit_ip_slave_lite_v1_0_S00_AXI_inst/slv_reg0[13]
    DSP48_X2Y37          DSP48E1 (Prop_dsp48e1_A[13]_PCOUT[47])
                                                      4.036     7.941 r  design_1_i/mac_unit_ip_0/inst/mac_unit_ip_slave_lite_v1_0_S00_AXI_inst/accumulator1__0/PCOUT[47]
                         net (fo=1, routed)           0.002     7.943    design_1_i/mac_unit_ip_0/inst/mac_unit_ip_slave_lite_v1_0_S00_AXI_inst/accumulator1__0_n_106
    DSP48_X2Y38          DSP48E1 (Prop_dsp48e1_PCIN[47]_P[0])
                                                      1.518     9.461 r  design_1_i/mac_unit_ip_0/inst/mac_unit_ip_slave_lite_v1_0_S00_AXI_inst/accumulator1__1/P[0]
                         net (fo=2, routed)           0.739    10.200    design_1_i/mac_unit_ip_0/inst/mac_unit_ip_slave_lite_v1_0_S00_AXI_inst/accumulator1__1_n_105
    SLICE_X36Y95         CARRY4 (Prop_carry4_DI[1]_CO[3])
                                                      0.520    10.720 r  design_1_i/mac_unit_ip_0/inst/mac_unit_ip_slave_lite_v1_0_S00_AXI_inst/accumulator1_carry/CO[3]
                         net (fo=1, routed)           0.000    10.720    design_1_i/mac_unit_ip_0/inst/mac_unit_ip_slave_lite_v1_0_S00_AXI_inst/accumulator1_carry_n_0
    SLICE_X36Y96         CARRY4 (Prop_carry4_CI_O[3])
                                                      0.315    11.035 r  design_1_i/mac_unit_ip_0/inst/mac_unit_ip_slave_lite_v1_0_S00_AXI_inst/accumulator1_carry__0/O[3]
                         net (fo=1, routed)           0.583    11.618    design_1_i/mac_unit_ip_0/inst/mac_unit_ip_slave_lite_v1_0_S00_AXI_inst/accumulator1_carry__0_n_4
    SLICE_X37Y96         LUT2 (Prop_lut2_I1_O)        0.307    11.925 r  design_1_i/mac_unit_ip_0/inst/mac_unit_ip_slave_lite_v1_0_S00_AXI_inst/i__carry__4_i_1/O
                         net (fo=1, routed)           0.000    11.925    design_1_i/mac_unit_ip_0/inst/mac_unit_ip_slave_lite_v1_0_S00_AXI_inst/i__carry__4_i_1_n_0
    SLICE_X37Y96         CARRY4 (Prop_carry4_S[3]_CO[3])
                                                      0.401    12.326 r  design_1_i/mac_unit_ip_0/inst/mac_unit_ip_slave_lite_v1_0_S00_AXI_inst/accumulator0_inferred__0/i__carry__4/CO[3]
                         net (fo=1, routed)           0.000    12.326    design_1_i/mac_unit_ip_0/inst/mac_unit_ip_slave_lite_v1_0_S00_AXI_inst/accumulator0_inferred__0/i__carry__4_n_0
    SLICE_X37Y97         CARRY4 (Prop_carry4_CI_O[0])
                                                      0.223    12.549 r  design_1_i/mac_unit_ip_0/inst/mac_unit_ip_slave_lite_v1_0_S00_AXI_inst/accumulator0_inferred__0/i__carry__5/O[0]
                         net (fo=1, routed)           0.000    12.549    design_1_i/mac_unit_ip_0/inst/mac_unit_ip_slave_lite_v1_0_S00_AXI_inst/p_0_in[24]
    SLICE_X37Y97         FDRE                                         r  design_1_i/mac_unit_ip_0/inst/mac_unit_ip_slave_lite_v1_0_S00_AXI_inst/accumulator_reg[24]/D
  -------------------------------------------------------------------    -------------------

                         (clock clk_fpga_0 rise edge)
                                                     10.000    10.000 r  
    PS7_X0Y0             PS7                          0.000    10.000 r  design_1_i/processing_system7_0/inst/PS7_i/FCLKCLK[0]
                         net (fo=1, routed)           1.088    11.088    design_1_i/processing_system7_0/inst/FCLK_CLK_unbuffered[0]
    BUFGCTRL_X0Y16       BUFG (Prop_bufg_I_O)         0.091    11.179 r  design_1_i/processing_system7_0/inst/buffer_fclk_clk_0.FCLK_CLK_0_BUFG/O
                         net (fo=753, routed)         1.480    12.659    design_1_i/mac_unit_ip_0/inst/mac_unit_ip_slave_lite_v1_0_S00_AXI_inst/s00_axi_aclk
    SLICE_X37Y97         FDRE                                         r  design_1_i/mac_unit_ip_0/inst/mac_unit_ip_slave_lite_v1_0_S00_AXI_inst/accumulator_reg[24]/C
                         clock pessimism              0.263    12.922    
                         clock uncertainty           -0.154    12.768    
    SLICE_X37Y97         FDRE (Setup_fdre_C_D)        0.062    12.830    design_1_i/mac_unit_ip_0/inst/mac_unit_ip_slave_lite_v1_0_S00_AXI_inst/accumulator_reg[24]
  -------------------------------------------------------------------
                         required time                         12.830    
                         arrival time                         -12.549    
  -------------------------------------------------------------------
                         slack                                  0.281    

Slack (MET) :             0.480ns  (required time - arrival time)
  Source:                 design_1_i/mac_unit_ip_0/inst/mac_unit_ip_slave_lite_v1_0_S00_AXI_inst/slv_reg0_reg[13]/C
                            (rising edge-triggered cell FDRE clocked by clk_fpga_0  {rise@0.000ns fall@5.000ns period=10.000ns})
  Destination:            design_1_i/mac_unit_ip_0/inst/mac_unit_ip_slave_lite_v1_0_S00_AXI_inst/accumulator_reg[21]/D
                            (rising edge-triggered cell FDRE clocked by clk_fpga_0  {rise@0.000ns fall@5.000ns period=10.000ns})
  Path Group:             clk_fpga_0
  Path Type:              Setup (Max at Slow Process Corner)
  Requirement:            10.000ns  (clk_fpga_0 rise@10.000ns - clk_fpga_0 rise@0.000ns)
  Data Path Delay:        9.404ns  (logic 7.724ns (82.134%)  route 1.680ns (17.866%))
  Logic Levels:           6  (CARRY4=3 DSP48E1=2 LUT2=1)
  Clock Path Skew:        -0.024ns (DCD - SCD + CPR)
    Destination Clock Delay (DCD):    2.658ns = ( 12.658 - 10.000 ) 
    Source Clock Delay      (SCD):    2.945ns
    Clock Pessimism Removal (CPR):    0.263ns
  Clock Uncertainty:      0.154ns  ((TSJ^2 + TIJ^2)^1/2 + DJ) / 2 + PE
    Total System Jitter     (TSJ):    0.071ns
    Total Input Jitter      (TIJ):    0.300ns
    Discrete Jitter          (DJ):    0.000ns
    Phase Error              (PE):    0.000ns

    Location             Delay type                Incr(ns)  Path(ns)    Netlist Resource(s)
  -------------------------------------------------------------------    -------------------
                         (clock clk_fpga_0 rise edge)
                                                      0.000     0.000 r  
    PS7_X0Y0             PS7                          0.000     0.000 r  design_1_i/processing_system7_0/inst/PS7_i/FCLKCLK[0]
                         net (fo=1, routed)           1.193     1.193    design_1_i/processing_system7_0/inst/FCLK_CLK_unbuffered[0]
    BUFGCTRL_X0Y16       BUFG (Prop_bufg_I_O)         0.101     1.294 r  design_1_i/processing_system7_0/inst/buffer_fclk_clk_0.FCLK_CLK_0_BUFG/O
                         net (fo=753, routed)         1.651     2.945    design_1_i/mac_unit_ip_0/inst/mac_unit_ip_slave_lite_v1_0_S00_AXI_inst/s00_axi_aclk
    SLICE_X36Y92         FDRE                                         r  design_1_i/mac_unit_ip_0/inst/mac_unit_ip_slave_lite_v1_0_S00_AXI_inst/slv_reg0_reg[13]/C
  -------------------------------------------------------------------    -------------------
    SLICE_X36Y92         FDRE (Prop_fdre_C_Q)         0.518     3.463 r  design_1_i/mac_unit_ip_0/inst/mac_unit_ip_slave_lite_v1_0_S00_AXI_inst/slv_reg0_reg[13]/Q
                         net (fo=3, routed)           0.442     3.905    design_1_i/mac_unit_ip_0/inst/mac_unit_ip_slave_lite_v1_0_S00_AXI_inst/slv_reg0[13]
    DSP48_X2Y37          DSP48E1 (Prop_dsp48e1_A[13]_PCOUT[47])
                                                      4.036     7.941 r  design_1_i/mac_unit_ip_0/inst/mac_unit_ip_slave_lite_v1_0_S00_AXI_inst/accumulator1__0/PCOUT[47]
                         net (fo=1, routed)           0.002     7.943    design_1_i/mac_unit_ip_0/inst/mac_unit_ip_slave_lite_v1_0_S00_AXI_inst/accumulator1__0_n_106
    DSP48_X2Y38          DSP48E1 (Prop_dsp48e1_PCIN[47]_P[0])
                                                      1.518     9.461 r  design_1_i/mac_unit_ip_0/inst/mac_unit_ip_slave_lite_v1_0_S00_AXI_inst/accumulator1__1/P[0]
                         net (fo=2, routed)           0.739    10.200    design_1_i/mac_unit_ip_0/inst/mac_unit_ip_slave_lite_v1_0_S00_AXI_inst/accumulator1__1_n_105
    SLICE_X36Y95         CARRY4 (Prop_carry4_DI[1]_O[3])
                                                      0.610    10.810 r  design_1_i/mac_unit_ip_0/inst/mac_unit_ip_slave_lite_v1_0_S00_AXI_inst/accumulator1_carry/O[3]
                         net (fo=1, routed)           0.497    11.307    design_1_i/mac_unit_ip_0/inst/mac_unit_ip_slave_lite_v1_0_S00_AXI_inst/accumulator1_carry_n_4
    SLICE_X37Y95         LUT2 (Prop_lut2_I1_O)        0.307    11.614 r  design_1_i/mac_unit_ip_0/inst/mac_unit_ip_slave_lite_v1_0_S00_AXI_inst/i__carry__3_i_1/O
                         net (fo=1, routed)           0.000    11.614    design_1_i/mac_unit_ip_0/inst/mac_unit_ip_slave_lite_v1_0_S00_AXI_inst/i__carry__3_i_1_n_0
    SLICE_X37Y95         CARRY4 (Prop_carry4_S[3]_CO[3])
                                                      0.401    12.015 r  design_1_i/mac_unit_ip_0/inst/mac_unit_ip_slave_lite_v1_0_S00_AXI_inst/accumulator0_inferred__0/i__carry__3/CO[3]
                         net (fo=1, routed)           0.000    12.015    design_1_i/mac_unit_ip_0/inst/mac_unit_ip_slave_lite_v1_0_S00_AXI_inst/accumulator0_inferred__0/i__carry__3_n_0
    SLICE_X37Y96         CARRY4 (Prop_carry4_CI_O[1])
                                                      0.334    12.349 r  design_1_i/mac_unit_ip_0/inst/mac_unit_ip_slave_lite_v1_0_S00_AXI_inst/accumulator0_inferred__0/i__carry__4/O[1]
                         net (fo=1, routed)           0.000    12.349    design_1_i/mac_unit_ip_0/inst/mac_unit_ip_slave_lite_v1_0_S00_AXI_inst/p_0_in[21]
    SLICE_X37Y96         FDRE                                         r  design_1_i/mac_unit_ip_0/inst/mac_unit_ip_slave_lite_v1_0_S00_AXI_inst/accumulator_reg[21]/D
  -------------------------------------------------------------------    -------------------

                         (clock clk_fpga_0 rise edge)
                                                     10.000    10.000 r  
    PS7_X0Y0             PS7                          0.000    10.000 r  design_1_i/processing_system7_0/inst/PS7_i/FCLKCLK[0]
                         net (fo=1, routed)           1.088    11.088    design_1_i/processing_system7_0/inst/FCLK_CLK_unbuffered[0]
    BUFGCTRL_X0Y16       BUFG (Prop_bufg_I_O)         0.091    11.179 r  design_1_i/processing_system7_0/inst/buffer_fclk_clk_0.FCLK_CLK_0_BUFG/O
                         net (fo=753, routed)         1.479    12.658    design_1_i/mac_unit_ip_0/inst/mac_unit_ip_slave_lite_v1_0_S00_AXI_inst/s00_axi_aclk
    SLICE_X37Y96         FDRE                                         r  design_1_i/mac_unit_ip_0/inst/mac_unit_ip_slave_lite_v1_0_S00_AXI_inst/accumulator_reg[21]/C
                         clock pessimism              0.263    12.921    
                         clock uncertainty           -0.154    12.767    
    SLICE_X37Y96         FDRE (Setup_fdre_C_D)        0.062    12.829    design_1_i/mac_unit_ip_0/inst/mac_unit_ip_slave_lite_v1_0_S00_AXI_inst/accumulator_reg[21]
  -------------------------------------------------------------------
                         required time                         12.829    
                         arrival time                         -12.349    
  -------------------------------------------------------------------
                         slack                                  0.480    

Slack (MET) :             0.496ns  (required time - arrival time)
  Source:                 design_1_i/mac_unit_ip_0/inst/mac_unit_ip_slave_lite_v1_0_S00_AXI_inst/slv_reg0_reg[13]/C
                            (rising edge-triggered cell FDRE clocked by clk_fpga_0  {rise@0.000ns fall@5.000ns period=10.000ns})
  Destination:            design_1_i/mac_unit_ip_0/inst/mac_unit_ip_slave_lite_v1_0_S00_AXI_inst/accumulator_reg[23]/D
                            (rising edge-triggered cell FDRE clocked by clk_fpga_0  {rise@0.000ns fall@5.000ns period=10.000ns})
  Path Group:             clk_fpga_0
  Path Type:              Setup (Max at Slow Process Corner)
  Requirement:            10.000ns  (clk_fpga_0 rise@10.000ns - clk_fpga_0 rise@0.000ns)
  Data Path Delay:        9.388ns  (logic 7.861ns (83.735%)  route 1.527ns (16.265%))
  Logic Levels:           6  (CARRY4=3 DSP48E1=2 LUT2=1)
  Clock Path Skew:        -0.024ns (DCD - SCD + CPR)
    Destination Clock Delay (DCD):    2.658ns = ( 12.658 - 10.000 ) 
    Source Clock Delay      (SCD):    2.945ns
    Clock Pessimism Removal (CPR):    0.263ns
  Clock Uncertainty:      0.154ns  ((TSJ^2 + TIJ^2)^1/2 + DJ) / 2 + PE
    Total System Jitter     (TSJ):    0.071ns
    Total Input Jitter      (TIJ):    0.300ns
    Discrete Jitter          (DJ):    0.000ns
    Phase Error              (PE):    0.000ns

    Location             Delay type                Incr(ns)  Path(ns)    Netlist Resource(s)
  -------------------------------------------------------------------    -------------------
                         (clock clk_fpga_0 rise edge)
                                                      0.000     0.000 r  
    PS7_X0Y0             PS7                          0.000     0.000 r  design_1_i/processing_system7_0/inst/PS7_i/FCLKCLK[0]
                         net (fo=1, routed)           1.193     1.193    design_1_i/processing_system7_0/inst/FCLK_CLK_unbuffered[0]
    BUFGCTRL_X0Y16       BUFG (Prop_bufg_I_O)         0.101     1.294 r  design_1_i/processing_system7_0/inst/buffer_fclk_clk_0.FCLK_CLK_0_BUFG/O
                         net (fo=753, routed)         1.651     2.945    design_1_i/mac_unit_ip_0/inst/mac_unit_ip_slave_lite_v1_0_S00_AXI_inst/s00_axi_aclk
    SLICE_X36Y92         FDRE                                         r  design_1_i/mac_unit_ip_0/inst/mac_unit_ip_slave_lite_v1_0_S00_AXI_inst/slv_reg0_reg[13]/C
  -------------------------------------------------------------------    -------------------
    SLICE_X36Y92         FDRE (Prop_fdre_C_Q)         0.518     3.463 r  design_1_i/mac_unit_ip_0/inst/mac_unit_ip_slave_lite_v1_0_S00_AXI_inst/slv_reg0_reg[13]/Q
                         net (fo=3, routed)           0.442     3.905    design_1_i/mac_unit_ip_0/inst/mac_unit_ip_slave_lite_v1_0_S00_AXI_inst/slv_reg0[13]
    DSP48_X2Y37          DSP48E1 (Prop_dsp48e1_A[13]_PCOUT[47])
                                                      4.036     7.941 r  design_1_i/mac_unit_ip_0/inst/mac_unit_ip_slave_lite_v1_0_S00_AXI_inst/accumulator1__0/PCOUT[47]
                         net (fo=1, routed)           0.002     7.943    design_1_i/mac_unit_ip_0/inst/mac_unit_ip_slave_lite_v1_0_S00_AXI_inst/accumulator1__0_n_106
    DSP48_X2Y38          DSP48E1 (Prop_dsp48e1_PCIN[47]_P[0])
                                                      1.518     9.461 r  design_1_i/mac_unit_ip_0/inst/mac_unit_ip_slave_lite_v1_0_S00_AXI_inst/accumulator1__1/P[0]
                         net (fo=2, routed)           0.739    10.200    design_1_i/mac_unit_ip_0/inst/mac_unit_ip_slave_lite_v1_0_S00_AXI_inst/accumulator1__1_n_105
    SLICE_X36Y95         CARRY4 (Prop_carry4_DI[1]_CO[3])
                                                      0.520    10.720 r  design_1_i/mac_unit_ip_0/inst/mac_unit_ip_slave_lite_v1_0_S00_AXI_inst/accumulator1_carry/CO[3]
                         net (fo=1, routed)           0.000    10.720    design_1_i/mac_unit_ip_0/inst/mac_unit_ip_slave_lite_v1_0_S00_AXI_inst/accumulator1_carry_n_0
    SLICE_X36Y96         CARRY4 (Prop_carry4_CI_O[1])
                                                      0.323    11.043 r  design_1_i/mac_unit_ip_0/inst/mac_unit_ip_slave_lite_v1_0_S00_AXI_inst/accumulator1_carry__0/O[1]
                         net (fo=1, routed)           0.344    11.387    design_1_i/mac_unit_ip_0/inst/mac_unit_ip_slave_lite_v1_0_S00_AXI_inst/accumulator1_carry__0_n_6
    SLICE_X37Y96         LUT2 (Prop_lut2_I1_O)        0.306    11.693 r  design_1_i/mac_unit_ip_0/inst/mac_unit_ip_slave_lite_v1_0_S00_AXI_inst/i__carry__4_i_3/O
                         net (fo=1, routed)           0.000    11.693    design_1_i/mac_unit_ip_0/inst/mac_unit_ip_slave_lite_v1_0_S00_AXI_inst/i__carry__4_i_3_n_0
    SLICE_X37Y96         CARRY4 (Prop_carry4_S[1]_O[3])
                                                      0.640    12.333 r  design_1_i/mac_unit_ip_0/inst/mac_unit_ip_slave_lite_v1_0_S00_AXI_inst/accumulator0_inferred__0/i__carry__4/O[3]
                         net (fo=1, routed)           0.000    12.333    design_1_i/mac_unit_ip_0/inst/mac_unit_ip_slave_lite_v1_0_S00_AXI_inst/p_0_in[23]
    SLICE_X37Y96         FDRE                                         r  design_1_i/mac_unit_ip_0/inst/mac_unit_ip_slave_lite_v1_0_S00_AXI_inst/accumulator_reg[23]/D
  -------------------------------------------------------------------    -------------------

                         (clock clk_fpga_0 rise edge)
                                                     10.000    10.000 r  
    PS7_X0Y0             PS7                          0.000    10.000 r  design_1_i/processing_system7_0/inst/PS7_i/FCLKCLK[0]
                         net (fo=1, routed)           1.088    11.088    design_1_i/processing_system7_0/inst/FCLK_CLK_unbuffered[0]
    BUFGCTRL_X0Y16       BUFG (Prop_bufg_I_O)         0.091    11.179 r  design_1_i/processing_system7_0/inst/buffer_fclk_clk_0.FCLK_CLK_0_BUFG/O
                         net (fo=753, routed)         1.479    12.658    design_1_i/mac_unit_ip_0/inst/mac_unit_ip_slave_lite_v1_0_S00_AXI_inst/s00_axi_aclk
    SLICE_X37Y96         FDRE                                         r  design_1_i/mac_unit_ip_0/inst/mac_unit_ip_slave_lite_v1_0_S00_AXI_inst/accumulator_reg[23]/C
                         clock pessimism              0.263    12.921    
                         clock uncertainty           -0.154    12.767    
    SLICE_X37Y96         FDRE (Setup_fdre_C_D)        0.062    12.829    design_1_i/mac_unit_ip_0/inst/mac_unit_ip_slave_lite_v1_0_S00_AXI_inst/accumulator_reg[23]
  -------------------------------------------------------------------
                         required time                         12.829    
                         arrival time                         -12.333    
  -------------------------------------------------------------------
                         slack                                  0.496    





Min Delay Paths
--------------------------------------------------------------------------------------
Slack (MET) :             0.087ns  (arrival time - required time)
  Source:                 design_1_i/axi_smc/inst/s00_nodes/s00_w_node/inst/inst_mi_handler/gen_normal_area.inst_fifo_node_payld/gen_reg_fifo.inst_reg_fifo/gen_single_rank.data_reg[50]/C
                            (rising edge-triggered cell FDRE clocked by clk_fpga_0  {rise@0.000ns fall@5.000ns period=10.000ns})
  Destination:            design_1_i/mac_unit_ip_0/inst/mac_unit_ip_slave_lite_v1_0_S00_AXI_inst/slv_reg2_reg[30]/D
                            (rising edge-triggered cell FDRE clocked by clk_fpga_0  {rise@0.000ns fall@5.000ns period=10.000ns})
  Path Group:             clk_fpga_0
  Path Type:              Hold (Min at Fast Process Corner)
  Requirement:            0.000ns  (clk_fpga_0 rise@0.000ns - clk_fpga_0 rise@0.000ns)
  Data Path Delay:        0.327ns  (logic 0.164ns (50.128%)  route 0.163ns (49.872%))
  Logic Levels:           0  
  Clock Path Skew:        0.180ns (DCD - SCD - CPR)
    Destination Clock Delay (DCD):    1.192ns
    Source Clock Delay      (SCD):    0.977ns
    Clock Pessimism Removal (CPR):    0.035ns

    Location             Delay type                Incr(ns)  Path(ns)    Netlist Resource(s)
  -------------------------------------------------------------------    -------------------
                         (clock clk_fpga_0 rise edge)
                                                      0.000     0.000 r  
    PS7_X0Y0             PS7                          0.000     0.000 r  design_1_i/processing_system7_0/inst/PS7_i/FCLKCLK[0]
                         net (fo=1, routed)           0.310     0.310    design_1_i/processing_system7_0/inst/FCLK_CLK_unbuffered[0]
    BUFGCTRL_X0Y16       BUFG (Prop_bufg_I_O)         0.026     0.336 r  design_1_i/processing_system7_0/inst/buffer_fclk_clk_0.FCLK_CLK_0_BUFG/O
                         net (fo=753, routed)         0.641     0.977    design_1_i/axi_smc/inst/s00_nodes/s00_w_node/inst/inst_mi_handler/gen_normal_area.inst_fifo_node_payld/gen_reg_fifo.inst_reg_fifo/s_sc_aclk
    SLICE_X34Y100        FDRE                                         r  design_1_i/axi_smc/inst/s00_nodes/s00_w_node/inst/inst_mi_handler/gen_normal_area.inst_fifo_node_payld/gen_reg_fifo.inst_reg_fifo/gen_single_rank.data_reg[50]/C
  -------------------------------------------------------------------    -------------------
    SLICE_X34Y100        FDRE (Prop_fdre_C_Q)         0.164     1.141 r  design_1_i/axi_smc/inst/s00_nodes/s00_w_node/inst/inst_mi_handler/gen_normal_area.inst_fifo_node_payld/gen_reg_fifo.inst_reg_fifo/gen_single_rank.data_reg[50]/Q
                         net (fo=3, routed)           0.163     1.304    design_1_i/mac_unit_ip_0/inst/mac_unit_ip_slave_lite_v1_0_S00_AXI_inst/s00_axi_wdata[30]
    SLICE_X34Y99         FDRE                                         r  design_1_i/mac_unit_ip_0/inst/mac_unit_ip_slave_lite_v1_0_S00_AXI_inst/slv_reg2_reg[30]/D
  -------------------------------------------------------------------    -------------------

                         (clock clk_fpga_0 rise edge)
                                                      0.000     0.000 r  
    PS7_X0Y0             PS7                          0.000     0.000 r  design_1_i/processing_system7_0/inst/PS7_i/FCLKCLK[0]
                         net (fo=1, routed)           0.337     0.337    design_1_i/processing_system7_0/inst/FCLK_CLK_unbuffered[0]
    BUFGCTRL_X0Y16       BUFG (Prop_bufg_I_O)         0.029     0.366 r  design_1_i/processing_system7_0/inst/buffer_fclk_clk_0.FCLK_CLK_0_BUFG/O
                         net (fo=753, routed)         0.826     1.192    design_1_i/mac_unit_ip_0/inst/mac_unit_ip_slave_lite_v1_0_S00_AXI_inst/s00_axi_aclk
    SLICE_X34Y99         FDRE                                         r  design_1_i/mac_unit_ip_0/inst/mac_unit_ip_slave_lite_v1_0_S00_AXI_inst/slv_reg2_reg[30]/C
                         clock pessimism             -0.035     1.157    
    SLICE_X34Y99         FDRE (Hold_fdre_C_D)         0.060     1.217    design_1_i/mac_unit_ip_0/inst/mac_unit_ip_slave_lite_v1_0_S00_AXI_inst/slv_reg2_reg[30]
  -------------------------------------------------------------------
                         required time                         -1.217    
                         arrival time                           1.304    
  -------------------------------------------------------------------
                         slack                                  0.087    

Slack (MET) :             0.106ns  (arrival time - required time)
  Source:                 design_1_i/axi_smc/inst/m00_exit_pipeline/m00_exit/inst/aresetn_d_reg[0]/C
                            (rising edge-triggered cell FDRE clocked by clk_fpga_0  {rise@0.000ns fall@5.000ns period=10.000ns})
  Destination:            design_1_i/axi_smc/inst/m00_exit_pipeline/m00_exit/inst/areset_reg/D
                            (rising edge-triggered cell FDRE clocked by clk_fpga_0  {rise@0.000ns fall@5.000ns period=10.000ns})
  Path Group:             clk_fpga_0
  Path Type:              Hold (Min at Fast Process Corner)
  Requirement:            0.000ns  (clk_fpga_0 rise@0.000ns - clk_fpga_0 rise@0.000ns)
  Data Path Delay:        0.240ns  (logic 0.186ns (77.466%)  route 0.054ns (22.534%))
  Logic Levels:           1  (LUT1=1)
  Clock Path Skew:        0.013ns (DCD - SCD - CPR)
    Destination Clock Delay (DCD):    1.276ns
    Source Clock Delay      (SCD):    0.974ns
    Clock Pessimism Removal (CPR):    0.289ns

    Location             Delay type                Incr(ns)  Path(ns)    Netlist Resource(s)
  -------------------------------------------------------------------    -------------------
                         (clock clk_fpga_0 rise edge)
                                                      0.000     0.000 r  
    PS7_X0Y0             PS7                          0.000     0.000 r  design_1_i/processing_system7_0/inst/PS7_i/FCLKCLK[0]
                         net (fo=1, routed)           0.310     0.310    design_1_i/processing_system7_0/inst/FCLK_CLK_unbuffered[0]
    BUFGCTRL_X0Y16       BUFG (Prop_bufg_I_O)         0.026     0.336 r  design_1_i/processing_system7_0/inst/buffer_fclk_clk_0.FCLK_CLK_0_BUFG/O
                         net (fo=753, routed)         0.638     0.974    design_1_i/axi_smc/inst/m00_exit_pipeline/m00_exit/inst/aclk
    SLICE_X37Y103        FDRE                                         r  design_1_i/axi_smc/inst/m00_exit_pipeline/m00_exit/inst/aresetn_d_reg[0]/C
  -------------------------------------------------------------------    -------------------
    SLICE_X37Y103        FDRE (Prop_fdre_C_Q)         0.141     1.115 f  design_1_i/axi_smc/inst/m00_exit_pipeline/m00_exit/inst/aresetn_d_reg[0]/Q
                         net (fo=1, routed)           0.054     1.169    design_1_i/axi_smc/inst/m00_exit_pipeline/m00_exit/inst/p_1_in[1]
    SLICE_X36Y103        LUT1 (Prop_lut1_I0_O)        0.045     1.214 r  design_1_i/axi_smc/inst/m00_exit_pipeline/m00_exit/inst/areset_i_1/O
                         net (fo=1, routed)           0.000     1.214    design_1_i/axi_smc/inst/m00_exit_pipeline/m00_exit/inst/areset_i_1_n_0
    SLICE_X36Y103        FDRE                                         r  design_1_i/axi_smc/inst/m00_exit_pipeline/m00_exit/inst/areset_reg/D
  -------------------------------------------------------------------    -------------------

                         (clock clk_fpga_0 rise edge)
                                                      0.000     0.000 r  
    PS7_X0Y0             PS7                          0.000     0.000 r  design_1_i/processing_system7_0/inst/PS7_i/FCLKCLK[0]
                         net (fo=1, routed)           0.337     0.337    design_1_i/processing_system7_0/inst/FCLK_CLK_unbuffered[0]
    BUFGCTRL_X0Y16       BUFG (Prop_bufg_I_O)         0.029     0.366 r  design_1_i/processing_system7_0/inst/buffer_fclk_clk_0.FCLK_CLK_0_BUFG/O
                         net (fo=753, routed)         0.910     1.276    design_1_i/axi_smc/inst/m00_exit_pipeline/m00_exit/inst/aclk
    SLICE_X36Y103        FDRE                                         r  design_1_i/axi_smc/inst/m00_exit_pipeline/m00_exit/inst/areset_reg/C
                         clock pessimism             -0.289     0.987    
    SLICE_X36Y103        FDRE (Hold_fdre_C_D)         0.121     1.108    design_1_i/axi_smc/inst/m00_exit_pipeline/m00_exit/inst/areset_reg
  -------------------------------------------------------------------
                         required time                         -1.108    
                         arrival time                           1.214    
  -------------------------------------------------------------------
                         slack                                  0.106    

Slack (MET) :             0.109ns  (arrival time - required time)
  Source:                 design_1_i/mac_unit_ip_0/inst/mac_unit_ip_slave_lite_v1_0_S00_AXI_inst/slv_reg2_reg[4]/C
                            (rising edge-triggered cell FDRE clocked by clk_fpga_0  {rise@0.000ns fall@5.000ns period=10.000ns})
  Destination:            design_1_i/axi_smc/inst/s00_nodes/s00_r_node/inst/inst_mi_handler/gen_normal_area.inst_fifo_node_payld/gen_reg_fifo.inst_reg_fifo/gen_single_rank.data_reg[23]/D
                            (rising edge-triggered cell FDRE clocked by clk_fpga_0  {rise@0.000ns fall@5.000ns period=10.000ns})
  Path Group:             clk_fpga_0
  Path Type:              Hold (Min at Fast Process Corner)
  Requirement:            0.000ns  (clk_fpga_0 rise@0.000ns - clk_fpga_0 rise@0.000ns)
  Data Path Delay:        0.242ns  (logic 0.186ns (76.827%)  route 0.056ns (23.173%))
  Logic Levels:           1  (LUT6=1)
  Clock Path Skew:        0.013ns (DCD - SCD - CPR)
    Destination Clock Delay (DCD):    1.189ns
    Source Clock Delay      (SCD):    0.891ns
    Clock Pessimism Removal (CPR):    0.285ns

    Location             Delay type                Incr(ns)  Path(ns)    Netlist Resource(s)
  -------------------------------------------------------------------    -------------------
                         (clock clk_fpga_0 rise edge)
                                                      0.000     0.000 r  
    PS7_X0Y0             PS7                          0.000     0.000 r  design_1_i/processing_system7_0/inst/PS7_i/FCLKCLK[0]
                         net (fo=1, routed)           0.310     0.310    design_1_i/processing_system7_0/inst/FCLK_CLK_unbuffered[0]
    BUFGCTRL_X0Y16       BUFG (Prop_bufg_I_O)         0.026     0.336 r  design_1_i/processing_system7_0/inst/buffer_fclk_clk_0.FCLK_CLK_0_BUFG/O
                         net (fo=753, routed)         0.555     0.891    design_1_i/mac_unit_ip_0/inst/mac_unit_ip_slave_lite_v1_0_S00_AXI_inst/s00_axi_aclk
    SLICE_X39Y92         FDRE                                         r  design_1_i/mac_unit_ip_0/inst/mac_unit_ip_slave_lite_v1_0_S00_AXI_inst/slv_reg2_reg[4]/C
  -------------------------------------------------------------------    -------------------
    SLICE_X39Y92         FDRE (Prop_fdre_C_Q)         0.141     1.032 r  design_1_i/mac_unit_ip_0/inst/mac_unit_ip_slave_lite_v1_0_S00_AXI_inst/slv_reg2_reg[4]/Q
                         net (fo=1, routed)           0.056     1.088    design_1_i/mac_unit_ip_0/inst/mac_unit_ip_slave_lite_v1_0_S00_AXI_inst/slv_reg2_reg_n_0_[4]
    SLICE_X38Y92         LUT6 (Prop_lut6_I5_O)        0.045     1.133 r  design_1_i/mac_unit_ip_0/inst/mac_unit_ip_slave_lite_v1_0_S00_AXI_inst/s00_axi_rdata[4]_INST_0/O
                         net (fo=1, routed)           0.000     1.133    design_1_i/axi_smc/inst/s00_nodes/s00_r_node/inst/inst_mi_handler/gen_normal_area.inst_fifo_node_payld/gen_reg_fifo.inst_reg_fifo/s_sc_payld[6]
    SLICE_X38Y92         FDRE                                         r  design_1_i/axi_smc/inst/s00_nodes/s00_r_node/inst/inst_mi_handler/gen_normal_area.inst_fifo_node_payld/gen_reg_fifo.inst_reg_fifo/gen_single_rank.data_reg[23]/D
  -------------------------------------------------------------------    -------------------

                         (clock clk_fpga_0 rise edge)
                                                      0.000     0.000 r  
    PS7_X0Y0             PS7                          0.000     0.000 r  design_1_i/processing_system7_0/inst/PS7_i/FCLKCLK[0]
                         net (fo=1, routed)           0.337     0.337    design_1_i/processing_system7_0/inst/FCLK_CLK_unbuffered[0]
    BUFGCTRL_X0Y16       BUFG (Prop_bufg_I_O)         0.029     0.366 r  design_1_i/processing_system7_0/inst/buffer_fclk_clk_0.FCLK_CLK_0_BUFG/O
                         net (fo=753, routed)         0.823     1.189    design_1_i/axi_smc/inst/s00_nodes/s00_r_node/inst/inst_mi_handler/gen_normal_area.inst_fifo_node_payld/gen_reg_fifo.inst_reg_fifo/s_sc_aclk
    SLICE_X38Y92         FDRE                                         r  design_1_i/axi_smc/inst/s00_nodes/s00_r_node/inst/inst_mi_handler/gen_normal_area.inst_fifo_node_payld/gen_reg_fifo.inst_reg_fifo/gen_single_rank.data_reg[23]/C
                         clock pessimism             -0.285     0.904    
    SLICE_X38Y92         FDRE (Hold_fdre_C_D)         0.120     1.024    design_1_i/axi_smc/inst/s00_nodes/s00_r_node/inst/inst_mi_handler/gen_normal_area.inst_fifo_node_payld/gen_reg_fifo.inst_reg_fifo/gen_single_rank.data_reg[23]
  -------------------------------------------------------------------
                         required time                         -1.024    
                         arrival time                           1.133    
  -------------------------------------------------------------------
                         slack                                  0.109    

Slack (MET) :             0.109ns  (arrival time - required time)
  Source:                 design_1_i/mac_unit_ip_0/inst/mac_unit_ip_slave_lite_v1_0_S00_AXI_inst/slv_reg2_reg[7]/C
                            (rising edge-triggered cell FDRE clocked by clk_fpga_0  {rise@0.000ns fall@5.000ns period=10.000ns})
  Destination:            design_1_i/axi_smc/inst/s00_nodes/s00_r_node/inst/inst_mi_handler/gen_normal_area.inst_fifo_node_payld/gen_reg_fifo.inst_reg_fifo/gen_single_rank.data_reg[26]/D
                            (rising edge-triggered cell FDRE clocked by clk_fpga_0  {rise@0.000ns fall@5.000ns period=10.000ns})
  Path Group:             clk_fpga_0
  Path Type:              Hold (Min at Fast Process Corner)
  Requirement:            0.000ns  (clk_fpga_0 rise@0.000ns - clk_fpga_0 rise@0.000ns)
  Data Path Delay:        0.242ns  (logic 0.186ns (76.827%)  route 0.056ns (23.173%))
  Logic Levels:           1  (LUT6=1)
  Clock Path Skew:        0.013ns (DCD - SCD - CPR)
    Destination Clock Delay (DCD):    1.189ns
    Source Clock Delay      (SCD):    0.891ns
    Clock Pessimism Removal (CPR):    0.285ns

    Location             Delay type                Incr(ns)  Path(ns)    Netlist Resource(s)
  -------------------------------------------------------------------    -------------------
                         (clock clk_fpga_0 rise edge)
                                                      0.000     0.000 r  
    PS7_X0Y0             PS7                          0.000     0.000 r  design_1_i/processing_system7_0/inst/PS7_i/FCLKCLK[0]
                         net (fo=1, routed)           0.310     0.310    design_1_i/processing_system7_0/inst/FCLK_CLK_unbuffered[0]
    BUFGCTRL_X0Y16       BUFG (Prop_bufg_I_O)         0.026     0.336 r  design_1_i/processing_system7_0/inst/buffer_fclk_clk_0.FCLK_CLK_0_BUFG/O
                         net (fo=753, routed)         0.555     0.891    design_1_i/mac_unit_ip_0/inst/mac_unit_ip_slave_lite_v1_0_S00_AXI_inst/s00_axi_aclk
    SLICE_X39Y91         FDRE                                         r  design_1_i/mac_unit_ip_0/inst/mac_unit_ip_slave_lite_v1_0_S00_AXI_inst/slv_reg2_reg[7]/C
  -------------------------------------------------------------------    -------------------
    SLICE_X39Y91         FDRE (Prop_fdre_C_Q)         0.141     1.032 r  design_1_i/mac_unit_ip_0/inst/mac_unit_ip_slave_lite_v1_0_S00_AXI_inst/slv_reg2_reg[7]/Q
                         net (fo=1, routed)           0.056     1.088    design_1_i/mac_unit_ip_0/inst/mac_unit_ip_slave_lite_v1_0_S00_AXI_inst/slv_reg2_reg_n_0_[7]
    SLICE_X38Y91         LUT6 (Prop_lut6_I5_O)        0.045     1.133 r  design_1_i/mac_unit_ip_0/inst/mac_unit_ip_slave_lite_v1_0_S00_AXI_inst/s00_axi_rdata[7]_INST_0/O
                         net (fo=1, routed)           0.000     1.133    design_1_i/axi_smc/inst/s00_nodes/s00_r_node/inst/inst_mi_handler/gen_normal_area.inst_fifo_node_payld/gen_reg_fifo.inst_reg_fifo/s_sc_payld[9]
    SLICE_X38Y91         FDRE                                         r  design_1_i/axi_smc/inst/s00_nodes/s00_r_node/inst/inst_mi_handler/gen_normal_area.inst_fifo_node_payld/gen_reg_fifo.inst_reg_fifo/gen_single_rank.data_reg[26]/D
  -------------------------------------------------------------------    -------------------

                         (clock clk_fpga_0 rise edge)
                                                      0.000     0.000 r  
    PS7_X0Y0             PS7                          0.000     0.000 r  design_1_i/processing_system7_0/inst/PS7_i/FCLKCLK[0]
                         net (fo=1, routed)           0.337     0.337    design_1_i/processing_system7_0/inst/FCLK_CLK_unbuffered[0]
    BUFGCTRL_X0Y16       BUFG (Prop_bufg_I_O)         0.029     0.366 r  design_1_i/processing_system7_0/inst/buffer_fclk_clk_0.FCLK_CLK_0_BUFG/O
                         net (fo=753, routed)         0.823     1.189    design_1_i/axi_smc/inst/s00_nodes/s00_r_node/inst/inst_mi_handler/gen_normal_area.inst_fifo_node_payld/gen_reg_fifo.inst_reg_fifo/s_sc_aclk
    SLICE_X38Y91         FDRE                                         r  design_1_i/axi_smc/inst/s00_nodes/s00_r_node/inst/inst_mi_handler/gen_normal_area.inst_fifo_node_payld/gen_reg_fifo.inst_reg_fifo/gen_single_rank.data_reg[26]/C
                         clock pessimism             -0.285     0.904    
    SLICE_X38Y91         FDRE (Hold_fdre_C_D)         0.120     1.024    design_1_i/axi_smc/inst/s00_nodes/s00_r_node/inst/inst_mi_handler/gen_normal_area.inst_fifo_node_payld/gen_reg_fifo.inst_reg_fifo/gen_single_rank.data_reg[26]
  -------------------------------------------------------------------
                         required time                         -1.024    
                         arrival time                           1.133    
  -------------------------------------------------------------------
                         slack                                  0.109    

Slack (MET) :             0.122ns  (arrival time - required time)
  Source:                 design_1_i/axi_smc/inst/clk_map/psr_aclk/U0/EXT_LPF/ACTIVE_LOW_EXT.ACT_LO_EXT/syncstages_ff_reg[0]/C
                            (rising edge-triggered cell FDRE clocked by clk_fpga_0  {rise@0.000ns fall@5.000ns period=10.000ns})
  Destination:            design_1_i/axi_smc/inst/clk_map/psr_aclk/U0/EXT_LPF/ACTIVE_LOW_EXT.ACT_LO_EXT/syncstages_ff_reg[1]/D
                            (rising edge-triggered cell FDRE clocked by clk_fpga_0  {rise@0.000ns fall@5.000ns period=10.000ns})
  Path Group:             clk_fpga_0
  Path Type:              Hold (Min at Fast Process Corner)
  Requirement:            0.000ns  (clk_fpga_0 rise@0.000ns - clk_fpga_0 rise@0.000ns)
  Data Path Delay:        0.197ns  (logic 0.141ns (71.611%)  route 0.056ns (28.389%))
  Logic Levels:           0  
  Clock Path Skew:        0.000ns (DCD - SCD - CPR)
    Destination Clock Delay (DCD):    1.277ns
    Source Clock Delay      (SCD):    0.976ns
    Clock Pessimism Removal (CPR):    0.301ns

    Location             Delay type                Incr(ns)  Path(ns)    Netlist Resource(s)
  -------------------------------------------------------------------    -------------------
                         (clock clk_fpga_0 rise edge)
                                                      0.000     0.000 r  
    PS7_X0Y0             PS7                          0.000     0.000 r  design_1_i/processing_system7_0/inst/PS7_i/FCLKCLK[0]
                         net (fo=1, routed)           0.310     0.310    design_1_i/processing_system7_0/inst/FCLK_CLK_unbuffered[0]
    BUFGCTRL_X0Y16       BUFG (Prop_bufg_I_O)         0.026     0.336 r  design_1_i/processing_system7_0/inst/buffer_fclk_clk_0.FCLK_CLK_0_BUFG/O
                         net (fo=753, routed)         0.640     0.976    design_1_i/axi_smc/inst/clk_map/psr_aclk/U0/EXT_LPF/ACTIVE_LOW_EXT.ACT_LO_EXT/dest_clk
    SLICE_X35Y104        FDRE                                         r  design_1_i/axi_smc/inst/clk_map/psr_aclk/U0/EXT_LPF/ACTIVE_LOW_EXT.ACT_LO_EXT/syncstages_ff_reg[0]/C
  -------------------------------------------------------------------    -------------------
    SLICE_X35Y104        FDRE (Prop_fdre_C_Q)         0.141     1.117 r  design_1_i/axi_smc/inst/clk_map/psr_aclk/U0/EXT_LPF/ACTIVE_LOW_EXT.ACT_LO_EXT/syncstages_ff_reg[0]/Q
                         net (fo=1, routed)           0.056     1.173    design_1_i/axi_smc/inst/clk_map/psr_aclk/U0/EXT_LPF/ACTIVE_LOW_EXT.ACT_LO_EXT/syncstages_ff[0]
    SLICE_X35Y104        FDRE                                         r  design_1_i/axi_smc/inst/clk_map/psr_aclk/U0/EXT_LPF/ACTIVE_LOW_EXT.ACT_LO_EXT/syncstages_ff_reg[1]/D
  -------------------------------------------------------------------    -------------------

                         (clock clk_fpga_0 rise edge)
                                                      0.000     0.000 r  
    PS7_X0Y0             PS7                          0.000     0.000 r  design_1_i/processing_system7_0/inst/PS7_i/FCLKCLK[0]
                         net (fo=1, routed)           0.337     0.337    design_1_i/processing_system7_0/inst/FCLK_CLK_unbuffered[0]
    BUFGCTRL_X0Y16       BUFG (Prop_bufg_I_O)         0.029     0.366 r  design_1_i/processing_system7_0/inst/buffer_fclk_clk_0.FCLK_CLK_0_BUFG/O
                         net (fo=753, routed)         0.911     1.277    design_1_i/axi_smc/inst/clk_map/psr_aclk/U0/EXT_LPF/ACTIVE_LOW_EXT.ACT_LO_EXT/dest_clk
    SLICE_X35Y104        FDRE                                         r  design_1_i/axi_smc/inst/clk_map/psr_aclk/U0/EXT_LPF/ACTIVE_LOW_EXT.ACT_LO_EXT/syncstages_ff_reg[1]/C
                         clock pessimism             -0.301     0.976    
    SLICE_X35Y104        FDRE (Hold_fdre_C_D)         0.075     1.051    design_1_i/axi_smc/inst/clk_map/psr_aclk/U0/EXT_LPF/ACTIVE_LOW_EXT.ACT_LO_EXT/syncstages_ff_reg[1]
  -------------------------------------------------------------------
                         required time                         -1.051    
                         arrival time                           1.173    
  -------------------------------------------------------------------
                         slack                                  0.122    

Slack (MET) :             0.122ns  (arrival time - required time)
  Source:                 design_1_i/axi_smc/inst/s00_entry_pipeline/s00_si_converter/inst/xpm_cdc_async_rst_inst/arststages_ff_reg[0]/C
                            (rising edge-triggered cell FDCE clocked by clk_fpga_0  {rise@0.000ns fall@5.000ns period=10.000ns})
  Destination:            design_1_i/axi_smc/inst/s00_entry_pipeline/s00_si_converter/inst/xpm_cdc_async_rst_inst/arststages_ff_reg[1]/D
                            (rising edge-triggered cell FDCE clocked by clk_fpga_0  {rise@0.000ns fall@5.000ns period=10.000ns})
  Path Group:             clk_fpga_0
  Path Type:              Hold (Min at Fast Process Corner)
  Requirement:            0.000ns  (clk_fpga_0 rise@0.000ns - clk_fpga_0 rise@0.000ns)
  Data Path Delay:        0.197ns  (logic 0.141ns (71.611%)  route 0.056ns (28.389%))
  Logic Levels:           0  
  Clock Path Skew:        0.000ns (DCD - SCD - CPR)
    Destination Clock Delay (DCD):    1.277ns
    Source Clock Delay      (SCD):    0.976ns
    Clock Pessimism Removal (CPR):    0.301ns

    Location             Delay type                Incr(ns)  Path(ns)    Netlist Resource(s)
  -------------------------------------------------------------------    -------------------
                         (clock clk_fpga_0 rise edge)
                                                      0.000     0.000 r  
    PS7_X0Y0             PS7                          0.000     0.000 r  design_1_i/processing_system7_0/inst/PS7_i/FCLKCLK[0]
                         net (fo=1, routed)           0.310     0.310    design_1_i/processing_system7_0/inst/FCLK_CLK_unbuffered[0]
    BUFGCTRL_X0Y16       BUFG (Prop_bufg_I_O)         0.026     0.336 r  design_1_i/processing_system7_0/inst/buffer_fclk_clk_0.FCLK_CLK_0_BUFG/O
                         net (fo=753, routed)         0.640     0.976    design_1_i/axi_smc/inst/s00_entry_pipeline/s00_si_converter/inst/xpm_cdc_async_rst_inst/dest_clk
    SLICE_X35Y106        FDCE                                         r  design_1_i/axi_smc/inst/s00_entry_pipeline/s00_si_converter/inst/xpm_cdc_async_rst_inst/arststages_ff_reg[0]/C
  -------------------------------------------------------------------    -------------------
    SLICE_X35Y106        FDCE (Prop_fdce_C_Q)         0.141     1.117 r  design_1_i/axi_smc/inst/s00_entry_pipeline/s00_si_converter/inst/xpm_cdc_async_rst_inst/arststages_ff_reg[0]/Q
                         net (fo=1, routed)           0.056     1.173    design_1_i/axi_smc/inst/s00_entry_pipeline/s00_si_converter/inst/xpm_cdc_async_rst_inst/arststages_ff[0]
    SLICE_X35Y106        FDCE                                         r  design_1_i/axi_smc/inst/s00_entry_pipeline/s00_si_converter/inst/xpm_cdc_async_rst_inst/arststages_ff_reg[1]/D
  -------------------------------------------------------------------    -------------------

                         (clock clk_fpga_0 rise edge)
                                                      0.000     0.000 r  
    PS7_X0Y0             PS7                          0.000     0.000 r  design_1_i/processing_system7_0/inst/PS7_i/FCLKCLK[0]
                         net (fo=1, routed)           0.337     0.337    design_1_i/processing_system7_0/inst/FCLK_CLK_unbuffered[0]
    BUFGCTRL_X0Y16       BUFG (Prop_bufg_I_O)         0.029     0.366 r  design_1_i/processing_system7_0/inst/buffer_fclk_clk_0.FCLK_CLK_0_BUFG/O
                         net (fo=753, routed)         0.911     1.277    design_1_i/axi_smc/inst/s00_entry_pipeline/s00_si_converter/inst/xpm_cdc_async_rst_inst/dest_clk
    SLICE_X35Y106        FDCE                                         r  design_1_i/axi_smc/inst/s00_entry_pipeline/s00_si_converter/inst/xpm_cdc_async_rst_inst/arststages_ff_reg[1]/C
                         clock pessimism             -0.301     0.976    
    SLICE_X35Y106        FDCE (Hold_fdce_C_D)         0.075     1.051    design_1_i/axi_smc/inst/s00_entry_pipeline/s00_si_converter/inst/xpm_cdc_async_rst_inst/arststages_ff_reg[1]
  -------------------------------------------------------------------
                         required time                         -1.051    
                         arrival time                           1.173    
  -------------------------------------------------------------------
                         slack                                  0.122    

Slack (MET) :             0.122ns  (arrival time - required time)
  Source:                 design_1_i/axi_smc/inst/s00_entry_pipeline/s00_transaction_regulator/inst/xpm_cdc_async_rst_inst/arststages_ff_reg[0]/C
                            (rising edge-triggered cell FDCE clocked by clk_fpga_0  {rise@0.000ns fall@5.000ns period=10.000ns})
  Destination:            design_1_i/axi_smc/inst/s00_entry_pipeline/s00_transaction_regulator/inst/xpm_cdc_async_rst_inst/arststages_ff_reg[1]/D
                            (rising edge-triggered cell FDCE clocked by clk_fpga_0  {rise@0.000ns fall@5.000ns period=10.000ns})
  Path Group:             clk_fpga_0
  Path Type:              Hold (Min at Fast Process Corner)
  Requirement:            0.000ns  (clk_fpga_0 rise@0.000ns - clk_fpga_0 rise@0.000ns)
  Data Path Delay:        0.197ns  (logic 0.141ns (71.611%)  route 0.056ns (28.389%))
  Logic Levels:           0  
  Clock Path Skew:        0.000ns (DCD - SCD - CPR)
    Destination Clock Delay (DCD):    1.278ns
    Source Clock Delay      (SCD):    0.977ns
    Clock Pessimism Removal (CPR):    0.301ns

    Location             Delay type                Incr(ns)  Path(ns)    Netlist Resource(s)
  -------------------------------------------------------------------    -------------------
                         (clock clk_fpga_0 rise edge)
                                                      0.000     0.000 r  
    PS7_X0Y0             PS7                          0.000     0.000 r  design_1_i/processing_system7_0/inst/PS7_i/FCLKCLK[0]
                         net (fo=1, routed)           0.310     0.310    design_1_i/processing_system7_0/inst/FCLK_CLK_unbuffered[0]
    BUFGCTRL_X0Y16       BUFG (Prop_bufg_I_O)         0.026     0.336 r  design_1_i/processing_system7_0/inst/buffer_fclk_clk_0.FCLK_CLK_0_BUFG/O
                         net (fo=753, routed)         0.641     0.977    design_1_i/axi_smc/inst/s00_entry_pipeline/s00_transaction_regulator/inst/xpm_cdc_async_rst_inst/dest_clk
    SLICE_X35Y100        FDCE                                         r  design_1_i/axi_smc/inst/s00_entry_pipeline/s00_transaction_regulator/inst/xpm_cdc_async_rst_inst/arststages_ff_reg[0]/C
  -------------------------------------------------------------------    -------------------
    SLICE_X35Y100        FDCE (Prop_fdce_C_Q)         0.141     1.118 r  design_1_i/axi_smc/inst/s00_entry_pipeline/s00_transaction_regulator/inst/xpm_cdc_async_rst_inst/arststages_ff_reg[0]/Q
                         net (fo=1, routed)           0.056     1.174    design_1_i/axi_smc/inst/s00_entry_pipeline/s00_transaction_regulator/inst/xpm_cdc_async_rst_inst/arststages_ff[0]
    SLICE_X35Y100        FDCE                                         r  design_1_i/axi_smc/inst/s00_entry_pipeline/s00_transaction_regulator/inst/xpm_cdc_async_rst_inst/arststages_ff_reg[1]/D
  -------------------------------------------------------------------    -------------------

                         (clock clk_fpga_0 rise edge)
                                                      0.000     0.000 r  
    PS7_X0Y0             PS7                          0.000     0.000 r  design_1_i/processing_system7_0/inst/PS7_i/FCLKCLK[0]
                         net (fo=1, routed)           0.337     0.337    design_1_i/processing_system7_0/inst/FCLK_CLK_unbuffered[0]
    BUFGCTRL_X0Y16       BUFG (Prop_bufg_I_O)         0.029     0.366 r  design_1_i/processing_system7_0/inst/buffer_fclk_clk_0.FCLK_CLK_0_BUFG/O
                         net (fo=753, routed)         0.912     1.278    design_1_i/axi_smc/inst/s00_entry_pipeline/s00_transaction_regulator/inst/xpm_cdc_async_rst_inst/dest_clk
    SLICE_X35Y100        FDCE                                         r  design_1_i/axi_smc/inst/s00_entry_pipeline/s00_transaction_regulator/inst/xpm_cdc_async_rst_inst/arststages_ff_reg[1]/C
                         clock pessimism             -0.301     0.977    
    SLICE_X35Y100        FDCE (Hold_fdce_C_D)         0.075     1.052    design_1_i/axi_smc/inst/s00_entry_pipeline/s00_transaction_regulator/inst/xpm_cdc_async_rst_inst/arststages_ff_reg[1]
  -------------------------------------------------------------------
                         required time                         -1.052    
                         arrival time                           1.174    
  -------------------------------------------------------------------
                         slack                                  0.122    

Slack (MET) :             0.122ns  (arrival time - required time)
  Source:                 design_1_i/axi_smc/inst/s00_nodes/s00_aw_node/inst/s_sc_xpm_cdc_async_rst_inst/arststages_ff_reg[0]/C
                            (rising edge-triggered cell FDCE clocked by clk_fpga_0  {rise@0.000ns fall@5.000ns period=10.000ns})
  Destination:            design_1_i/axi_smc/inst/s00_nodes/s00_aw_node/inst/s_sc_xpm_cdc_async_rst_inst/arststages_ff_reg[1]/D
                            (rising edge-triggered cell FDCE clocked by clk_fpga_0  {rise@0.000ns fall@5.000ns period=10.000ns})
  Path Group:             clk_fpga_0
  Path Type:              Hold (Min at Fast Process Corner)
  Requirement:            0.000ns  (clk_fpga_0 rise@0.000ns - clk_fpga_0 rise@0.000ns)
  Data Path Delay:        0.197ns  (logic 0.141ns (71.611%)  route 0.056ns (28.389%))
  Logic Levels:           0  
  Clock Path Skew:        0.000ns (DCD - SCD - CPR)
    Destination Clock Delay (DCD):    1.277ns
    Source Clock Delay      (SCD):    0.976ns
    Clock Pessimism Removal (CPR):    0.301ns

    Location             Delay type                Incr(ns)  Path(ns)    Netlist Resource(s)
  -------------------------------------------------------------------    -------------------
                         (clock clk_fpga_0 rise edge)
                                                      0.000     0.000 r  
    PS7_X0Y0             PS7                          0.000     0.000 r  design_1_i/processing_system7_0/inst/PS7_i/FCLKCLK[0]
                         net (fo=1, routed)           0.310     0.310    design_1_i/processing_system7_0/inst/FCLK_CLK_unbuffered[0]
    BUFGCTRL_X0Y16       BUFG (Prop_bufg_I_O)         0.026     0.336 r  design_1_i/processing_system7_0/inst/buffer_fclk_clk_0.FCLK_CLK_0_BUFG/O
                         net (fo=753, routed)         0.640     0.976    design_1_i/axi_smc/inst/s00_nodes/s00_aw_node/inst/s_sc_xpm_cdc_async_rst_inst/dest_clk
    SLICE_X35Y105        FDCE                                         r  design_1_i/axi_smc/inst/s00_nodes/s00_aw_node/inst/s_sc_xpm_cdc_async_rst_inst/arststages_ff_reg[0]/C
  -------------------------------------------------------------------    -------------------
    SLICE_X35Y105        FDCE (Prop_fdce_C_Q)         0.141     1.117 r  design_1_i/axi_smc/inst/s00_nodes/s00_aw_node/inst/s_sc_xpm_cdc_async_rst_inst/arststages_ff_reg[0]/Q
                         net (fo=1, routed)           0.056     1.173    design_1_i/axi_smc/inst/s00_nodes/s00_aw_node/inst/s_sc_xpm_cdc_async_rst_inst/arststages_ff[0]
    SLICE_X35Y105        FDCE                                         r  design_1_i/axi_smc/inst/s00_nodes/s00_aw_node/inst/s_sc_xpm_cdc_async_rst_inst/arststages_ff_reg[1]/D
  -------------------------------------------------------------------    -------------------

                         (clock clk_fpga_0 rise edge)
                                                      0.000     0.000 r  
    PS7_X0Y0             PS7                          0.000     0.000 r  design_1_i/processing_system7_0/inst/PS7_i/FCLKCLK[0]
                         net (fo=1, routed)           0.337     0.337    design_1_i/processing_system7_0/inst/FCLK_CLK_unbuffered[0]
    BUFGCTRL_X0Y16       BUFG (Prop_bufg_I_O)         0.029     0.366 r  design_1_i/processing_system7_0/inst/buffer_fclk_clk_0.FCLK_CLK_0_BUFG/O
                         net (fo=753, routed)         0.911     1.277    design_1_i/axi_smc/inst/s00_nodes/s00_aw_node/inst/s_sc_xpm_cdc_async_rst_inst/dest_clk
    SLICE_X35Y105        FDCE                                         r  design_1_i/axi_smc/inst/s00_nodes/s00_aw_node/inst/s_sc_xpm_cdc_async_rst_inst/arststages_ff_reg[1]/C
                         clock pessimism             -0.301     0.976    
    SLICE_X35Y105        FDCE (Hold_fdce_C_D)         0.075     1.051    design_1_i/axi_smc/inst/s00_nodes/s00_aw_node/inst/s_sc_xpm_cdc_async_rst_inst/arststages_ff_reg[1]
  -------------------------------------------------------------------
                         required time                         -1.051    
                         arrival time                           1.173    
  -------------------------------------------------------------------
                         slack                                  0.122    

Slack (MET) :             0.122ns  (arrival time - required time)
  Source:                 design_1_i/axi_smc/inst/s00_nodes/s00_b_node/inst/s_sc_xpm_cdc_async_rst_inst/arststages_ff_reg[0]/C
                            (rising edge-triggered cell FDCE clocked by clk_fpga_0  {rise@0.000ns fall@5.000ns period=10.000ns})
  Destination:            design_1_i/axi_smc/inst/s00_nodes/s00_b_node/inst/s_sc_xpm_cdc_async_rst_inst/arststages_ff_reg[1]/D
                            (rising edge-triggered cell FDCE clocked by clk_fpga_0  {rise@0.000ns fall@5.000ns period=10.000ns})
  Path Group:             clk_fpga_0
  Path Type:              Hold (Min at Fast Process Corner)
  Requirement:            0.000ns  (clk_fpga_0 rise@0.000ns - clk_fpga_0 rise@0.000ns)
  Data Path Delay:        0.197ns  (logic 0.141ns (71.611%)  route 0.056ns (28.389%))
  Logic Levels:           0  
  Clock Path Skew:        0.000ns (DCD - SCD - CPR)
    Destination Clock Delay (DCD):    1.276ns
    Source Clock Delay      (SCD):    0.975ns
    Clock Pessimism Removal (CPR):    0.301ns

    Location             Delay type                Incr(ns)  Path(ns)    Netlist Resource(s)
  -------------------------------------------------------------------    -------------------
                         (clock clk_fpga_0 rise edge)
                                                      0.000     0.000 r  
    PS7_X0Y0             PS7                          0.000     0.000 r  design_1_i/processing_system7_0/inst/PS7_i/FCLKCLK[0]
                         net (fo=1, routed)           0.310     0.310    design_1_i/processing_system7_0/inst/FCLK_CLK_unbuffered[0]
    BUFGCTRL_X0Y16       BUFG (Prop_bufg_I_O)         0.026     0.336 r  design_1_i/processing_system7_0/inst/buffer_fclk_clk_0.FCLK_CLK_0_BUFG/O
                         net (fo=753, routed)         0.639     0.975    design_1_i/axi_smc/inst/s00_nodes/s00_b_node/inst/s_sc_xpm_cdc_async_rst_inst/dest_clk
    SLICE_X35Y107        FDCE                                         r  design_1_i/axi_smc/inst/s00_nodes/s00_b_node/inst/s_sc_xpm_cdc_async_rst_inst/arststages_ff_reg[0]/C
  -------------------------------------------------------------------    -------------------
    SLICE_X35Y107        FDCE (Prop_fdce_C_Q)         0.141     1.116 r  design_1_i/axi_smc/inst/s00_nodes/s00_b_node/inst/s_sc_xpm_cdc_async_rst_inst/arststages_ff_reg[0]/Q
                         net (fo=1, routed)           0.056     1.172    design_1_i/axi_smc/inst/s00_nodes/s00_b_node/inst/s_sc_xpm_cdc_async_rst_inst/arststages_ff[0]
    SLICE_X35Y107        FDCE                                         r  design_1_i/axi_smc/inst/s00_nodes/s00_b_node/inst/s_sc_xpm_cdc_async_rst_inst/arststages_ff_reg[1]/D
  -------------------------------------------------------------------    -------------------

                         (clock clk_fpga_0 rise edge)
                                                      0.000     0.000 r  
    PS7_X0Y0             PS7                          0.000     0.000 r  design_1_i/processing_system7_0/inst/PS7_i/FCLKCLK[0]
                         net (fo=1, routed)           0.337     0.337    design_1_i/processing_system7_0/inst/FCLK_CLK_unbuffered[0]
    BUFGCTRL_X0Y16       BUFG (Prop_bufg_I_O)         0.029     0.366 r  design_1_i/processing_system7_0/inst/buffer_fclk_clk_0.FCLK_CLK_0_BUFG/O
                         net (fo=753, routed)         0.910     1.276    design_1_i/axi_smc/inst/s00_nodes/s00_b_node/inst/s_sc_xpm_cdc_async_rst_inst/dest_clk
    SLICE_X35Y107        FDCE                                         r  design_1_i/axi_smc/inst/s00_nodes/s00_b_node/inst/s_sc_xpm_cdc_async_rst_inst/arststages_ff_reg[1]/C
                         clock pessimism             -0.301     0.975    
    SLICE_X35Y107        FDCE (Hold_fdce_C_D)         0.075     1.050    design_1_i/axi_smc/inst/s00_nodes/s00_b_node/inst/s_sc_xpm_cdc_async_rst_inst/arststages_ff_reg[1]
  -------------------------------------------------------------------
                         required time                         -1.050    
                         arrival time                           1.172    
  -------------------------------------------------------------------
                         slack                                  0.122    

Slack (MET) :             0.122ns  (arrival time - required time)
  Source:                 design_1_i/rst_ps7_0_100M/U0/EXT_LPF/ACTIVE_LOW_AUX.ACT_LO_AUX/syncstages_ff_reg[0]/C
                            (rising edge-triggered cell FDRE clocked by clk_fpga_0  {rise@0.000ns fall@5.000ns period=10.000ns})
  Destination:            design_1_i/rst_ps7_0_100M/U0/EXT_LPF/ACTIVE_LOW_AUX.ACT_LO_AUX/syncstages_ff_reg[1]/D
                            (rising edge-triggered cell FDRE clocked by clk_fpga_0  {rise@0.000ns fall@5.000ns period=10.000ns})
  Path Group:             clk_fpga_0
  Path Type:              Hold (Min at Fast Process Corner)
  Requirement:            0.000ns  (clk_fpga_0 rise@0.000ns - clk_fpga_0 rise@0.000ns)
  Data Path Delay:        0.197ns  (logic 0.141ns (71.611%)  route 0.056ns (28.389%))
  Logic Levels:           0  
  Clock Path Skew:        0.000ns (DCD - SCD - CPR)
    Destination Clock Delay (DCD):    1.186ns
    Source Clock Delay      (SCD):    0.890ns
    Clock Pessimism Removal (CPR):    0.296ns

    Location             Delay type                Incr(ns)  Path(ns)    Netlist Resource(s)
  -------------------------------------------------------------------    -------------------
                         (clock clk_fpga_0 rise edge)
                                                      0.000     0.000 r  
    PS7_X0Y0             PS7                          0.000     0.000 r  design_1_i/processing_system7_0/inst/PS7_i/FCLKCLK[0]
                         net (fo=1, routed)           0.310     0.310    design_1_i/processing_system7_0/inst/FCLK_CLK_unbuffered[0]
    BUFGCTRL_X0Y16       BUFG (Prop_bufg_I_O)         0.026     0.336 r  design_1_i/processing_system7_0/inst/buffer_fclk_clk_0.FCLK_CLK_0_BUFG/O
                         net (fo=753, routed)         0.554     0.890    design_1_i/rst_ps7_0_100M/U0/EXT_LPF/ACTIVE_LOW_AUX.ACT_LO_AUX/dest_clk
    SLICE_X35Y85         FDRE                                         r  design_1_i/rst_ps7_0_100M/U0/EXT_LPF/ACTIVE_LOW_AUX.ACT_LO_AUX/syncstages_ff_reg[0]/C
  -------------------------------------------------------------------    -------------------
    SLICE_X35Y85         FDRE (Prop_fdre_C_Q)         0.141     1.031 r  design_1_i/rst_ps7_0_100M/U0/EXT_LPF/ACTIVE_LOW_AUX.ACT_LO_AUX/syncstages_ff_reg[0]/Q
                         net (fo=1, routed)           0.056     1.086    design_1_i/rst_ps7_0_100M/U0/EXT_LPF/ACTIVE_LOW_AUX.ACT_LO_AUX/syncstages_ff[0]
    SLICE_X35Y85         FDRE                                         r  design_1_i/rst_ps7_0_100M/U0/EXT_LPF/ACTIVE_LOW_AUX.ACT_LO_AUX/syncstages_ff_reg[1]/D
  -------------------------------------------------------------------    -------------------

                         (clock clk_fpga_0 rise edge)
                                                      0.000     0.000 r  
    PS7_X0Y0             PS7                          0.000     0.000 r  design_1_i/processing_system7_0/inst/PS7_i/FCLKCLK[0]
                         net (fo=1, routed)           0.337     0.337    design_1_i/processing_system7_0/inst/FCLK_CLK_unbuffered[0]
    BUFGCTRL_X0Y16       BUFG (Prop_bufg_I_O)         0.029     0.366 r  design_1_i/processing_system7_0/inst/buffer_fclk_clk_0.FCLK_CLK_0_BUFG/O
                         net (fo=753, routed)         0.820     1.186    design_1_i/rst_ps7_0_100M/U0/EXT_LPF/ACTIVE_LOW_AUX.ACT_LO_AUX/dest_clk
    SLICE_X35Y85         FDRE                                         r  design_1_i/rst_ps7_0_100M/U0/EXT_LPF/ACTIVE_LOW_AUX.ACT_LO_AUX/syncstages_ff_reg[1]/C
                         clock pessimism             -0.296     0.890    
    SLICE_X35Y85         FDRE (Hold_fdre_C_D)         0.075     0.965    design_1_i/rst_ps7_0_100M/U0/EXT_LPF/ACTIVE_LOW_AUX.ACT_LO_AUX/syncstages_ff_reg[1]
  -------------------------------------------------------------------
                         required time                         -0.965    
                         arrival time                           1.086    
  -------------------------------------------------------------------
                         slack                                  0.122    





Pulse Width Checks
--------------------------------------------------------------------------------------
Clock Name:         clk_fpga_0
Waveform(ns):       { 0.000 5.000 }
Period(ns):         10.000
Sources:            { design_1_i/processing_system7_0/inst/PS7_i/FCLKCLK[0] }

Check Type        Corner  Lib Pin     Reference Pin  Required(ns)  Actual(ns)  Slack(ns)  Location        Pin
Min Period        n/a     BUFG/I      n/a            2.155         10.000      7.845      BUFGCTRL_X0Y16  design_1_i/processing_system7_0/inst/buffer_fclk_clk_0.FCLK_CLK_0_BUFG/I
Min Period        n/a     FDRE/C      n/a            1.000         10.000      9.000      SLICE_X37Y106   design_1_i/axi_smc/inst/clk_map/psr_aclk/U0/ACTIVE_LOW_BSR_OUT_DFF[0].FDRE_BSR_N/C
Min Period        n/a     FDRE/C      n/a            1.000         10.000      9.000      SLICE_X34Y104   design_1_i/axi_smc/inst/clk_map/psr_aclk/U0/EXT_LPF/EXT_LPF[1].exr_lpf_reg[1]/C
Min Period        n/a     FDRE/C      n/a            1.000         10.000      9.000      SLICE_X34Y104   design_1_i/axi_smc/inst/clk_map/psr_aclk/U0/EXT_LPF/EXT_LPF[2].exr_lpf_reg[2]/C
Min Period        n/a     FDRE/C      n/a            1.000         10.000      9.000      SLICE_X34Y104   design_1_i/axi_smc/inst/clk_map/psr_aclk/U0/EXT_LPF/EXT_LPF[3].exr_lpf_reg[3]/C
Min Period        n/a     FDRE/C      n/a            1.000         10.000      9.000      SLICE_X37Y103   design_1_i/axi_smc/inst/clk_map/psr_aclk/U0/EXT_LPF/lpf_asr_reg/C
Min Period        n/a     FDRE/C      n/a            1.000         10.000      9.000      SLICE_X35Y104   design_1_i/axi_smc/inst/clk_map/psr_aclk/U0/EXT_LPF/lpf_exr_reg/C
Min Period        n/a     FDRE/C      n/a            1.000         10.000      9.000      SLICE_X36Y104   design_1_i/axi_smc/inst/clk_map/psr_aclk/U0/EXT_LPF/lpf_int_reg/C
Min Period        n/a     FDRE/C      n/a            1.000         10.000      9.000      SLICE_X36Y103   design_1_i/axi_smc/inst/clk_map/psr_aclk/U0/EXT_LPF/ACTIVE_LOW_AUX.ACT_LO_AUX/syncstages_ff_reg[0]/C
Min Period        n/a     FDRE/C      n/a            1.000         10.000      9.000      SLICE_X36Y103   design_1_i/axi_smc/inst/clk_map/psr_aclk/U0/EXT_LPF/ACTIVE_LOW_AUX.ACT_LO_AUX/syncstages_ff_reg[1]/C
Low Pulse Width   Slow    SRL16E/CLK  n/a            0.980         5.000       4.020      SLICE_X38Y104   design_1_i/axi_smc/inst/clk_map/psr_aclk/U0/EXT_LPF/POR_SRL_I/CLK
Low Pulse Width   Fast    SRL16E/CLK  n/a            0.980         5.000       4.020      SLICE_X38Y104   design_1_i/axi_smc/inst/clk_map/psr_aclk/U0/EXT_LPF/POR_SRL_I/CLK
Low Pulse Width   Slow    SRL16E/CLK  n/a            0.980         5.000       4.020      SLICE_X34Y85    design_1_i/rst_ps7_0_100M/U0/EXT_LPF/POR_SRL_I/CLK
Low Pulse Width   Fast    SRL16E/CLK  n/a            0.980         5.000       4.020      SLICE_X34Y85    design_1_i/rst_ps7_0_100M/U0/EXT_LPF/POR_SRL_I/CLK
Low Pulse Width   Slow    FDRE/C      n/a            0.500         5.000       4.500      SLICE_X37Y106   design_1_i/axi_smc/inst/clk_map/psr_aclk/U0/ACTIVE_LOW_BSR_OUT_DFF[0].FDRE_BSR_N/C
Low Pulse Width   Fast    FDRE/C      n/a            0.500         5.000       4.500      SLICE_X37Y106   design_1_i/axi_smc/inst/clk_map/psr_aclk/U0/ACTIVE_LOW_BSR_OUT_DFF[0].FDRE_BSR_N/C
Low Pulse Width   Slow    FDRE/C      n/a            0.500         5.000       4.500      SLICE_X34Y104   design_1_i/axi_smc/inst/clk_map/psr_aclk/U0/EXT_LPF/EXT_LPF[1].exr_lpf_reg[1]/C
Low Pulse Width   Fast    FDRE/C      n/a            0.500         5.000       4.500      SLICE_X34Y104   design_1_i/axi_smc/inst/clk_map/psr_aclk/U0/EXT_LPF/EXT_LPF[1].exr_lpf_reg[1]/C
Low Pulse Width   Slow    FDRE/C      n/a            0.500         5.000       4.500      SLICE_X34Y104   design_1_i/axi_smc/inst/clk_map/psr_aclk/U0/EXT_LPF/EXT_LPF[2].exr_lpf_reg[2]/C
Low Pulse Width   Fast    FDRE/C      n/a            0.500         5.000       4.500      SLICE_X34Y104   design_1_i/axi_smc/inst/clk_map/psr_aclk/U0/EXT_LPF/EXT_LPF[2].exr_lpf_reg[2]/C
High Pulse Width  Slow    SRL16E/CLK  n/a            0.980         5.000       4.020      SLICE_X38Y104   design_1_i/axi_smc/inst/clk_map/psr_aclk/U0/EXT_LPF/POR_SRL_I/CLK
High Pulse Width  Fast    SRL16E/CLK  n/a            0.980         5.000       4.020      SLICE_X38Y104   design_1_i/axi_smc/inst/clk_map/psr_aclk/U0/EXT_LPF/POR_SRL_I/CLK
High Pulse Width  Slow    SRL16E/CLK  n/a            0.980         5.000       4.020      SLICE_X34Y85    design_1_i/rst_ps7_0_100M/U0/EXT_LPF/POR_SRL_I/CLK
High Pulse Width  Fast    SRL16E/CLK  n/a            0.980         5.000       4.020      SLICE_X34Y85    design_1_i/rst_ps7_0_100M/U0/EXT_LPF/POR_SRL_I/CLK
High Pulse Width  Slow    FDRE/C      n/a            0.500         5.000       4.500      SLICE_X37Y106   design_1_i/axi_smc/inst/clk_map/psr_aclk/U0/ACTIVE_LOW_BSR_OUT_DFF[0].FDRE_BSR_N/C
High Pulse Width  Fast    FDRE/C      n/a            0.500         5.000       4.500      SLICE_X37Y106   design_1_i/axi_smc/inst/clk_map/psr_aclk/U0/ACTIVE_LOW_BSR_OUT_DFF[0].FDRE_BSR_N/C
High Pulse Width  Slow    FDRE/C      n/a            0.500         5.000       4.500      SLICE_X34Y104   design_1_i/axi_smc/inst/clk_map/psr_aclk/U0/EXT_LPF/EXT_LPF[1].exr_lpf_reg[1]/C
High Pulse Width  Fast    FDRE/C      n/a            0.500         5.000       4.500      SLICE_X34Y104   design_1_i/axi_smc/inst/clk_map/psr_aclk/U0/EXT_LPF/EXT_LPF[1].exr_lpf_reg[1]/C
High Pulse Width  Slow    FDRE/C      n/a            0.500         5.000       4.500      SLICE_X34Y104   design_1_i/axi_smc/inst/clk_map/psr_aclk/U0/EXT_LPF/EXT_LPF[2].exr_lpf_reg[2]/C
High Pulse Width  Fast    FDRE/C      n/a            0.500         5.000       4.500      SLICE_X34Y104   design_1_i/axi_smc/inst/clk_map/psr_aclk/U0/EXT_LPF/EXT_LPF[2].exr_lpf_reg[2]/C



--------------------------------------------------------------------------------------
Path Group:  (none)
From Clock:  
  To Clock:  clk_fpga_0

Max Delay             1 Endpoint
Min Delay             1 Endpoint
--------------------------------------------------------------------------------------


Max Delay Paths
--------------------------------------------------------------------------------------
Slack:                    inf
  Source:                 design_1_i/processing_system7_0/inst/PS7_i/FCLKRESETN[0]
                            (internal pin)
  Destination:            design_1_i/rst_ps7_0_100M/U0/EXT_LPF/ACTIVE_LOW_EXT.ACT_LO_EXT/syncstages_ff_reg[0]/D
                            (rising edge-triggered cell FDRE clocked by clk_fpga_0  {rise@0.000ns fall@5.000ns period=10.000ns})
  Path Group:             (none)
  Path Type:              Setup (Max at Slow Process Corner)
  Data Path Delay:        1.029ns  (logic 0.124ns (12.051%)  route 0.905ns (87.949%))
  Logic Levels:           1  (LUT1=1)
  Clock Uncertainty:      0.152ns  ((TSJ^2 + TIJ^2)^1/2 + DJ) / 2 + PE
    Total System Jitter     (TSJ):    0.050ns
    Total Input Jitter      (TIJ):    0.300ns
    Discrete Jitter          (DJ):    0.000ns
    Phase Error              (PE):    0.000ns
  Timing Exception:       False Path

    Location             Delay type                Incr(ns)  Path(ns)    Netlist Resource(s)
  -------------------------------------------------------------------    -------------------
    PS7_X0Y0             PS7                          0.000     0.000 f  design_1_i/processing_system7_0/inst/PS7_i/FCLKRESETN[0]
                         net (fo=1, routed)           0.905     0.905    design_1_i/rst_ps7_0_100M/U0/EXT_LPF/ext_reset_in
    SLICE_X32Y85         LUT1 (Prop_lut1_I0_O)        0.124     1.029 r  design_1_i/rst_ps7_0_100M/U0/EXT_LPF/ACTIVE_LOW_EXT.ACT_LO_EXT_i_1/O
                         net (fo=1, routed)           0.000     1.029    design_1_i/rst_ps7_0_100M/U0/EXT_LPF/ACTIVE_LOW_EXT.ACT_LO_EXT/src_in
    SLICE_X32Y85         FDRE                                         r  design_1_i/rst_ps7_0_100M/U0/EXT_LPF/ACTIVE_LOW_EXT.ACT_LO_EXT/syncstages_ff_reg[0]/D
  -------------------------------------------------------------------    -------------------

                         (clock clk_fpga_0 rise edge)
                                                      0.000     0.000 r  
    PS7_X0Y0             PS7                          0.000     0.000 r  design_1_i/processing_system7_0/inst/PS7_i/FCLKCLK[0]
                         net (fo=1, routed)           1.088     1.088    design_1_i/processing_system7_0/inst/FCLK_CLK_unbuffered[0]
    BUFGCTRL_X0Y16       BUFG (Prop_bufg_I_O)         0.091     1.179 r  design_1_i/processing_system7_0/inst/buffer_fclk_clk_0.FCLK_CLK_0_BUFG/O
                         net (fo=753, routed)         1.474     2.653    design_1_i/rst_ps7_0_100M/U0/EXT_LPF/ACTIVE_LOW_EXT.ACT_LO_EXT/dest_clk
    SLICE_X32Y85         FDRE                                         r  design_1_i/rst_ps7_0_100M/U0/EXT_LPF/ACTIVE_LOW_EXT.ACT_LO_EXT/syncstages_ff_reg[0]/C





Min Delay Paths
--------------------------------------------------------------------------------------
Slack:                    inf
  Source:                 design_1_i/processing_system7_0/inst/PS7_i/FCLKRESETN[0]
                            (internal pin)
  Destination:            design_1_i/rst_ps7_0_100M/U0/EXT_LPF/ACTIVE_LOW_EXT.ACT_LO_EXT/syncstages_ff_reg[0]/D
                            (rising edge-triggered cell FDRE clocked by clk_fpga_0  {rise@0.000ns fall@5.000ns period=10.000ns})
  Path Group:             (none)
  Path Type:              Hold (Min at Fast Process Corner)
  Data Path Delay:        0.425ns  (logic 0.045ns (10.589%)  route 0.380ns (89.411%))
  Logic Levels:           1  (LUT1=1)
  Clock Uncertainty:      0.152ns  ((TSJ^2 + TIJ^2)^1/2 + DJ) / 2 + PE
    Total System Jitter     (TSJ):    0.050ns
    Total Input Jitter      (TIJ):    0.300ns
    Discrete Jitter          (DJ):    0.000ns
    Phase Error              (PE):    0.000ns
  Timing Exception:       False Path

    Location             Delay type                Incr(ns)  Path(ns)    Netlist Resource(s)
  -------------------------------------------------------------------    -------------------
    PS7_X0Y0             PS7                          0.000     0.000 f  design_1_i/processing_system7_0/inst/PS7_i/FCLKRESETN[0]
                         net (fo=1, routed)           0.380     0.380    design_1_i/rst_ps7_0_100M/U0/EXT_LPF/ext_reset_in
    SLICE_X32Y85         LUT1 (Prop_lut1_I0_O)        0.045     0.425 r  design_1_i/rst_ps7_0_100M/U0/EXT_LPF/ACTIVE_LOW_EXT.ACT_LO_EXT_i_1/O
                         net (fo=1, routed)           0.000     0.425    design_1_i/rst_ps7_0_100M/U0/EXT_LPF/ACTIVE_LOW_EXT.ACT_LO_EXT/src_in
    SLICE_X32Y85         FDRE                                         r  design_1_i/rst_ps7_0_100M/U0/EXT_LPF/ACTIVE_LOW_EXT.ACT_LO_EXT/syncstages_ff_reg[0]/D
  -------------------------------------------------------------------    -------------------

                         (clock clk_fpga_0 rise edge)
                                                      0.000     0.000 r  
    PS7_X0Y0             PS7                          0.000     0.000 r  design_1_i/processing_system7_0/inst/PS7_i/FCLKCLK[0]
                         net (fo=1, routed)           0.337     0.337    design_1_i/processing_system7_0/inst/FCLK_CLK_unbuffered[0]
    BUFGCTRL_X0Y16       BUFG (Prop_bufg_I_O)         0.029     0.366 r  design_1_i/processing_system7_0/inst/buffer_fclk_clk_0.FCLK_CLK_0_BUFG/O
                         net (fo=753, routed)         0.820     1.186    design_1_i/rst_ps7_0_100M/U0/EXT_LPF/ACTIVE_LOW_EXT.ACT_LO_EXT/dest_clk
    SLICE_X32Y85         FDRE                                         r  design_1_i/rst_ps7_0_100M/U0/EXT_LPF/ACTIVE_LOW_EXT.ACT_LO_EXT/syncstages_ff_reg[0]/C





--------------------------------------------------------------------------------------
Path Group:  (none)
From Clock:  clk_fpga_0
  To Clock:  clk_fpga_0

Max Delay            28 Endpoints
Min Delay            28 Endpoints
--------------------------------------------------------------------------------------


Max Delay Paths
--------------------------------------------------------------------------------------
Slack:                    inf
  Source:                 design_1_i/rst_ps7_0_100M/U0/ACTIVE_LOW_PR_OUT_DFF[0].FDRE_PER_N/C
                            (rising edge-triggered cell FDRE clocked by clk_fpga_0  {rise@0.000ns fall@5.000ns period=10.000ns})
  Destination:            design_1_i/axi_smc/inst/clk_map/psr_aclk/U0/EXT_LPF/ACTIVE_LOW_AUX.ACT_LO_AUX/syncstages_ff_reg[0]/D
                            (rising edge-triggered cell FDRE clocked by clk_fpga_0  {rise@0.000ns fall@5.000ns period=10.000ns})
  Path Group:             (none)
  Path Type:              Setup (Max at Slow Process Corner)
  Data Path Delay:        2.838ns  (logic 0.606ns (21.349%)  route 2.232ns (78.651%))
  Logic Levels:           1  (LUT1=1)
  Clock Path Skew:        -0.110ns (DCD - SCD + CPR)
    Destination Clock Delay (DCD):    2.832ns
    Source Clock Delay      (SCD):    2.942ns
    Clock Pessimism Removal (CPR):    0.000ns
  Clock Uncertainty:      0.154ns  ((TSJ^2 + TIJ^2)^1/2 + DJ) / 2 + PE
    Total System Jitter     (TSJ):    0.071ns
    Total Input Jitter      (TIJ):    0.300ns
    Discrete Jitter          (DJ):    0.000ns
    Phase Error              (PE):    0.000ns
  Timing Exception:       False Path

    Location             Delay type                Incr(ns)  Path(ns)    Netlist Resource(s)
  -------------------------------------------------------------------    -------------------
                         (clock clk_fpga_0 rise edge)
                                                      0.000     0.000 r  
    PS7_X0Y0             PS7                          0.000     0.000 r  design_1_i/processing_system7_0/inst/PS7_i/FCLKCLK[0]
                         net (fo=1, routed)           1.193     1.193    design_1_i/processing_system7_0/inst/FCLK_CLK_unbuffered[0]
    BUFGCTRL_X0Y16       BUFG (Prop_bufg_I_O)         0.101     1.294 r  design_1_i/processing_system7_0/inst/buffer_fclk_clk_0.FCLK_CLK_0_BUFG/O
                         net (fo=753, routed)         1.648     2.942    design_1_i/rst_ps7_0_100M/U0/slowest_sync_clk
    SLICE_X35Y87         FDRE                                         r  design_1_i/rst_ps7_0_100M/U0/ACTIVE_LOW_PR_OUT_DFF[0].FDRE_PER_N/C
  -------------------------------------------------------------------    -------------------
    SLICE_X35Y87         FDRE (Prop_fdre_C_Q)         0.456     3.398 f  design_1_i/rst_ps7_0_100M/U0/ACTIVE_LOW_PR_OUT_DFF[0].FDRE_PER_N/Q
                         net (fo=5, routed)           1.434     4.832    design_1_i/axi_smc/inst/clk_map/psr_aclk/U0/EXT_LPF/aresetn
    SLICE_X36Y92         LUT1 (Prop_lut1_I0_O)        0.150     4.982 r  design_1_i/axi_smc/inst/clk_map/psr_aclk/U0/EXT_LPF/ACTIVE_LOW_AUX.ACT_LO_AUX_i_1/O
                         net (fo=1, routed)           0.798     5.780    design_1_i/axi_smc/inst/clk_map/psr_aclk/U0/EXT_LPF/ACTIVE_LOW_AUX.ACT_LO_AUX/src_in
    SLICE_X36Y103        FDRE                                         r  design_1_i/axi_smc/inst/clk_map/psr_aclk/U0/EXT_LPF/ACTIVE_LOW_AUX.ACT_LO_AUX/syncstages_ff_reg[0]/D
  -------------------------------------------------------------------    -------------------

                         (clock clk_fpga_0 rise edge)
                                                      0.000     0.000 r  
    PS7_X0Y0             PS7                          0.000     0.000 r  design_1_i/processing_system7_0/inst/PS7_i/FCLKCLK[0]
                         net (fo=1, routed)           1.088     1.088    design_1_i/processing_system7_0/inst/FCLK_CLK_unbuffered[0]
    BUFGCTRL_X0Y16       BUFG (Prop_bufg_I_O)         0.091     1.179 r  design_1_i/processing_system7_0/inst/buffer_fclk_clk_0.FCLK_CLK_0_BUFG/O
                         net (fo=753, routed)         1.653     2.832    design_1_i/axi_smc/inst/clk_map/psr_aclk/U0/EXT_LPF/ACTIVE_LOW_AUX.ACT_LO_AUX/dest_clk
    SLICE_X36Y103        FDRE                                         r  design_1_i/axi_smc/inst/clk_map/psr_aclk/U0/EXT_LPF/ACTIVE_LOW_AUX.ACT_LO_AUX/syncstages_ff_reg[0]/C

Slack:                    inf
  Source:                 design_1_i/axi_smc/inst/clk_map/psr_aclk/U0/ACTIVE_LOW_BSR_OUT_DFF[0].FDRE_BSR_N/C
                            (rising edge-triggered cell FDRE clocked by clk_fpga_0  {rise@0.000ns fall@5.000ns period=10.000ns})
  Destination:            design_1_i/axi_smc/inst/s00_nodes/s00_r_node/inst/s_sc_xpm_cdc_async_rst_inst/arststages_ff_reg[0]/CLR
                            (recovery check against rising-edge clock clk_fpga_0  {rise@0.000ns fall@5.000ns period=10.000ns})
  Path Group:             (none)
  Path Type:              Recovery (Max at Slow Process Corner)
  Data Path Delay:        2.586ns  (logic 0.609ns (23.547%)  route 1.977ns (76.453%))
  Logic Levels:           1  (LUT1=1)
  Clock Path Skew:        -0.480ns (DCD - SCD + CPR)
    Destination Clock Delay (DCD):    2.658ns
    Source Clock Delay      (SCD):    3.138ns
    Clock Pessimism Removal (CPR):    0.000ns
  Clock Uncertainty:      0.154ns  ((TSJ^2 + TIJ^2)^1/2 + DJ) / 2 + PE
    Total System Jitter     (TSJ):    0.071ns
    Total Input Jitter      (TIJ):    0.300ns
    Discrete Jitter          (DJ):    0.000ns
    Phase Error              (PE):    0.000ns
  Timing Exception:       False Path

    Location             Delay type                Incr(ns)  Path(ns)    Netlist Resource(s)
  -------------------------------------------------------------------    -------------------
                         (clock clk_fpga_0 rise edge)
                                                      0.000     0.000 r  
    PS7_X0Y0             PS7                          0.000     0.000 r  design_1_i/processing_system7_0/inst/PS7_i/FCLKCLK[0]
                         net (fo=1, routed)           1.193     1.193    design_1_i/processing_system7_0/inst/FCLK_CLK_unbuffered[0]
    BUFGCTRL_X0Y16       BUFG (Prop_bufg_I_O)         0.101     1.294 r  design_1_i/processing_system7_0/inst/buffer_fclk_clk_0.FCLK_CLK_0_BUFG/O
                         net (fo=753, routed)         1.844     3.138    design_1_i/axi_smc/inst/clk_map/psr_aclk/U0/aclk
    SLICE_X37Y106        FDRE                                         r  design_1_i/axi_smc/inst/clk_map/psr_aclk/U0/ACTIVE_LOW_BSR_OUT_DFF[0].FDRE_BSR_N/C
  -------------------------------------------------------------------    -------------------
    SLICE_X37Y106        FDRE (Prop_fdre_C_Q)         0.456     3.594 r  design_1_i/axi_smc/inst/clk_map/psr_aclk/U0/ACTIVE_LOW_BSR_OUT_DFF[0].FDRE_BSR_N/Q
                         net (fo=9, routed)           1.344     4.938    design_1_i/axi_smc/inst/s00_nodes/s00_r_node/inst/s_sc_xpm_cdc_async_rst_inst/src_arst
    SLICE_X38Y95         LUT1 (Prop_lut1_I0_O)        0.153     5.091 f  design_1_i/axi_smc/inst/s00_nodes/s00_r_node/inst/s_sc_xpm_cdc_async_rst_inst/arststages_ff[2]_i_1/O
                         net (fo=3, routed)           0.633     5.724    design_1_i/axi_smc/inst/s00_nodes/s00_r_node/inst/s_sc_xpm_cdc_async_rst_inst/reset_pol
    SLICE_X38Y95         FDCE                                         f  design_1_i/axi_smc/inst/s00_nodes/s00_r_node/inst/s_sc_xpm_cdc_async_rst_inst/arststages_ff_reg[0]/CLR
  -------------------------------------------------------------------    -------------------

                         (clock clk_fpga_0 rise edge)
                                                      0.000     0.000 r  
    PS7_X0Y0             PS7                          0.000     0.000 r  design_1_i/processing_system7_0/inst/PS7_i/FCLKCLK[0]
                         net (fo=1, routed)           1.088     1.088    design_1_i/processing_system7_0/inst/FCLK_CLK_unbuffered[0]
    BUFGCTRL_X0Y16       BUFG (Prop_bufg_I_O)         0.091     1.179 r  design_1_i/processing_system7_0/inst/buffer_fclk_clk_0.FCLK_CLK_0_BUFG/O
                         net (fo=753, routed)         1.479     2.658    design_1_i/axi_smc/inst/s00_nodes/s00_r_node/inst/s_sc_xpm_cdc_async_rst_inst/dest_clk
    SLICE_X38Y95         FDCE                                         r  design_1_i/axi_smc/inst/s00_nodes/s00_r_node/inst/s_sc_xpm_cdc_async_rst_inst/arststages_ff_reg[0]/C

Slack:                    inf
  Source:                 design_1_i/axi_smc/inst/clk_map/psr_aclk/U0/ACTIVE_LOW_BSR_OUT_DFF[0].FDRE_BSR_N/C
                            (rising edge-triggered cell FDRE clocked by clk_fpga_0  {rise@0.000ns fall@5.000ns period=10.000ns})
  Destination:            design_1_i/axi_smc/inst/s00_nodes/s00_r_node/inst/s_sc_xpm_cdc_async_rst_inst/arststages_ff_reg[1]/CLR
                            (recovery check against rising-edge clock clk_fpga_0  {rise@0.000ns fall@5.000ns period=10.000ns})
  Path Group:             (none)
  Path Type:              Recovery (Max at Slow Process Corner)
  Data Path Delay:        2.586ns  (logic 0.609ns (23.547%)  route 1.977ns (76.453%))
  Logic Levels:           1  (LUT1=1)
  Clock Path Skew:        -0.480ns (DCD - SCD + CPR)
    Destination Clock Delay (DCD):    2.658ns
    Source Clock Delay      (SCD):    3.138ns
    Clock Pessimism Removal (CPR):    0.000ns
  Clock Uncertainty:      0.154ns  ((TSJ^2 + TIJ^2)^1/2 + DJ) / 2 + PE
    Total System Jitter     (TSJ):    0.071ns
    Total Input Jitter      (TIJ):    0.300ns
    Discrete Jitter          (DJ):    0.000ns
    Phase Error              (PE):    0.000ns
  Timing Exception:       False Path

    Location             Delay type                Incr(ns)  Path(ns)    Netlist Resource(s)
  -------------------------------------------------------------------    -------------------
                         (clock clk_fpga_0 rise edge)
                                                      0.000     0.000 r  
    PS7_X0Y0             PS7                          0.000     0.000 r  design_1_i/processing_system7_0/inst/PS7_i/FCLKCLK[0]
                         net (fo=1, routed)           1.193     1.193    design_1_i/processing_system7_0/inst/FCLK_CLK_unbuffered[0]
    BUFGCTRL_X0Y16       BUFG (Prop_bufg_I_O)         0.101     1.294 r  design_1_i/processing_system7_0/inst/buffer_fclk_clk_0.FCLK_CLK_0_BUFG/O
                         net (fo=753, routed)         1.844     3.138    design_1_i/axi_smc/inst/clk_map/psr_aclk/U0/aclk
    SLICE_X37Y106        FDRE                                         r  design_1_i/axi_smc/inst/clk_map/psr_aclk/U0/ACTIVE_LOW_BSR_OUT_DFF[0].FDRE_BSR_N/C
  -------------------------------------------------------------------    -------------------
    SLICE_X37Y106        FDRE (Prop_fdre_C_Q)         0.456     3.594 r  design_1_i/axi_smc/inst/clk_map/psr_aclk/U0/ACTIVE_LOW_BSR_OUT_DFF[0].FDRE_BSR_N/Q
                         net (fo=9, routed)           1.344     4.938    design_1_i/axi_smc/inst/s00_nodes/s00_r_node/inst/s_sc_xpm_cdc_async_rst_inst/src_arst
    SLICE_X38Y95         LUT1 (Prop_lut1_I0_O)        0.153     5.091 f  design_1_i/axi_smc/inst/s00_nodes/s00_r_node/inst/s_sc_xpm_cdc_async_rst_inst/arststages_ff[2]_i_1/O
                         net (fo=3, routed)           0.633     5.724    design_1_i/axi_smc/inst/s00_nodes/s00_r_node/inst/s_sc_xpm_cdc_async_rst_inst/reset_pol
    SLICE_X38Y95         FDCE                                         f  design_1_i/axi_smc/inst/s00_nodes/s00_r_node/inst/s_sc_xpm_cdc_async_rst_inst/arststages_ff_reg[1]/CLR
  -------------------------------------------------------------------    -------------------

                         (clock clk_fpga_0 rise edge)
                                                      0.000     0.000 r  
    PS7_X0Y0             PS7                          0.000     0.000 r  design_1_i/processing_system7_0/inst/PS7_i/FCLKCLK[0]
                         net (fo=1, routed)           1.088     1.088    design_1_i/processing_system7_0/inst/FCLK_CLK_unbuffered[0]
    BUFGCTRL_X0Y16       BUFG (Prop_bufg_I_O)         0.091     1.179 r  design_1_i/processing_system7_0/inst/buffer_fclk_clk_0.FCLK_CLK_0_BUFG/O
                         net (fo=753, routed)         1.479     2.658    design_1_i/axi_smc/inst/s00_nodes/s00_r_node/inst/s_sc_xpm_cdc_async_rst_inst/dest_clk
    SLICE_X38Y95         FDCE                                         r  design_1_i/axi_smc/inst/s00_nodes/s00_r_node/inst/s_sc_xpm_cdc_async_rst_inst/arststages_ff_reg[1]/C

Slack:                    inf
  Source:                 design_1_i/axi_smc/inst/clk_map/psr_aclk/U0/ACTIVE_LOW_BSR_OUT_DFF[0].FDRE_BSR_N/C
                            (rising edge-triggered cell FDRE clocked by clk_fpga_0  {rise@0.000ns fall@5.000ns period=10.000ns})
  Destination:            design_1_i/axi_smc/inst/s00_nodes/s00_r_node/inst/s_sc_xpm_cdc_async_rst_inst/arststages_ff_reg[2]/CLR
                            (recovery check against rising-edge clock clk_fpga_0  {rise@0.000ns fall@5.000ns period=10.000ns})
  Path Group:             (none)
  Path Type:              Recovery (Max at Slow Process Corner)
  Data Path Delay:        2.586ns  (logic 0.609ns (23.547%)  route 1.977ns (76.453%))
  Logic Levels:           1  (LUT1=1)
  Clock Path Skew:        -0.480ns (DCD - SCD + CPR)
    Destination Clock Delay (DCD):    2.658ns
    Source Clock Delay      (SCD):    3.138ns
    Clock Pessimism Removal (CPR):    0.000ns
  Clock Uncertainty:      0.154ns  ((TSJ^2 + TIJ^2)^1/2 + DJ) / 2 + PE
    Total System Jitter     (TSJ):    0.071ns
    Total Input Jitter      (TIJ):    0.300ns
    Discrete Jitter          (DJ):    0.000ns
    Phase Error              (PE):    0.000ns
  Timing Exception:       False Path

    Location             Delay type                Incr(ns)  Path(ns)    Netlist Resource(s)
  -------------------------------------------------------------------    -------------------
                         (clock clk_fpga_0 rise edge)
                                                      0.000     0.000 r  
    PS7_X0Y0             PS7                          0.000     0.000 r  design_1_i/processing_system7_0/inst/PS7_i/FCLKCLK[0]
                         net (fo=1, routed)           1.193     1.193    design_1_i/processing_system7_0/inst/FCLK_CLK_unbuffered[0]
    BUFGCTRL_X0Y16       BUFG (Prop_bufg_I_O)         0.101     1.294 r  design_1_i/processing_system7_0/inst/buffer_fclk_clk_0.FCLK_CLK_0_BUFG/O
                         net (fo=753, routed)         1.844     3.138    design_1_i/axi_smc/inst/clk_map/psr_aclk/U0/aclk
    SLICE_X37Y106        FDRE                                         r  design_1_i/axi_smc/inst/clk_map/psr_aclk/U0/ACTIVE_LOW_BSR_OUT_DFF[0].FDRE_BSR_N/C
  -------------------------------------------------------------------    -------------------
    SLICE_X37Y106        FDRE (Prop_fdre_C_Q)         0.456     3.594 r  design_1_i/axi_smc/inst/clk_map/psr_aclk/U0/ACTIVE_LOW_BSR_OUT_DFF[0].FDRE_BSR_N/Q
                         net (fo=9, routed)           1.344     4.938    design_1_i/axi_smc/inst/s00_nodes/s00_r_node/inst/s_sc_xpm_cdc_async_rst_inst/src_arst
    SLICE_X38Y95         LUT1 (Prop_lut1_I0_O)        0.153     5.091 f  design_1_i/axi_smc/inst/s00_nodes/s00_r_node/inst/s_sc_xpm_cdc_async_rst_inst/arststages_ff[2]_i_1/O
                         net (fo=3, routed)           0.633     5.724    design_1_i/axi_smc/inst/s00_nodes/s00_r_node/inst/s_sc_xpm_cdc_async_rst_inst/reset_pol
    SLICE_X38Y95         FDCE                                         f  design_1_i/axi_smc/inst/s00_nodes/s00_r_node/inst/s_sc_xpm_cdc_async_rst_inst/arststages_ff_reg[2]/CLR
  -------------------------------------------------------------------    -------------------

                         (clock clk_fpga_0 rise edge)
                                                      0.000     0.000 r  
    PS7_X0Y0             PS7                          0.000     0.000 r  design_1_i/processing_system7_0/inst/PS7_i/FCLKCLK[0]
                         net (fo=1, routed)           1.088     1.088    design_1_i/processing_system7_0/inst/FCLK_CLK_unbuffered[0]
    BUFGCTRL_X0Y16       BUFG (Prop_bufg_I_O)         0.091     1.179 r  design_1_i/processing_system7_0/inst/buffer_fclk_clk_0.FCLK_CLK_0_BUFG/O
                         net (fo=753, routed)         1.479     2.658    design_1_i/axi_smc/inst/s00_nodes/s00_r_node/inst/s_sc_xpm_cdc_async_rst_inst/dest_clk
    SLICE_X38Y95         FDCE                                         r  design_1_i/axi_smc/inst/s00_nodes/s00_r_node/inst/s_sc_xpm_cdc_async_rst_inst/arststages_ff_reg[2]/C

Slack:                    inf
  Source:                 design_1_i/axi_smc/inst/clk_map/psr_aclk/U0/ACTIVE_LOW_BSR_OUT_DFF[0].FDRE_BSR_N/C
                            (rising edge-triggered cell FDRE clocked by clk_fpga_0  {rise@0.000ns fall@5.000ns period=10.000ns})
  Destination:            design_1_i/axi_smc/inst/s00_nodes/s00_ar_node/inst/s_sc_xpm_cdc_async_rst_inst/arststages_ff_reg[0]/CLR
                            (recovery check against rising-edge clock clk_fpga_0  {rise@0.000ns fall@5.000ns period=10.000ns})
  Path Group:             (none)
  Path Type:              Recovery (Max at Slow Process Corner)
  Data Path Delay:        2.500ns  (logic 0.580ns (23.196%)  route 1.920ns (76.804%))
  Logic Levels:           1  (LUT1=1)
  Clock Path Skew:        -0.480ns (DCD - SCD + CPR)
    Destination Clock Delay (DCD):    2.658ns
    Source Clock Delay      (SCD):    3.138ns
    Clock Pessimism Removal (CPR):    0.000ns
  Clock Uncertainty:      0.154ns  ((TSJ^2 + TIJ^2)^1/2 + DJ) / 2 + PE
    Total System Jitter     (TSJ):    0.071ns
    Total Input Jitter      (TIJ):    0.300ns
    Discrete Jitter          (DJ):    0.000ns
    Phase Error              (PE):    0.000ns
  Timing Exception:       False Path

    Location             Delay type                Incr(ns)  Path(ns)    Netlist Resource(s)
  -------------------------------------------------------------------    -------------------
                         (clock clk_fpga_0 rise edge)
                                                      0.000     0.000 r  
    PS7_X0Y0             PS7                          0.000     0.000 r  design_1_i/processing_system7_0/inst/PS7_i/FCLKCLK[0]
                         net (fo=1, routed)           1.193     1.193    design_1_i/processing_system7_0/inst/FCLK_CLK_unbuffered[0]
    BUFGCTRL_X0Y16       BUFG (Prop_bufg_I_O)         0.101     1.294 r  design_1_i/processing_system7_0/inst/buffer_fclk_clk_0.FCLK_CLK_0_BUFG/O
                         net (fo=753, routed)         1.844     3.138    design_1_i/axi_smc/inst/clk_map/psr_aclk/U0/aclk
    SLICE_X37Y106        FDRE                                         r  design_1_i/axi_smc/inst/clk_map/psr_aclk/U0/ACTIVE_LOW_BSR_OUT_DFF[0].FDRE_BSR_N/C
  -------------------------------------------------------------------    -------------------
    SLICE_X37Y106        FDRE (Prop_fdre_C_Q)         0.456     3.594 r  design_1_i/axi_smc/inst/clk_map/psr_aclk/U0/ACTIVE_LOW_BSR_OUT_DFF[0].FDRE_BSR_N/Q
                         net (fo=9, routed)           1.344     4.938    design_1_i/axi_smc/inst/s00_nodes/s00_ar_node/inst/s_sc_xpm_cdc_async_rst_inst/src_arst
    SLICE_X38Y95         LUT1 (Prop_lut1_I0_O)        0.124     5.062 f  design_1_i/axi_smc/inst/s00_nodes/s00_ar_node/inst/s_sc_xpm_cdc_async_rst_inst/arststages_ff[2]_i_1/O
                         net (fo=3, routed)           0.576     5.638    design_1_i/axi_smc/inst/s00_nodes/s00_ar_node/inst/s_sc_xpm_cdc_async_rst_inst/reset_pol
    SLICE_X39Y95         FDCE                                         f  design_1_i/axi_smc/inst/s00_nodes/s00_ar_node/inst/s_sc_xpm_cdc_async_rst_inst/arststages_ff_reg[0]/CLR
  -------------------------------------------------------------------    -------------------

                         (clock clk_fpga_0 rise edge)
                                                      0.000     0.000 r  
    PS7_X0Y0             PS7                          0.000     0.000 r  design_1_i/processing_system7_0/inst/PS7_i/FCLKCLK[0]
                         net (fo=1, routed)           1.088     1.088    design_1_i/processing_system7_0/inst/FCLK_CLK_unbuffered[0]
    BUFGCTRL_X0Y16       BUFG (Prop_bufg_I_O)         0.091     1.179 r  design_1_i/processing_system7_0/inst/buffer_fclk_clk_0.FCLK_CLK_0_BUFG/O
                         net (fo=753, routed)         1.479     2.658    design_1_i/axi_smc/inst/s00_nodes/s00_ar_node/inst/s_sc_xpm_cdc_async_rst_inst/dest_clk
    SLICE_X39Y95         FDCE                                         r  design_1_i/axi_smc/inst/s00_nodes/s00_ar_node/inst/s_sc_xpm_cdc_async_rst_inst/arststages_ff_reg[0]/C

Slack:                    inf
  Source:                 design_1_i/axi_smc/inst/clk_map/psr_aclk/U0/ACTIVE_LOW_BSR_OUT_DFF[0].FDRE_BSR_N/C
                            (rising edge-triggered cell FDRE clocked by clk_fpga_0  {rise@0.000ns fall@5.000ns period=10.000ns})
  Destination:            design_1_i/axi_smc/inst/s00_nodes/s00_ar_node/inst/s_sc_xpm_cdc_async_rst_inst/arststages_ff_reg[1]/CLR
                            (recovery check against rising-edge clock clk_fpga_0  {rise@0.000ns fall@5.000ns period=10.000ns})
  Path Group:             (none)
  Path Type:              Recovery (Max at Slow Process Corner)
  Data Path Delay:        2.500ns  (logic 0.580ns (23.196%)  route 1.920ns (76.804%))
  Logic Levels:           1  (LUT1=1)
  Clock Path Skew:        -0.480ns (DCD - SCD + CPR)
    Destination Clock Delay (DCD):    2.658ns
    Source Clock Delay      (SCD):    3.138ns
    Clock Pessimism Removal (CPR):    0.000ns
  Clock Uncertainty:      0.154ns  ((TSJ^2 + TIJ^2)^1/2 + DJ) / 2 + PE
    Total System Jitter     (TSJ):    0.071ns
    Total Input Jitter      (TIJ):    0.300ns
    Discrete Jitter          (DJ):    0.000ns
    Phase Error              (PE):    0.000ns
  Timing Exception:       False Path

    Location             Delay type                Incr(ns)  Path(ns)    Netlist Resource(s)
  -------------------------------------------------------------------    -------------------
                         (clock clk_fpga_0 rise edge)
                                                      0.000     0.000 r  
    PS7_X0Y0             PS7                          0.000     0.000 r  design_1_i/processing_system7_0/inst/PS7_i/FCLKCLK[0]
                         net (fo=1, routed)           1.193     1.193    design_1_i/processing_system7_0/inst/FCLK_CLK_unbuffered[0]
    BUFGCTRL_X0Y16       BUFG (Prop_bufg_I_O)         0.101     1.294 r  design_1_i/processing_system7_0/inst/buffer_fclk_clk_0.FCLK_CLK_0_BUFG/O
                         net (fo=753, routed)         1.844     3.138    design_1_i/axi_smc/inst/clk_map/psr_aclk/U0/aclk
    SLICE_X37Y106        FDRE                                         r  design_1_i/axi_smc/inst/clk_map/psr_aclk/U0/ACTIVE_LOW_BSR_OUT_DFF[0].FDRE_BSR_N/C
  -------------------------------------------------------------------    -------------------
    SLICE_X37Y106        FDRE (Prop_fdre_C_Q)         0.456     3.594 r  design_1_i/axi_smc/inst/clk_map/psr_aclk/U0/ACTIVE_LOW_BSR_OUT_DFF[0].FDRE_BSR_N/Q
                         net (fo=9, routed)           1.344     4.938    design_1_i/axi_smc/inst/s00_nodes/s00_ar_node/inst/s_sc_xpm_cdc_async_rst_inst/src_arst
    SLICE_X38Y95         LUT1 (Prop_lut1_I0_O)        0.124     5.062 f  design_1_i/axi_smc/inst/s00_nodes/s00_ar_node/inst/s_sc_xpm_cdc_async_rst_inst/arststages_ff[2]_i_1/O
                         net (fo=3, routed)           0.576     5.638    design_1_i/axi_smc/inst/s00_nodes/s00_ar_node/inst/s_sc_xpm_cdc_async_rst_inst/reset_pol
    SLICE_X39Y95         FDCE                                         f  design_1_i/axi_smc/inst/s00_nodes/s00_ar_node/inst/s_sc_xpm_cdc_async_rst_inst/arststages_ff_reg[1]/CLR
  -------------------------------------------------------------------    -------------------

                         (clock clk_fpga_0 rise edge)
                                                      0.000     0.000 r  
    PS7_X0Y0             PS7                          0.000     0.000 r  design_1_i/processing_system7_0/inst/PS7_i/FCLKCLK[0]
                         net (fo=1, routed)           1.088     1.088    design_1_i/processing_system7_0/inst/FCLK_CLK_unbuffered[0]
    BUFGCTRL_X0Y16       BUFG (Prop_bufg_I_O)         0.091     1.179 r  design_1_i/processing_system7_0/inst/buffer_fclk_clk_0.FCLK_CLK_0_BUFG/O
                         net (fo=753, routed)         1.479     2.658    design_1_i/axi_smc/inst/s00_nodes/s00_ar_node/inst/s_sc_xpm_cdc_async_rst_inst/dest_clk
    SLICE_X39Y95         FDCE                                         r  design_1_i/axi_smc/inst/s00_nodes/s00_ar_node/inst/s_sc_xpm_cdc_async_rst_inst/arststages_ff_reg[1]/C

Slack:                    inf
  Source:                 design_1_i/axi_smc/inst/clk_map/psr_aclk/U0/ACTIVE_LOW_BSR_OUT_DFF[0].FDRE_BSR_N/C
                            (rising edge-triggered cell FDRE clocked by clk_fpga_0  {rise@0.000ns fall@5.000ns period=10.000ns})
  Destination:            design_1_i/axi_smc/inst/s00_nodes/s00_ar_node/inst/s_sc_xpm_cdc_async_rst_inst/arststages_ff_reg[2]/CLR
                            (recovery check against rising-edge clock clk_fpga_0  {rise@0.000ns fall@5.000ns period=10.000ns})
  Path Group:             (none)
  Path Type:              Recovery (Max at Slow Process Corner)
  Data Path Delay:        2.500ns  (logic 0.580ns (23.196%)  route 1.920ns (76.804%))
  Logic Levels:           1  (LUT1=1)
  Clock Path Skew:        -0.480ns (DCD - SCD + CPR)
    Destination Clock Delay (DCD):    2.658ns
    Source Clock Delay      (SCD):    3.138ns
    Clock Pessimism Removal (CPR):    0.000ns
  Clock Uncertainty:      0.154ns  ((TSJ^2 + TIJ^2)^1/2 + DJ) / 2 + PE
    Total System Jitter     (TSJ):    0.071ns
    Total Input Jitter      (TIJ):    0.300ns
    Discrete Jitter          (DJ):    0.000ns
    Phase Error              (PE):    0.000ns
  Timing Exception:       False Path

    Location             Delay type                Incr(ns)  Path(ns)    Netlist Resource(s)
  -------------------------------------------------------------------    -------------------
                         (clock clk_fpga_0 rise edge)
                                                      0.000     0.000 r  
    PS7_X0Y0             PS7                          0.000     0.000 r  design_1_i/processing_system7_0/inst/PS7_i/FCLKCLK[0]
                         net (fo=1, routed)           1.193     1.193    design_1_i/processing_system7_0/inst/FCLK_CLK_unbuffered[0]
    BUFGCTRL_X0Y16       BUFG (Prop_bufg_I_O)         0.101     1.294 r  design_1_i/processing_system7_0/inst/buffer_fclk_clk_0.FCLK_CLK_0_BUFG/O
                         net (fo=753, routed)         1.844     3.138    design_1_i/axi_smc/inst/clk_map/psr_aclk/U0/aclk
    SLICE_X37Y106        FDRE                                         r  design_1_i/axi_smc/inst/clk_map/psr_aclk/U0/ACTIVE_LOW_BSR_OUT_DFF[0].FDRE_BSR_N/C
  -------------------------------------------------------------------    -------------------
    SLICE_X37Y106        FDRE (Prop_fdre_C_Q)         0.456     3.594 r  design_1_i/axi_smc/inst/clk_map/psr_aclk/U0/ACTIVE_LOW_BSR_OUT_DFF[0].FDRE_BSR_N/Q
                         net (fo=9, routed)           1.344     4.938    design_1_i/axi_smc/inst/s00_nodes/s00_ar_node/inst/s_sc_xpm_cdc_async_rst_inst/src_arst
    SLICE_X38Y95         LUT1 (Prop_lut1_I0_O)        0.124     5.062 f  design_1_i/axi_smc/inst/s00_nodes/s00_ar_node/inst/s_sc_xpm_cdc_async_rst_inst/arststages_ff[2]_i_1/O
                         net (fo=3, routed)           0.576     5.638    design_1_i/axi_smc/inst/s00_nodes/s00_ar_node/inst/s_sc_xpm_cdc_async_rst_inst/reset_pol
    SLICE_X39Y95         FDCE                                         f  design_1_i/axi_smc/inst/s00_nodes/s00_ar_node/inst/s_sc_xpm_cdc_async_rst_inst/arststages_ff_reg[2]/CLR
  -------------------------------------------------------------------    -------------------

                         (clock clk_fpga_0 rise edge)
                                                      0.000     0.000 r  
    PS7_X0Y0             PS7                          0.000     0.000 r  design_1_i/processing_system7_0/inst/PS7_i/FCLKCLK[0]
                         net (fo=1, routed)           1.088     1.088    design_1_i/processing_system7_0/inst/FCLK_CLK_unbuffered[0]
    BUFGCTRL_X0Y16       BUFG (Prop_bufg_I_O)         0.091     1.179 r  design_1_i/processing_system7_0/inst/buffer_fclk_clk_0.FCLK_CLK_0_BUFG/O
                         net (fo=753, routed)         1.479     2.658    design_1_i/axi_smc/inst/s00_nodes/s00_ar_node/inst/s_sc_xpm_cdc_async_rst_inst/dest_clk
    SLICE_X39Y95         FDCE                                         r  design_1_i/axi_smc/inst/s00_nodes/s00_ar_node/inst/s_sc_xpm_cdc_async_rst_inst/arststages_ff_reg[2]/C

Slack:                    inf
  Source:                 design_1_i/axi_smc/inst/clk_map/psr_aclk/U0/ACTIVE_LOW_BSR_OUT_DFF[0].FDRE_BSR_N/C
                            (rising edge-triggered cell FDRE clocked by clk_fpga_0  {rise@0.000ns fall@5.000ns period=10.000ns})
  Destination:            design_1_i/axi_smc/inst/s00_entry_pipeline/s00_transaction_regulator/inst/xpm_cdc_async_rst_inst/arststages_ff_reg[0]/CLR
                            (recovery check against rising-edge clock clk_fpga_0  {rise@0.000ns fall@5.000ns period=10.000ns})
  Path Group:             (none)
  Path Type:              Recovery (Max at Slow Process Corner)
  Data Path Delay:        2.395ns  (logic 0.609ns (25.424%)  route 1.786ns (74.576%))
  Logic Levels:           1  (LUT1=1)
  Clock Path Skew:        -0.304ns (DCD - SCD + CPR)
    Destination Clock Delay (DCD):    2.834ns
    Source Clock Delay      (SCD):    3.138ns
    Clock Pessimism Removal (CPR):    0.000ns
  Clock Uncertainty:      0.154ns  ((TSJ^2 + TIJ^2)^1/2 + DJ) / 2 + PE
    Total System Jitter     (TSJ):    0.071ns
    Total Input Jitter      (TIJ):    0.300ns
    Discrete Jitter          (DJ):    0.000ns
    Phase Error              (PE):    0.000ns
  Timing Exception:       False Path

    Location             Delay type                Incr(ns)  Path(ns)    Netlist Resource(s)
  -------------------------------------------------------------------    -------------------
                         (clock clk_fpga_0 rise edge)
                                                      0.000     0.000 r  
    PS7_X0Y0             PS7                          0.000     0.000 r  design_1_i/processing_system7_0/inst/PS7_i/FCLKCLK[0]
                         net (fo=1, routed)           1.193     1.193    design_1_i/processing_system7_0/inst/FCLK_CLK_unbuffered[0]
    BUFGCTRL_X0Y16       BUFG (Prop_bufg_I_O)         0.101     1.294 r  design_1_i/processing_system7_0/inst/buffer_fclk_clk_0.FCLK_CLK_0_BUFG/O
                         net (fo=753, routed)         1.844     3.138    design_1_i/axi_smc/inst/clk_map/psr_aclk/U0/aclk
    SLICE_X37Y106        FDRE                                         r  design_1_i/axi_smc/inst/clk_map/psr_aclk/U0/ACTIVE_LOW_BSR_OUT_DFF[0].FDRE_BSR_N/C
  -------------------------------------------------------------------    -------------------
    SLICE_X37Y106        FDRE (Prop_fdre_C_Q)         0.456     3.594 r  design_1_i/axi_smc/inst/clk_map/psr_aclk/U0/ACTIVE_LOW_BSR_OUT_DFF[0].FDRE_BSR_N/Q
                         net (fo=9, routed)           1.128     4.722    design_1_i/axi_smc/inst/s00_entry_pipeline/s00_transaction_regulator/inst/xpm_cdc_async_rst_inst/src_arst
    SLICE_X35Y100        LUT1 (Prop_lut1_I0_O)        0.153     4.875 f  design_1_i/axi_smc/inst/s00_entry_pipeline/s00_transaction_regulator/inst/xpm_cdc_async_rst_inst/arststages_ff[2]_i_1/O
                         net (fo=3, routed)           0.659     5.533    design_1_i/axi_smc/inst/s00_entry_pipeline/s00_transaction_regulator/inst/xpm_cdc_async_rst_inst/reset_pol
    SLICE_X35Y100        FDCE                                         f  design_1_i/axi_smc/inst/s00_entry_pipeline/s00_transaction_regulator/inst/xpm_cdc_async_rst_inst/arststages_ff_reg[0]/CLR
  -------------------------------------------------------------------    -------------------

                         (clock clk_fpga_0 rise edge)
                                                      0.000     0.000 r  
    PS7_X0Y0             PS7                          0.000     0.000 r  design_1_i/processing_system7_0/inst/PS7_i/FCLKCLK[0]
                         net (fo=1, routed)           1.088     1.088    design_1_i/processing_system7_0/inst/FCLK_CLK_unbuffered[0]
    BUFGCTRL_X0Y16       BUFG (Prop_bufg_I_O)         0.091     1.179 r  design_1_i/processing_system7_0/inst/buffer_fclk_clk_0.FCLK_CLK_0_BUFG/O
                         net (fo=753, routed)         1.655     2.834    design_1_i/axi_smc/inst/s00_entry_pipeline/s00_transaction_regulator/inst/xpm_cdc_async_rst_inst/dest_clk
    SLICE_X35Y100        FDCE                                         r  design_1_i/axi_smc/inst/s00_entry_pipeline/s00_transaction_regulator/inst/xpm_cdc_async_rst_inst/arststages_ff_reg[0]/C

Slack:                    inf
  Source:                 design_1_i/axi_smc/inst/clk_map/psr_aclk/U0/ACTIVE_LOW_BSR_OUT_DFF[0].FDRE_BSR_N/C
                            (rising edge-triggered cell FDRE clocked by clk_fpga_0  {rise@0.000ns fall@5.000ns period=10.000ns})
  Destination:            design_1_i/axi_smc/inst/s00_entry_pipeline/s00_transaction_regulator/inst/xpm_cdc_async_rst_inst/arststages_ff_reg[1]/CLR
                            (recovery check against rising-edge clock clk_fpga_0  {rise@0.000ns fall@5.000ns period=10.000ns})
  Path Group:             (none)
  Path Type:              Recovery (Max at Slow Process Corner)
  Data Path Delay:        2.395ns  (logic 0.609ns (25.424%)  route 1.786ns (74.576%))
  Logic Levels:           1  (LUT1=1)
  Clock Path Skew:        -0.304ns (DCD - SCD + CPR)
    Destination Clock Delay (DCD):    2.834ns
    Source Clock Delay      (SCD):    3.138ns
    Clock Pessimism Removal (CPR):    0.000ns
  Clock Uncertainty:      0.154ns  ((TSJ^2 + TIJ^2)^1/2 + DJ) / 2 + PE
    Total System Jitter     (TSJ):    0.071ns
    Total Input Jitter      (TIJ):    0.300ns
    Discrete Jitter          (DJ):    0.000ns
    Phase Error              (PE):    0.000ns
  Timing Exception:       False Path

    Location             Delay type                Incr(ns)  Path(ns)    Netlist Resource(s)
  -------------------------------------------------------------------    -------------------
                         (clock clk_fpga_0 rise edge)
                                                      0.000     0.000 r  
    PS7_X0Y0             PS7                          0.000     0.000 r  design_1_i/processing_system7_0/inst/PS7_i/FCLKCLK[0]
                         net (fo=1, routed)           1.193     1.193    design_1_i/processing_system7_0/inst/FCLK_CLK_unbuffered[0]
    BUFGCTRL_X0Y16       BUFG (Prop_bufg_I_O)         0.101     1.294 r  design_1_i/processing_system7_0/inst/buffer_fclk_clk_0.FCLK_CLK_0_BUFG/O
                         net (fo=753, routed)         1.844     3.138    design_1_i/axi_smc/inst/clk_map/psr_aclk/U0/aclk
    SLICE_X37Y106        FDRE                                         r  design_1_i/axi_smc/inst/clk_map/psr_aclk/U0/ACTIVE_LOW_BSR_OUT_DFF[0].FDRE_BSR_N/C
  -------------------------------------------------------------------    -------------------
    SLICE_X37Y106        FDRE (Prop_fdre_C_Q)         0.456     3.594 r  design_1_i/axi_smc/inst/clk_map/psr_aclk/U0/ACTIVE_LOW_BSR_OUT_DFF[0].FDRE_BSR_N/Q
                         net (fo=9, routed)           1.128     4.722    design_1_i/axi_smc/inst/s00_entry_pipeline/s00_transaction_regulator/inst/xpm_cdc_async_rst_inst/src_arst
    SLICE_X35Y100        LUT1 (Prop_lut1_I0_O)        0.153     4.875 f  design_1_i/axi_smc/inst/s00_entry_pipeline/s00_transaction_regulator/inst/xpm_cdc_async_rst_inst/arststages_ff[2]_i_1/O
                         net (fo=3, routed)           0.659     5.533    design_1_i/axi_smc/inst/s00_entry_pipeline/s00_transaction_regulator/inst/xpm_cdc_async_rst_inst/reset_pol
    SLICE_X35Y100        FDCE                                         f  design_1_i/axi_smc/inst/s00_entry_pipeline/s00_transaction_regulator/inst/xpm_cdc_async_rst_inst/arststages_ff_reg[1]/CLR
  -------------------------------------------------------------------    -------------------

                         (clock clk_fpga_0 rise edge)
                                                      0.000     0.000 r  
    PS7_X0Y0             PS7                          0.000     0.000 r  design_1_i/processing_system7_0/inst/PS7_i/FCLKCLK[0]
                         net (fo=1, routed)           1.088     1.088    design_1_i/processing_system7_0/inst/FCLK_CLK_unbuffered[0]
    BUFGCTRL_X0Y16       BUFG (Prop_bufg_I_O)         0.091     1.179 r  design_1_i/processing_system7_0/inst/buffer_fclk_clk_0.FCLK_CLK_0_BUFG/O
                         net (fo=753, routed)         1.655     2.834    design_1_i/axi_smc/inst/s00_entry_pipeline/s00_transaction_regulator/inst/xpm_cdc_async_rst_inst/dest_clk
    SLICE_X35Y100        FDCE                                         r  design_1_i/axi_smc/inst/s00_entry_pipeline/s00_transaction_regulator/inst/xpm_cdc_async_rst_inst/arststages_ff_reg[1]/C

Slack:                    inf
  Source:                 design_1_i/axi_smc/inst/clk_map/psr_aclk/U0/ACTIVE_LOW_BSR_OUT_DFF[0].FDRE_BSR_N/C
                            (rising edge-triggered cell FDRE clocked by clk_fpga_0  {rise@0.000ns fall@5.000ns period=10.000ns})
  Destination:            design_1_i/axi_smc/inst/s00_entry_pipeline/s00_transaction_regulator/inst/xpm_cdc_async_rst_inst/arststages_ff_reg[2]/CLR
                            (recovery check against rising-edge clock clk_fpga_0  {rise@0.000ns fall@5.000ns period=10.000ns})
  Path Group:             (none)
  Path Type:              Recovery (Max at Slow Process Corner)
  Data Path Delay:        2.395ns  (logic 0.609ns (25.424%)  route 1.786ns (74.576%))
  Logic Levels:           1  (LUT1=1)
  Clock Path Skew:        -0.304ns (DCD - SCD + CPR)
    Destination Clock Delay (DCD):    2.834ns
    Source Clock Delay      (SCD):    3.138ns
    Clock Pessimism Removal (CPR):    0.000ns
  Clock Uncertainty:      0.154ns  ((TSJ^2 + TIJ^2)^1/2 + DJ) / 2 + PE
    Total System Jitter     (TSJ):    0.071ns
    Total Input Jitter      (TIJ):    0.300ns
    Discrete Jitter          (DJ):    0.000ns
    Phase Error              (PE):    0.000ns
  Timing Exception:       False Path

    Location             Delay type                Incr(ns)  Path(ns)    Netlist Resource(s)
  -------------------------------------------------------------------    -------------------
                         (clock clk_fpga_0 rise edge)
                                                      0.000     0.000 r  
    PS7_X0Y0             PS7                          0.000     0.000 r  design_1_i/processing_system7_0/inst/PS7_i/FCLKCLK[0]
                         net (fo=1, routed)           1.193     1.193    design_1_i/processing_system7_0/inst/FCLK_CLK_unbuffered[0]
    BUFGCTRL_X0Y16       BUFG (Prop_bufg_I_O)         0.101     1.294 r  design_1_i/processing_system7_0/inst/buffer_fclk_clk_0.FCLK_CLK_0_BUFG/O
                         net (fo=753, routed)         1.844     3.138    design_1_i/axi_smc/inst/clk_map/psr_aclk/U0/aclk
    SLICE_X37Y106        FDRE                                         r  design_1_i/axi_smc/inst/clk_map/psr_aclk/U0/ACTIVE_LOW_BSR_OUT_DFF[0].FDRE_BSR_N/C
  -------------------------------------------------------------------    -------------------
    SLICE_X37Y106        FDRE (Prop_fdre_C_Q)         0.456     3.594 r  design_1_i/axi_smc/inst/clk_map/psr_aclk/U0/ACTIVE_LOW_BSR_OUT_DFF[0].FDRE_BSR_N/Q
                         net (fo=9, routed)           1.128     4.722    design_1_i/axi_smc/inst/s00_entry_pipeline/s00_transaction_regulator/inst/xpm_cdc_async_rst_inst/src_arst
    SLICE_X35Y100        LUT1 (Prop_lut1_I0_O)        0.153     4.875 f  design_1_i/axi_smc/inst/s00_entry_pipeline/s00_transaction_regulator/inst/xpm_cdc_async_rst_inst/arststages_ff[2]_i_1/O
                         net (fo=3, routed)           0.659     5.533    design_1_i/axi_smc/inst/s00_entry_pipeline/s00_transaction_regulator/inst/xpm_cdc_async_rst_inst/reset_pol
    SLICE_X35Y100        FDCE                                         f  design_1_i/axi_smc/inst/s00_entry_pipeline/s00_transaction_regulator/inst/xpm_cdc_async_rst_inst/arststages_ff_reg[2]/CLR
  -------------------------------------------------------------------    -------------------

                         (clock clk_fpga_0 rise edge)
                                                      0.000     0.000 r  
    PS7_X0Y0             PS7                          0.000     0.000 r  design_1_i/processing_system7_0/inst/PS7_i/FCLKCLK[0]
                         net (fo=1, routed)           1.088     1.088    design_1_i/processing_system7_0/inst/FCLK_CLK_unbuffered[0]
    BUFGCTRL_X0Y16       BUFG (Prop_bufg_I_O)         0.091     1.179 r  design_1_i/processing_system7_0/inst/buffer_fclk_clk_0.FCLK_CLK_0_BUFG/O
                         net (fo=753, routed)         1.655     2.834    design_1_i/axi_smc/inst/s00_entry_pipeline/s00_transaction_regulator/inst/xpm_cdc_async_rst_inst/dest_clk
    SLICE_X35Y100        FDCE                                         r  design_1_i/axi_smc/inst/s00_entry_pipeline/s00_transaction_regulator/inst/xpm_cdc_async_rst_inst/arststages_ff_reg[2]/C





Min Delay Paths
--------------------------------------------------------------------------------------
Slack:                    inf
  Source:                 design_1_i/axi_smc/inst/clk_map/psr_aclk/U0/ACTIVE_LOW_BSR_OUT_DFF[0].FDRE_BSR_N/C
                            (rising edge-triggered cell FDRE clocked by clk_fpga_0  {rise@0.000ns fall@5.000ns period=10.000ns})
  Destination:            design_1_i/axi_smc/inst/s00_entry_pipeline/s00_mmu/inst/xpm_cdc_async_rst_inst/arststages_ff_reg[0]/CLR
                            (removal check against rising-edge clock clk_fpga_0  {rise@0.000ns fall@5.000ns period=10.000ns})
  Path Group:             (none)
  Path Type:              Removal (Min at Fast Process Corner)
  Data Path Delay:        0.634ns  (logic 0.186ns (29.337%)  route 0.448ns (70.663%))
  Logic Levels:           1  (LUT1=1)
  Clock Path Skew:        0.303ns (DCD - SCD - CPR)
    Destination Clock Delay (DCD):    1.277ns
    Source Clock Delay      (SCD):    0.974ns
    Clock Pessimism Removal (CPR):    -0.000ns
  Clock Uncertainty:      0.154ns  ((TSJ^2 + TIJ^2)^1/2 + DJ) / 2 + PE
    Total System Jitter     (TSJ):    0.071ns
    Total Input Jitter      (TIJ):    0.300ns
    Discrete Jitter          (DJ):    0.000ns
    Phase Error              (PE):    0.000ns
  Timing Exception:       False Path

    Location             Delay type                Incr(ns)  Path(ns)    Netlist Resource(s)
  -------------------------------------------------------------------    -------------------
                         (clock clk_fpga_0 rise edge)
                                                      0.000     0.000 r  
    PS7_X0Y0             PS7                          0.000     0.000 r  design_1_i/processing_system7_0/inst/PS7_i/FCLKCLK[0]
                         net (fo=1, routed)           0.310     0.310    design_1_i/processing_system7_0/inst/FCLK_CLK_unbuffered[0]
    BUFGCTRL_X0Y16       BUFG (Prop_bufg_I_O)         0.026     0.336 r  design_1_i/processing_system7_0/inst/buffer_fclk_clk_0.FCLK_CLK_0_BUFG/O
                         net (fo=753, routed)         0.638     0.974    design_1_i/axi_smc/inst/clk_map/psr_aclk/U0/aclk
    SLICE_X37Y106        FDRE                                         r  design_1_i/axi_smc/inst/clk_map/psr_aclk/U0/ACTIVE_LOW_BSR_OUT_DFF[0].FDRE_BSR_N/C
  -------------------------------------------------------------------    -------------------
    SLICE_X37Y106        FDRE (Prop_fdre_C_Q)         0.141     1.115 r  design_1_i/axi_smc/inst/clk_map/psr_aclk/U0/ACTIVE_LOW_BSR_OUT_DFF[0].FDRE_BSR_N/Q
                         net (fo=9, routed)           0.270     1.385    design_1_i/axi_smc/inst/s00_entry_pipeline/s00_mmu/inst/xpm_cdc_async_rst_inst/src_arst
    SLICE_X35Y105        LUT1 (Prop_lut1_I0_O)        0.045     1.430 f  design_1_i/axi_smc/inst/s00_entry_pipeline/s00_mmu/inst/xpm_cdc_async_rst_inst/arststages_ff[2]_i_1/O
                         net (fo=3, routed)           0.178     1.608    design_1_i/axi_smc/inst/s00_entry_pipeline/s00_mmu/inst/xpm_cdc_async_rst_inst/reset_pol
    SLICE_X32Y105        FDCE                                         f  design_1_i/axi_smc/inst/s00_entry_pipeline/s00_mmu/inst/xpm_cdc_async_rst_inst/arststages_ff_reg[0]/CLR
  -------------------------------------------------------------------    -------------------

                         (clock clk_fpga_0 rise edge)
                                                      0.000     0.000 r  
    PS7_X0Y0             PS7                          0.000     0.000 r  design_1_i/processing_system7_0/inst/PS7_i/FCLKCLK[0]
                         net (fo=1, routed)           0.337     0.337    design_1_i/processing_system7_0/inst/FCLK_CLK_unbuffered[0]
    BUFGCTRL_X0Y16       BUFG (Prop_bufg_I_O)         0.029     0.366 r  design_1_i/processing_system7_0/inst/buffer_fclk_clk_0.FCLK_CLK_0_BUFG/O
                         net (fo=753, routed)         0.911     1.277    design_1_i/axi_smc/inst/s00_entry_pipeline/s00_mmu/inst/xpm_cdc_async_rst_inst/dest_clk
    SLICE_X32Y105        FDCE                                         r  design_1_i/axi_smc/inst/s00_entry_pipeline/s00_mmu/inst/xpm_cdc_async_rst_inst/arststages_ff_reg[0]/C

Slack:                    inf
  Source:                 design_1_i/axi_smc/inst/clk_map/psr_aclk/U0/ACTIVE_LOW_BSR_OUT_DFF[0].FDRE_BSR_N/C
                            (rising edge-triggered cell FDRE clocked by clk_fpga_0  {rise@0.000ns fall@5.000ns period=10.000ns})
  Destination:            design_1_i/axi_smc/inst/s00_entry_pipeline/s00_mmu/inst/xpm_cdc_async_rst_inst/arststages_ff_reg[1]/CLR
                            (removal check against rising-edge clock clk_fpga_0  {rise@0.000ns fall@5.000ns period=10.000ns})
  Path Group:             (none)
  Path Type:              Removal (Min at Fast Process Corner)
  Data Path Delay:        0.634ns  (logic 0.186ns (29.337%)  route 0.448ns (70.663%))
  Logic Levels:           1  (LUT1=1)
  Clock Path Skew:        0.303ns (DCD - SCD - CPR)
    Destination Clock Delay (DCD):    1.277ns
    Source Clock Delay      (SCD):    0.974ns
    Clock Pessimism Removal (CPR):    -0.000ns
  Clock Uncertainty:      0.154ns  ((TSJ^2 + TIJ^2)^1/2 + DJ) / 2 + PE
    Total System Jitter     (TSJ):    0.071ns
    Total Input Jitter      (TIJ):    0.300ns
    Discrete Jitter          (DJ):    0.000ns
    Phase Error              (PE):    0.000ns
  Timing Exception:       False Path

    Location             Delay type                Incr(ns)  Path(ns)    Netlist Resource(s)
  -------------------------------------------------------------------    -------------------
                         (clock clk_fpga_0 rise edge)
                                                      0.000     0.000 r  
    PS7_X0Y0             PS7                          0.000     0.000 r  design_1_i/processing_system7_0/inst/PS7_i/FCLKCLK[0]
                         net (fo=1, routed)           0.310     0.310    design_1_i/processing_system7_0/inst/FCLK_CLK_unbuffered[0]
    BUFGCTRL_X0Y16       BUFG (Prop_bufg_I_O)         0.026     0.336 r  design_1_i/processing_system7_0/inst/buffer_fclk_clk_0.FCLK_CLK_0_BUFG/O
                         net (fo=753, routed)         0.638     0.974    design_1_i/axi_smc/inst/clk_map/psr_aclk/U0/aclk
    SLICE_X37Y106        FDRE                                         r  design_1_i/axi_smc/inst/clk_map/psr_aclk/U0/ACTIVE_LOW_BSR_OUT_DFF[0].FDRE_BSR_N/C
  -------------------------------------------------------------------    -------------------
    SLICE_X37Y106        FDRE (Prop_fdre_C_Q)         0.141     1.115 r  design_1_i/axi_smc/inst/clk_map/psr_aclk/U0/ACTIVE_LOW_BSR_OUT_DFF[0].FDRE_BSR_N/Q
                         net (fo=9, routed)           0.270     1.385    design_1_i/axi_smc/inst/s00_entry_pipeline/s00_mmu/inst/xpm_cdc_async_rst_inst/src_arst
    SLICE_X35Y105        LUT1 (Prop_lut1_I0_O)        0.045     1.430 f  design_1_i/axi_smc/inst/s00_entry_pipeline/s00_mmu/inst/xpm_cdc_async_rst_inst/arststages_ff[2]_i_1/O
                         net (fo=3, routed)           0.178     1.608    design_1_i/axi_smc/inst/s00_entry_pipeline/s00_mmu/inst/xpm_cdc_async_rst_inst/reset_pol
    SLICE_X32Y105        FDCE                                         f  design_1_i/axi_smc/inst/s00_entry_pipeline/s00_mmu/inst/xpm_cdc_async_rst_inst/arststages_ff_reg[1]/CLR
  -------------------------------------------------------------------    -------------------

                         (clock clk_fpga_0 rise edge)
                                                      0.000     0.000 r  
    PS7_X0Y0             PS7                          0.000     0.000 r  design_1_i/processing_system7_0/inst/PS7_i/FCLKCLK[0]
                         net (fo=1, routed)           0.337     0.337    design_1_i/processing_system7_0/inst/FCLK_CLK_unbuffered[0]
    BUFGCTRL_X0Y16       BUFG (Prop_bufg_I_O)         0.029     0.366 r  design_1_i/processing_system7_0/inst/buffer_fclk_clk_0.FCLK_CLK_0_BUFG/O
                         net (fo=753, routed)         0.911     1.277    design_1_i/axi_smc/inst/s00_entry_pipeline/s00_mmu/inst/xpm_cdc_async_rst_inst/dest_clk
    SLICE_X32Y105        FDCE                                         r  design_1_i/axi_smc/inst/s00_entry_pipeline/s00_mmu/inst/xpm_cdc_async_rst_inst/arststages_ff_reg[1]/C

Slack:                    inf
  Source:                 design_1_i/axi_smc/inst/clk_map/psr_aclk/U0/ACTIVE_LOW_BSR_OUT_DFF[0].FDRE_BSR_N/C
                            (rising edge-triggered cell FDRE clocked by clk_fpga_0  {rise@0.000ns fall@5.000ns period=10.000ns})
  Destination:            design_1_i/axi_smc/inst/s00_entry_pipeline/s00_mmu/inst/xpm_cdc_async_rst_inst/arststages_ff_reg[2]/CLR
                            (removal check against rising-edge clock clk_fpga_0  {rise@0.000ns fall@5.000ns period=10.000ns})
  Path Group:             (none)
  Path Type:              Removal (Min at Fast Process Corner)
  Data Path Delay:        0.634ns  (logic 0.186ns (29.337%)  route 0.448ns (70.663%))
  Logic Levels:           1  (LUT1=1)
  Clock Path Skew:        0.303ns (DCD - SCD - CPR)
    Destination Clock Delay (DCD):    1.277ns
    Source Clock Delay      (SCD):    0.974ns
    Clock Pessimism Removal (CPR):    -0.000ns
  Clock Uncertainty:      0.154ns  ((TSJ^2 + TIJ^2)^1/2 + DJ) / 2 + PE
    Total System Jitter     (TSJ):    0.071ns
    Total Input Jitter      (TIJ):    0.300ns
    Discrete Jitter          (DJ):    0.000ns
    Phase Error              (PE):    0.000ns
  Timing Exception:       False Path

    Location             Delay type                Incr(ns)  Path(ns)    Netlist Resource(s)
  -------------------------------------------------------------------    -------------------
                         (clock clk_fpga_0 rise edge)
                                                      0.000     0.000 r  
    PS7_X0Y0             PS7                          0.000     0.000 r  design_1_i/processing_system7_0/inst/PS7_i/FCLKCLK[0]
                         net (fo=1, routed)           0.310     0.310    design_1_i/processing_system7_0/inst/FCLK_CLK_unbuffered[0]
    BUFGCTRL_X0Y16       BUFG (Prop_bufg_I_O)         0.026     0.336 r  design_1_i/processing_system7_0/inst/buffer_fclk_clk_0.FCLK_CLK_0_BUFG/O
                         net (fo=753, routed)         0.638     0.974    design_1_i/axi_smc/inst/clk_map/psr_aclk/U0/aclk
    SLICE_X37Y106        FDRE                                         r  design_1_i/axi_smc/inst/clk_map/psr_aclk/U0/ACTIVE_LOW_BSR_OUT_DFF[0].FDRE_BSR_N/C
  -------------------------------------------------------------------    -------------------
    SLICE_X37Y106        FDRE (Prop_fdre_C_Q)         0.141     1.115 r  design_1_i/axi_smc/inst/clk_map/psr_aclk/U0/ACTIVE_LOW_BSR_OUT_DFF[0].FDRE_BSR_N/Q
                         net (fo=9, routed)           0.270     1.385    design_1_i/axi_smc/inst/s00_entry_pipeline/s00_mmu/inst/xpm_cdc_async_rst_inst/src_arst
    SLICE_X35Y105        LUT1 (Prop_lut1_I0_O)        0.045     1.430 f  design_1_i/axi_smc/inst/s00_entry_pipeline/s00_mmu/inst/xpm_cdc_async_rst_inst/arststages_ff[2]_i_1/O
                         net (fo=3, routed)           0.178     1.608    design_1_i/axi_smc/inst/s00_entry_pipeline/s00_mmu/inst/xpm_cdc_async_rst_inst/reset_pol
    SLICE_X32Y105        FDCE                                         f  design_1_i/axi_smc/inst/s00_entry_pipeline/s00_mmu/inst/xpm_cdc_async_rst_inst/arststages_ff_reg[2]/CLR
  -------------------------------------------------------------------    -------------------

                         (clock clk_fpga_0 rise edge)
                                                      0.000     0.000 r  
    PS7_X0Y0             PS7                          0.000     0.000 r  design_1_i/processing_system7_0/inst/PS7_i/FCLKCLK[0]
                         net (fo=1, routed)           0.337     0.337    design_1_i/processing_system7_0/inst/FCLK_CLK_unbuffered[0]
    BUFGCTRL_X0Y16       BUFG (Prop_bufg_I_O)         0.029     0.366 r  design_1_i/processing_system7_0/inst/buffer_fclk_clk_0.FCLK_CLK_0_BUFG/O
                         net (fo=753, routed)         0.911     1.277    design_1_i/axi_smc/inst/s00_entry_pipeline/s00_mmu/inst/xpm_cdc_async_rst_inst/dest_clk
    SLICE_X32Y105        FDCE                                         r  design_1_i/axi_smc/inst/s00_entry_pipeline/s00_mmu/inst/xpm_cdc_async_rst_inst/arststages_ff_reg[2]/C

Slack:                    inf
  Source:                 design_1_i/axi_smc/inst/clk_map/psr_aclk/U0/ACTIVE_LOW_BSR_OUT_DFF[0].FDRE_BSR_N/C
                            (rising edge-triggered cell FDRE clocked by clk_fpga_0  {rise@0.000ns fall@5.000ns period=10.000ns})
  Destination:            design_1_i/axi_smc/inst/s00_nodes/s00_aw_node/inst/s_sc_xpm_cdc_async_rst_inst/arststages_ff_reg[0]/CLR
                            (removal check against rising-edge clock clk_fpga_0  {rise@0.000ns fall@5.000ns period=10.000ns})
  Path Group:             (none)
  Path Type:              Removal (Min at Fast Process Corner)
  Data Path Delay:        0.659ns  (logic 0.186ns (28.214%)  route 0.473ns (71.786%))
  Logic Levels:           1  (LUT1=1)
  Clock Path Skew:        0.303ns (DCD - SCD - CPR)
    Destination Clock Delay (DCD):    1.277ns
    Source Clock Delay      (SCD):    0.974ns
    Clock Pessimism Removal (CPR):    -0.000ns
  Clock Uncertainty:      0.154ns  ((TSJ^2 + TIJ^2)^1/2 + DJ) / 2 + PE
    Total System Jitter     (TSJ):    0.071ns
    Total Input Jitter      (TIJ):    0.300ns
    Discrete Jitter          (DJ):    0.000ns
    Phase Error              (PE):    0.000ns
  Timing Exception:       False Path

    Location             Delay type                Incr(ns)  Path(ns)    Netlist Resource(s)
  -------------------------------------------------------------------    -------------------
                         (clock clk_fpga_0 rise edge)
                                                      0.000     0.000 r  
    PS7_X0Y0             PS7                          0.000     0.000 r  design_1_i/processing_system7_0/inst/PS7_i/FCLKCLK[0]
                         net (fo=1, routed)           0.310     0.310    design_1_i/processing_system7_0/inst/FCLK_CLK_unbuffered[0]
    BUFGCTRL_X0Y16       BUFG (Prop_bufg_I_O)         0.026     0.336 r  design_1_i/processing_system7_0/inst/buffer_fclk_clk_0.FCLK_CLK_0_BUFG/O
                         net (fo=753, routed)         0.638     0.974    design_1_i/axi_smc/inst/clk_map/psr_aclk/U0/aclk
    SLICE_X37Y106        FDRE                                         r  design_1_i/axi_smc/inst/clk_map/psr_aclk/U0/ACTIVE_LOW_BSR_OUT_DFF[0].FDRE_BSR_N/C
  -------------------------------------------------------------------    -------------------
    SLICE_X37Y106        FDRE (Prop_fdre_C_Q)         0.141     1.115 r  design_1_i/axi_smc/inst/clk_map/psr_aclk/U0/ACTIVE_LOW_BSR_OUT_DFF[0].FDRE_BSR_N/Q
                         net (fo=9, routed)           0.354     1.469    design_1_i/axi_smc/inst/s00_nodes/s00_aw_node/inst/s_sc_xpm_cdc_async_rst_inst/src_arst
    SLICE_X35Y105        LUT1 (Prop_lut1_I0_O)        0.045     1.514 f  design_1_i/axi_smc/inst/s00_nodes/s00_aw_node/inst/s_sc_xpm_cdc_async_rst_inst/arststages_ff[2]_i_1/O
                         net (fo=3, routed)           0.119     1.633    design_1_i/axi_smc/inst/s00_nodes/s00_aw_node/inst/s_sc_xpm_cdc_async_rst_inst/reset_pol
    SLICE_X35Y105        FDCE                                         f  design_1_i/axi_smc/inst/s00_nodes/s00_aw_node/inst/s_sc_xpm_cdc_async_rst_inst/arststages_ff_reg[0]/CLR
  -------------------------------------------------------------------    -------------------

                         (clock clk_fpga_0 rise edge)
                                                      0.000     0.000 r  
    PS7_X0Y0             PS7                          0.000     0.000 r  design_1_i/processing_system7_0/inst/PS7_i/FCLKCLK[0]
                         net (fo=1, routed)           0.337     0.337    design_1_i/processing_system7_0/inst/FCLK_CLK_unbuffered[0]
    BUFGCTRL_X0Y16       BUFG (Prop_bufg_I_O)         0.029     0.366 r  design_1_i/processing_system7_0/inst/buffer_fclk_clk_0.FCLK_CLK_0_BUFG/O
                         net (fo=753, routed)         0.911     1.277    design_1_i/axi_smc/inst/s00_nodes/s00_aw_node/inst/s_sc_xpm_cdc_async_rst_inst/dest_clk
    SLICE_X35Y105        FDCE                                         r  design_1_i/axi_smc/inst/s00_nodes/s00_aw_node/inst/s_sc_xpm_cdc_async_rst_inst/arststages_ff_reg[0]/C

Slack:                    inf
  Source:                 design_1_i/axi_smc/inst/clk_map/psr_aclk/U0/ACTIVE_LOW_BSR_OUT_DFF[0].FDRE_BSR_N/C
                            (rising edge-triggered cell FDRE clocked by clk_fpga_0  {rise@0.000ns fall@5.000ns period=10.000ns})
  Destination:            design_1_i/axi_smc/inst/s00_nodes/s00_aw_node/inst/s_sc_xpm_cdc_async_rst_inst/arststages_ff_reg[1]/CLR
                            (removal check against rising-edge clock clk_fpga_0  {rise@0.000ns fall@5.000ns period=10.000ns})
  Path Group:             (none)
  Path Type:              Removal (Min at Fast Process Corner)
  Data Path Delay:        0.659ns  (logic 0.186ns (28.214%)  route 0.473ns (71.786%))
  Logic Levels:           1  (LUT1=1)
  Clock Path Skew:        0.303ns (DCD - SCD - CPR)
    Destination Clock Delay (DCD):    1.277ns
    Source Clock Delay      (SCD):    0.974ns
    Clock Pessimism Removal (CPR):    -0.000ns
  Clock Uncertainty:      0.154ns  ((TSJ^2 + TIJ^2)^1/2 + DJ) / 2 + PE
    Total System Jitter     (TSJ):    0.071ns
    Total Input Jitter      (TIJ):    0.300ns
    Discrete Jitter          (DJ):    0.000ns
    Phase Error              (PE):    0.000ns
  Timing Exception:       False Path

    Location             Delay type                Incr(ns)  Path(ns)    Netlist Resource(s)
  -------------------------------------------------------------------    -------------------
                         (clock clk_fpga_0 rise edge)
                                                      0.000     0.000 r  
    PS7_X0Y0             PS7                          0.000     0.000 r  design_1_i/processing_system7_0/inst/PS7_i/FCLKCLK[0]
                         net (fo=1, routed)           0.310     0.310    design_1_i/processing_system7_0/inst/FCLK_CLK_unbuffered[0]
    BUFGCTRL_X0Y16       BUFG (Prop_bufg_I_O)         0.026     0.336 r  design_1_i/processing_system7_0/inst/buffer_fclk_clk_0.FCLK_CLK_0_BUFG/O
                         net (fo=753, routed)         0.638     0.974    design_1_i/axi_smc/inst/clk_map/psr_aclk/U0/aclk
    SLICE_X37Y106        FDRE                                         r  design_1_i/axi_smc/inst/clk_map/psr_aclk/U0/ACTIVE_LOW_BSR_OUT_DFF[0].FDRE_BSR_N/C
  -------------------------------------------------------------------    -------------------
    SLICE_X37Y106        FDRE (Prop_fdre_C_Q)         0.141     1.115 r  design_1_i/axi_smc/inst/clk_map/psr_aclk/U0/ACTIVE_LOW_BSR_OUT_DFF[0].FDRE_BSR_N/Q
                         net (fo=9, routed)           0.354     1.469    design_1_i/axi_smc/inst/s00_nodes/s00_aw_node/inst/s_sc_xpm_cdc_async_rst_inst/src_arst
    SLICE_X35Y105        LUT1 (Prop_lut1_I0_O)        0.045     1.514 f  design_1_i/axi_smc/inst/s00_nodes/s00_aw_node/inst/s_sc_xpm_cdc_async_rst_inst/arststages_ff[2]_i_1/O
                         net (fo=3, routed)           0.119     1.633    design_1_i/axi_smc/inst/s00_nodes/s00_aw_node/inst/s_sc_xpm_cdc_async_rst_inst/reset_pol
    SLICE_X35Y105        FDCE                                         f  design_1_i/axi_smc/inst/s00_nodes/s00_aw_node/inst/s_sc_xpm_cdc_async_rst_inst/arststages_ff_reg[1]/CLR
  -------------------------------------------------------------------    -------------------

                         (clock clk_fpga_0 rise edge)
                                                      0.000     0.000 r  
    PS7_X0Y0             PS7                          0.000     0.000 r  design_1_i/processing_system7_0/inst/PS7_i/FCLKCLK[0]
                         net (fo=1, routed)           0.337     0.337    design_1_i/processing_system7_0/inst/FCLK_CLK_unbuffered[0]
    BUFGCTRL_X0Y16       BUFG (Prop_bufg_I_O)         0.029     0.366 r  design_1_i/processing_system7_0/inst/buffer_fclk_clk_0.FCLK_CLK_0_BUFG/O
                         net (fo=753, routed)         0.911     1.277    design_1_i/axi_smc/inst/s00_nodes/s00_aw_node/inst/s_sc_xpm_cdc_async_rst_inst/dest_clk
    SLICE_X35Y105        FDCE                                         r  design_1_i/axi_smc/inst/s00_nodes/s00_aw_node/inst/s_sc_xpm_cdc_async_rst_inst/arststages_ff_reg[1]/C

Slack:                    inf
  Source:                 design_1_i/axi_smc/inst/clk_map/psr_aclk/U0/ACTIVE_LOW_BSR_OUT_DFF[0].FDRE_BSR_N/C
                            (rising edge-triggered cell FDRE clocked by clk_fpga_0  {rise@0.000ns fall@5.000ns period=10.000ns})
  Destination:            design_1_i/axi_smc/inst/s00_nodes/s00_aw_node/inst/s_sc_xpm_cdc_async_rst_inst/arststages_ff_reg[2]/CLR
                            (removal check against rising-edge clock clk_fpga_0  {rise@0.000ns fall@5.000ns period=10.000ns})
  Path Group:             (none)
  Path Type:              Removal (Min at Fast Process Corner)
  Data Path Delay:        0.659ns  (logic 0.186ns (28.214%)  route 0.473ns (71.786%))
  Logic Levels:           1  (LUT1=1)
  Clock Path Skew:        0.303ns (DCD - SCD - CPR)
    Destination Clock Delay (DCD):    1.277ns
    Source Clock Delay      (SCD):    0.974ns
    Clock Pessimism Removal (CPR):    -0.000ns
  Clock Uncertainty:      0.154ns  ((TSJ^2 + TIJ^2)^1/2 + DJ) / 2 + PE
    Total System Jitter     (TSJ):    0.071ns
    Total Input Jitter      (TIJ):    0.300ns
    Discrete Jitter          (DJ):    0.000ns
    Phase Error              (PE):    0.000ns
  Timing Exception:       False Path

    Location             Delay type                Incr(ns)  Path(ns)    Netlist Resource(s)
  -------------------------------------------------------------------    -------------------
                         (clock clk_fpga_0 rise edge)
                                                      0.000     0.000 r  
    PS7_X0Y0             PS7                          0.000     0.000 r  design_1_i/processing_system7_0/inst/PS7_i/FCLKCLK[0]
                         net (fo=1, routed)           0.310     0.310    design_1_i/processing_system7_0/inst/FCLK_CLK_unbuffered[0]
    BUFGCTRL_X0Y16       BUFG (Prop_bufg_I_O)         0.026     0.336 r  design_1_i/processing_system7_0/inst/buffer_fclk_clk_0.FCLK_CLK_0_BUFG/O
                         net (fo=753, routed)         0.638     0.974    design_1_i/axi_smc/inst/clk_map/psr_aclk/U0/aclk
    SLICE_X37Y106        FDRE                                         r  design_1_i/axi_smc/inst/clk_map/psr_aclk/U0/ACTIVE_LOW_BSR_OUT_DFF[0].FDRE_BSR_N/C
  -------------------------------------------------------------------    -------------------
    SLICE_X37Y106        FDRE (Prop_fdre_C_Q)         0.141     1.115 r  design_1_i/axi_smc/inst/clk_map/psr_aclk/U0/ACTIVE_LOW_BSR_OUT_DFF[0].FDRE_BSR_N/Q
                         net (fo=9, routed)           0.354     1.469    design_1_i/axi_smc/inst/s00_nodes/s00_aw_node/inst/s_sc_xpm_cdc_async_rst_inst/src_arst
    SLICE_X35Y105        LUT1 (Prop_lut1_I0_O)        0.045     1.514 f  design_1_i/axi_smc/inst/s00_nodes/s00_aw_node/inst/s_sc_xpm_cdc_async_rst_inst/arststages_ff[2]_i_1/O
                         net (fo=3, routed)           0.119     1.633    design_1_i/axi_smc/inst/s00_nodes/s00_aw_node/inst/s_sc_xpm_cdc_async_rst_inst/reset_pol
    SLICE_X35Y105        FDCE                                         f  design_1_i/axi_smc/inst/s00_nodes/s00_aw_node/inst/s_sc_xpm_cdc_async_rst_inst/arststages_ff_reg[2]/CLR
  -------------------------------------------------------------------    -------------------

                         (clock clk_fpga_0 rise edge)
                                                      0.000     0.000 r  
    PS7_X0Y0             PS7                          0.000     0.000 r  design_1_i/processing_system7_0/inst/PS7_i/FCLKCLK[0]
                         net (fo=1, routed)           0.337     0.337    design_1_i/processing_system7_0/inst/FCLK_CLK_unbuffered[0]
    BUFGCTRL_X0Y16       BUFG (Prop_bufg_I_O)         0.029     0.366 r  design_1_i/processing_system7_0/inst/buffer_fclk_clk_0.FCLK_CLK_0_BUFG/O
                         net (fo=753, routed)         0.911     1.277    design_1_i/axi_smc/inst/s00_nodes/s00_aw_node/inst/s_sc_xpm_cdc_async_rst_inst/dest_clk
    SLICE_X35Y105        FDCE                                         r  design_1_i/axi_smc/inst/s00_nodes/s00_aw_node/inst/s_sc_xpm_cdc_async_rst_inst/arststages_ff_reg[2]/C

Slack:                    inf
  Source:                 design_1_i/axi_smc/inst/clk_map/psr_aclk/U0/ACTIVE_LOW_BSR_OUT_DFF[0].FDRE_BSR_N/C
                            (rising edge-triggered cell FDRE clocked by clk_fpga_0  {rise@0.000ns fall@5.000ns period=10.000ns})
  Destination:            design_1_i/axi_smc/inst/m00_exit_pipeline/m00_exit/inst/xpm_cdc_async_rst_inst/arststages_ff_reg[0]/CLR
                            (removal check against rising-edge clock clk_fpga_0  {rise@0.000ns fall@5.000ns period=10.000ns})
  Path Group:             (none)
  Path Type:              Removal (Min at Fast Process Corner)
  Data Path Delay:        0.688ns  (logic 0.186ns (27.046%)  route 0.502ns (72.954%))
  Logic Levels:           1  (LUT1=1)
  Clock Path Skew:        0.303ns (DCD - SCD - CPR)
    Destination Clock Delay (DCD):    1.277ns
    Source Clock Delay      (SCD):    0.974ns
    Clock Pessimism Removal (CPR):    -0.000ns
  Clock Uncertainty:      0.154ns  ((TSJ^2 + TIJ^2)^1/2 + DJ) / 2 + PE
    Total System Jitter     (TSJ):    0.071ns
    Total Input Jitter      (TIJ):    0.300ns
    Discrete Jitter          (DJ):    0.000ns
    Phase Error              (PE):    0.000ns
  Timing Exception:       False Path

    Location             Delay type                Incr(ns)  Path(ns)    Netlist Resource(s)
  -------------------------------------------------------------------    -------------------
                         (clock clk_fpga_0 rise edge)
                                                      0.000     0.000 r  
    PS7_X0Y0             PS7                          0.000     0.000 r  design_1_i/processing_system7_0/inst/PS7_i/FCLKCLK[0]
                         net (fo=1, routed)           0.310     0.310    design_1_i/processing_system7_0/inst/FCLK_CLK_unbuffered[0]
    BUFGCTRL_X0Y16       BUFG (Prop_bufg_I_O)         0.026     0.336 r  design_1_i/processing_system7_0/inst/buffer_fclk_clk_0.FCLK_CLK_0_BUFG/O
                         net (fo=753, routed)         0.638     0.974    design_1_i/axi_smc/inst/clk_map/psr_aclk/U0/aclk
    SLICE_X37Y106        FDRE                                         r  design_1_i/axi_smc/inst/clk_map/psr_aclk/U0/ACTIVE_LOW_BSR_OUT_DFF[0].FDRE_BSR_N/C
  -------------------------------------------------------------------    -------------------
    SLICE_X37Y106        FDRE (Prop_fdre_C_Q)         0.141     1.115 r  design_1_i/axi_smc/inst/clk_map/psr_aclk/U0/ACTIVE_LOW_BSR_OUT_DFF[0].FDRE_BSR_N/Q
                         net (fo=9, routed)           0.270     1.385    design_1_i/axi_smc/inst/m00_exit_pipeline/m00_exit/inst/xpm_cdc_async_rst_inst/src_arst
    SLICE_X35Y105        LUT1 (Prop_lut1_I0_O)        0.045     1.430 f  design_1_i/axi_smc/inst/m00_exit_pipeline/m00_exit/inst/xpm_cdc_async_rst_inst/arststages_ff[2]_i_1/O
                         net (fo=3, routed)           0.232     1.662    design_1_i/axi_smc/inst/m00_exit_pipeline/m00_exit/inst/xpm_cdc_async_rst_inst/reset_pol
    SLICE_X34Y105        FDCE                                         f  design_1_i/axi_smc/inst/m00_exit_pipeline/m00_exit/inst/xpm_cdc_async_rst_inst/arststages_ff_reg[0]/CLR
  -------------------------------------------------------------------    -------------------

                         (clock clk_fpga_0 rise edge)
                                                      0.000     0.000 r  
    PS7_X0Y0             PS7                          0.000     0.000 r  design_1_i/processing_system7_0/inst/PS7_i/FCLKCLK[0]
                         net (fo=1, routed)           0.337     0.337    design_1_i/processing_system7_0/inst/FCLK_CLK_unbuffered[0]
    BUFGCTRL_X0Y16       BUFG (Prop_bufg_I_O)         0.029     0.366 r  design_1_i/processing_system7_0/inst/buffer_fclk_clk_0.FCLK_CLK_0_BUFG/O
                         net (fo=753, routed)         0.911     1.277    design_1_i/axi_smc/inst/m00_exit_pipeline/m00_exit/inst/xpm_cdc_async_rst_inst/dest_clk
    SLICE_X34Y105        FDCE                                         r  design_1_i/axi_smc/inst/m00_exit_pipeline/m00_exit/inst/xpm_cdc_async_rst_inst/arststages_ff_reg[0]/C

Slack:                    inf
  Source:                 design_1_i/axi_smc/inst/clk_map/psr_aclk/U0/ACTIVE_LOW_BSR_OUT_DFF[0].FDRE_BSR_N/C
                            (rising edge-triggered cell FDRE clocked by clk_fpga_0  {rise@0.000ns fall@5.000ns period=10.000ns})
  Destination:            design_1_i/axi_smc/inst/m00_exit_pipeline/m00_exit/inst/xpm_cdc_async_rst_inst/arststages_ff_reg[1]/CLR
                            (removal check against rising-edge clock clk_fpga_0  {rise@0.000ns fall@5.000ns period=10.000ns})
  Path Group:             (none)
  Path Type:              Removal (Min at Fast Process Corner)
  Data Path Delay:        0.688ns  (logic 0.186ns (27.046%)  route 0.502ns (72.954%))
  Logic Levels:           1  (LUT1=1)
  Clock Path Skew:        0.303ns (DCD - SCD - CPR)
    Destination Clock Delay (DCD):    1.277ns
    Source Clock Delay      (SCD):    0.974ns
    Clock Pessimism Removal (CPR):    -0.000ns
  Clock Uncertainty:      0.154ns  ((TSJ^2 + TIJ^2)^1/2 + DJ) / 2 + PE
    Total System Jitter     (TSJ):    0.071ns
    Total Input Jitter      (TIJ):    0.300ns
    Discrete Jitter          (DJ):    0.000ns
    Phase Error              (PE):    0.000ns
  Timing Exception:       False Path

    Location             Delay type                Incr(ns)  Path(ns)    Netlist Resource(s)
  -------------------------------------------------------------------    -------------------
                         (clock clk_fpga_0 rise edge)
                                                      0.000     0.000 r  
    PS7_X0Y0             PS7                          0.000     0.000 r  design_1_i/processing_system7_0/inst/PS7_i/FCLKCLK[0]
                         net (fo=1, routed)           0.310     0.310    design_1_i/processing_system7_0/inst/FCLK_CLK_unbuffered[0]
    BUFGCTRL_X0Y16       BUFG (Prop_bufg_I_O)         0.026     0.336 r  design_1_i/processing_system7_0/inst/buffer_fclk_clk_0.FCLK_CLK_0_BUFG/O
                         net (fo=753, routed)         0.638     0.974    design_1_i/axi_smc/inst/clk_map/psr_aclk/U0/aclk
    SLICE_X37Y106        FDRE                                         r  design_1_i/axi_smc/inst/clk_map/psr_aclk/U0/ACTIVE_LOW_BSR_OUT_DFF[0].FDRE_BSR_N/C
  -------------------------------------------------------------------    -------------------
    SLICE_X37Y106        FDRE (Prop_fdre_C_Q)         0.141     1.115 r  design_1_i/axi_smc/inst/clk_map/psr_aclk/U0/ACTIVE_LOW_BSR_OUT_DFF[0].FDRE_BSR_N/Q
                         net (fo=9, routed)           0.270     1.385    design_1_i/axi_smc/inst/m00_exit_pipeline/m00_exit/inst/xpm_cdc_async_rst_inst/src_arst
    SLICE_X35Y105        LUT1 (Prop_lut1_I0_O)        0.045     1.430 f  design_1_i/axi_smc/inst/m00_exit_pipeline/m00_exit/inst/xpm_cdc_async_rst_inst/arststages_ff[2]_i_1/O
                         net (fo=3, routed)           0.232     1.662    design_1_i/axi_smc/inst/m00_exit_pipeline/m00_exit/inst/xpm_cdc_async_rst_inst/reset_pol
    SLICE_X34Y105        FDCE                                         f  design_1_i/axi_smc/inst/m00_exit_pipeline/m00_exit/inst/xpm_cdc_async_rst_inst/arststages_ff_reg[1]/CLR
  -------------------------------------------------------------------    -------------------

                         (clock clk_fpga_0 rise edge)
                                                      0.000     0.000 r  
    PS7_X0Y0             PS7                          0.000     0.000 r  design_1_i/processing_system7_0/inst/PS7_i/FCLKCLK[0]
                         net (fo=1, routed)           0.337     0.337    design_1_i/processing_system7_0/inst/FCLK_CLK_unbuffered[0]
    BUFGCTRL_X0Y16       BUFG (Prop_bufg_I_O)         0.029     0.366 r  design_1_i/processing_system7_0/inst/buffer_fclk_clk_0.FCLK_CLK_0_BUFG/O
                         net (fo=753, routed)         0.911     1.277    design_1_i/axi_smc/inst/m00_exit_pipeline/m00_exit/inst/xpm_cdc_async_rst_inst/dest_clk
    SLICE_X34Y105        FDCE                                         r  design_1_i/axi_smc/inst/m00_exit_pipeline/m00_exit/inst/xpm_cdc_async_rst_inst/arststages_ff_reg[1]/C

Slack:                    inf
  Source:                 design_1_i/axi_smc/inst/clk_map/psr_aclk/U0/ACTIVE_LOW_BSR_OUT_DFF[0].FDRE_BSR_N/C
                            (rising edge-triggered cell FDRE clocked by clk_fpga_0  {rise@0.000ns fall@5.000ns period=10.000ns})
  Destination:            design_1_i/axi_smc/inst/m00_exit_pipeline/m00_exit/inst/xpm_cdc_async_rst_inst/arststages_ff_reg[2]/CLR
                            (removal check against rising-edge clock clk_fpga_0  {rise@0.000ns fall@5.000ns period=10.000ns})
  Path Group:             (none)
  Path Type:              Removal (Min at Fast Process Corner)
  Data Path Delay:        0.688ns  (logic 0.186ns (27.046%)  route 0.502ns (72.954%))
  Logic Levels:           1  (LUT1=1)
  Clock Path Skew:        0.303ns (DCD - SCD - CPR)
    Destination Clock Delay (DCD):    1.277ns
    Source Clock Delay      (SCD):    0.974ns
    Clock Pessimism Removal (CPR):    -0.000ns
  Clock Uncertainty:      0.154ns  ((TSJ^2 + TIJ^2)^1/2 + DJ) / 2 + PE
    Total System Jitter     (TSJ):    0.071ns
    Total Input Jitter      (TIJ):    0.300ns
    Discrete Jitter          (DJ):    0.000ns
    Phase Error              (PE):    0.000ns
  Timing Exception:       False Path

    Location             Delay type                Incr(ns)  Path(ns)    Netlist Resource(s)
  -------------------------------------------------------------------    -------------------
                         (clock clk_fpga_0 rise edge)
                                                      0.000     0.000 r  
    PS7_X0Y0             PS7                          0.000     0.000 r  design_1_i/processing_system7_0/inst/PS7_i/FCLKCLK[0]
                         net (fo=1, routed)           0.310     0.310    design_1_i/processing_system7_0/inst/FCLK_CLK_unbuffered[0]
    BUFGCTRL_X0Y16       BUFG (Prop_bufg_I_O)         0.026     0.336 r  design_1_i/processing_system7_0/inst/buffer_fclk_clk_0.FCLK_CLK_0_BUFG/O
                         net (fo=753, routed)         0.638     0.974    design_1_i/axi_smc/inst/clk_map/psr_aclk/U0/aclk
    SLICE_X37Y106        FDRE                                         r  design_1_i/axi_smc/inst/clk_map/psr_aclk/U0/ACTIVE_LOW_BSR_OUT_DFF[0].FDRE_BSR_N/C
  -------------------------------------------------------------------    -------------------
    SLICE_X37Y106        FDRE (Prop_fdre_C_Q)         0.141     1.115 r  design_1_i/axi_smc/inst/clk_map/psr_aclk/U0/ACTIVE_LOW_BSR_OUT_DFF[0].FDRE_BSR_N/Q
                         net (fo=9, routed)           0.270     1.385    design_1_i/axi_smc/inst/m00_exit_pipeline/m00_exit/inst/xpm_cdc_async_rst_inst/src_arst
    SLICE_X35Y105        LUT1 (Prop_lut1_I0_O)        0.045     1.430 f  design_1_i/axi_smc/inst/m00_exit_pipeline/m00_exit/inst/xpm_cdc_async_rst_inst/arststages_ff[2]_i_1/O
                         net (fo=3, routed)           0.232     1.662    design_1_i/axi_smc/inst/m00_exit_pipeline/m00_exit/inst/xpm_cdc_async_rst_inst/reset_pol
    SLICE_X34Y105        FDCE                                         f  design_1_i/axi_smc/inst/m00_exit_pipeline/m00_exit/inst/xpm_cdc_async_rst_inst/arststages_ff_reg[2]/CLR
  -------------------------------------------------------------------    -------------------

                         (clock clk_fpga_0 rise edge)
                                                      0.000     0.000 r  
    PS7_X0Y0             PS7                          0.000     0.000 r  design_1_i/processing_system7_0/inst/PS7_i/FCLKCLK[0]
                         net (fo=1, routed)           0.337     0.337    design_1_i/processing_system7_0/inst/FCLK_CLK_unbuffered[0]
    BUFGCTRL_X0Y16       BUFG (Prop_bufg_I_O)         0.029     0.366 r  design_1_i/processing_system7_0/inst/buffer_fclk_clk_0.FCLK_CLK_0_BUFG/O
                         net (fo=753, routed)         0.911     1.277    design_1_i/axi_smc/inst/m00_exit_pipeline/m00_exit/inst/xpm_cdc_async_rst_inst/dest_clk
    SLICE_X34Y105        FDCE                                         r  design_1_i/axi_smc/inst/m00_exit_pipeline/m00_exit/inst/xpm_cdc_async_rst_inst/arststages_ff_reg[2]/C

Slack:                    inf
  Source:                 design_1_i/axi_smc/inst/clk_map/psr_aclk/U0/ACTIVE_LOW_BSR_OUT_DFF[0].FDRE_BSR_N/C
                            (rising edge-triggered cell FDRE clocked by clk_fpga_0  {rise@0.000ns fall@5.000ns period=10.000ns})
  Destination:            design_1_i/axi_smc/inst/s00_nodes/s00_b_node/inst/s_sc_xpm_cdc_async_rst_inst/arststages_ff_reg[0]/CLR
                            (removal check against rising-edge clock clk_fpga_0  {rise@0.000ns fall@5.000ns period=10.000ns})
  Path Group:             (none)
  Path Type:              Removal (Min at Fast Process Corner)
  Data Path Delay:        0.721ns  (logic 0.184ns (25.515%)  route 0.537ns (74.485%))
  Logic Levels:           1  (LUT1=1)
  Clock Path Skew:        0.302ns (DCD - SCD - CPR)
    Destination Clock Delay (DCD):    1.276ns
    Source Clock Delay      (SCD):    0.974ns
    Clock Pessimism Removal (CPR):    -0.000ns
  Clock Uncertainty:      0.154ns  ((TSJ^2 + TIJ^2)^1/2 + DJ) / 2 + PE
    Total System Jitter     (TSJ):    0.071ns
    Total Input Jitter      (TIJ):    0.300ns
    Discrete Jitter          (DJ):    0.000ns
    Phase Error              (PE):    0.000ns
  Timing Exception:       False Path

    Location             Delay type                Incr(ns)  Path(ns)    Netlist Resource(s)
  -------------------------------------------------------------------    -------------------
                         (clock clk_fpga_0 rise edge)
                                                      0.000     0.000 r  
    PS7_X0Y0             PS7                          0.000     0.000 r  design_1_i/processing_system7_0/inst/PS7_i/FCLKCLK[0]
                         net (fo=1, routed)           0.310     0.310    design_1_i/processing_system7_0/inst/FCLK_CLK_unbuffered[0]
    BUFGCTRL_X0Y16       BUFG (Prop_bufg_I_O)         0.026     0.336 r  design_1_i/processing_system7_0/inst/buffer_fclk_clk_0.FCLK_CLK_0_BUFG/O
                         net (fo=753, routed)         0.638     0.974    design_1_i/axi_smc/inst/clk_map/psr_aclk/U0/aclk
    SLICE_X37Y106        FDRE                                         r  design_1_i/axi_smc/inst/clk_map/psr_aclk/U0/ACTIVE_LOW_BSR_OUT_DFF[0].FDRE_BSR_N/C
  -------------------------------------------------------------------    -------------------
    SLICE_X37Y106        FDRE (Prop_fdre_C_Q)         0.141     1.115 r  design_1_i/axi_smc/inst/clk_map/psr_aclk/U0/ACTIVE_LOW_BSR_OUT_DFF[0].FDRE_BSR_N/Q
                         net (fo=9, routed)           0.354     1.469    design_1_i/axi_smc/inst/s00_nodes/s00_b_node/inst/s_sc_xpm_cdc_async_rst_inst/src_arst
    SLICE_X35Y105        LUT1 (Prop_lut1_I0_O)        0.043     1.512 f  design_1_i/axi_smc/inst/s00_nodes/s00_b_node/inst/s_sc_xpm_cdc_async_rst_inst/arststages_ff[2]_i_1/O
                         net (fo=3, routed)           0.183     1.695    design_1_i/axi_smc/inst/s00_nodes/s00_b_node/inst/s_sc_xpm_cdc_async_rst_inst/reset_pol
    SLICE_X35Y107        FDCE                                         f  design_1_i/axi_smc/inst/s00_nodes/s00_b_node/inst/s_sc_xpm_cdc_async_rst_inst/arststages_ff_reg[0]/CLR
  -------------------------------------------------------------------    -------------------

                         (clock clk_fpga_0 rise edge)
                                                      0.000     0.000 r  
    PS7_X0Y0             PS7                          0.000     0.000 r  design_1_i/processing_system7_0/inst/PS7_i/FCLKCLK[0]
                         net (fo=1, routed)           0.337     0.337    design_1_i/processing_system7_0/inst/FCLK_CLK_unbuffered[0]
    BUFGCTRL_X0Y16       BUFG (Prop_bufg_I_O)         0.029     0.366 r  design_1_i/processing_system7_0/inst/buffer_fclk_clk_0.FCLK_CLK_0_BUFG/O
                         net (fo=753, routed)         0.910     1.276    design_1_i/axi_smc/inst/s00_nodes/s00_b_node/inst/s_sc_xpm_cdc_async_rst_inst/dest_clk
    SLICE_X35Y107        FDCE                                         r  design_1_i/axi_smc/inst/s00_nodes/s00_b_node/inst/s_sc_xpm_cdc_async_rst_inst/arststages_ff_reg[0]/C





