Copyright 1986-2022 Xilinx, Inc. All Rights Reserved.
---------------------------------------------------------------------------------------------------------------------------------------------------------------------------------------------------------------------------------------------
| Tool Version : Vivado v.2022.2 (win64) Build 3671981 Fri Oct 14 05:00:03 MDT 2022
| Date         : Fri May 29 14:15:38 2026
| Host         : SEMICON running 64-bit major release  (build 9200)
| Command      : report_timing_summary -max_paths 10 -report_unconstrained -file design_1_wrapper_timing_summary_routed.rpt -pb design_1_wrapper_timing_summary_routed.pb -rpx design_1_wrapper_timing_summary_routed.rpx -warn_on_violation
| Design       : design_1_wrapper
| Device       : 7z020-clg400
| Speed File   : -1  PRODUCTION 1.12 2019-11-22
---------------------------------------------------------------------------------------------------------------------------------------------------------------------------------------------------------------------------------------------

Timing Summary Report

------------------------------------------------------------------------------------------------
| Timer Settings
| --------------
------------------------------------------------------------------------------------------------

  Enable Multi Corner Analysis               :  Yes
  Enable Pessimism Removal                   :  Yes
  Pessimism Removal Resolution               :  Nearest Common Node
  Enable Input Delay Default Clock           :  No
  Enable Preset / Clear Arcs                 :  No
  Disable Flight Delays                      :  No
  Ignore I/O Paths                           :  No
  Timing Early Launch at Borrowing Latches   :  No
  Borrow Time for Max Delay Exceptions       :  Yes
  Merge Timing Exceptions                    :  Yes

  Corner  Analyze    Analyze    
  Name    Max Paths  Min Paths  
  ------  ---------  ---------  
  Slow    Yes        Yes        
  Fast    Yes        Yes        


------------------------------------------------------------------------------------------------
| Report Methodology
| ------------------
------------------------------------------------------------------------------------------------

No report available as report_methodology has not been run prior. Run report_methodology on the current design for the summary of methodology violations.



check_timing report

Table of Contents
-----------------
1. checking no_clock (0)
2. checking constant_clock (0)
3. checking pulse_width_clock (0)
4. checking unconstrained_internal_endpoints (0)
5. checking no_input_delay (0)
6. checking no_output_delay (0)
7. checking multiple_clock (0)
8. checking generated_clocks (0)
9. checking loops (0)
10. checking partial_input_delay (0)
11. checking partial_output_delay (0)
12. checking latch_loops (0)

1. checking no_clock (0)
------------------------
 There are 0 register/latch pins with no clock.


2. checking constant_clock (0)
------------------------------
 There are 0 register/latch pins with constant_clock.


3. checking pulse_width_clock (0)
---------------------------------
 There are 0 register/latch pins which need pulse_width check


4. checking unconstrained_internal_endpoints (0)
------------------------------------------------
 There are 0 pins that are not constrained for maximum delay.

 There are 0 pins that are not constrained for maximum delay due to constant clock.


5. checking no_input_delay (0)
------------------------------
 There are 0 input ports with no input delay specified.

 There are 0 input ports with no input delay but user has a false path constraint.


6. checking no_output_delay (0)
-------------------------------
 There are 0 ports with no output delay specified.

 There are 0 ports with no output delay but user has a false path constraint

 There are 0 ports with no output delay but with a timing clock defined on it or propagating through it


7. checking multiple_clock (0)
------------------------------
 There are 0 register/latch pins with multiple clocks.


8. checking generated_clocks (0)
--------------------------------
 There are 0 generated clocks that are not connected to a clock source.


9. checking loops (0)
---------------------
 There are 0 combinational loops in the design.


10. checking partial_input_delay (0)
------------------------------------
 There are 0 input ports with partial input delay specified.


11. checking partial_output_delay (0)
-------------------------------------
 There are 0 ports with partial output delay specified.


12. checking latch_loops (0)
----------------------------
 There are 0 combinational latch loops in the design through latch input



------------------------------------------------------------------------------------------------
| Design Timing Summary
| ---------------------
------------------------------------------------------------------------------------------------

    WNS(ns)      TNS(ns)  TNS Failing Endpoints  TNS Total Endpoints      WHS(ns)      THS(ns)  THS Failing Endpoints  THS Total Endpoints     WPWS(ns)     TPWS(ns)  TPWS Failing Endpoints  TPWS Total Endpoints  
    -------      -------  ---------------------  -------------------      -------      -------  ---------------------  -------------------     --------     --------  ----------------------  --------------------  
     -0.045       -0.068                      2                 1457        0.118        0.000                      0                 1457        4.020        0.000                       0                   660  


Timing constraints are not met.


------------------------------------------------------------------------------------------------
| Clock Summary
| -------------
------------------------------------------------------------------------------------------------

Clock       Waveform(ns)       Period(ns)      Frequency(MHz)
-----       ------------       ----------      --------------
clk_fpga_0  {0.000 5.000}      10.000          100.000         


------------------------------------------------------------------------------------------------
| Intra Clock Table
| -----------------
------------------------------------------------------------------------------------------------

Clock             WNS(ns)      TNS(ns)  TNS Failing Endpoints  TNS Total Endpoints      WHS(ns)      THS(ns)  THS Failing Endpoints  THS Total Endpoints     WPWS(ns)     TPWS(ns)  TPWS Failing Endpoints  TPWS Total Endpoints  
-----             -------      -------  ---------------------  -------------------      -------      -------  ---------------------  -------------------     --------     --------  ----------------------  --------------------  
clk_fpga_0         -0.045       -0.068                      2                 1457        0.118        0.000                      0                 1457        4.020        0.000                       0                   660  


------------------------------------------------------------------------------------------------
| Inter Clock Table
| -----------------
------------------------------------------------------------------------------------------------

From Clock    To Clock          WNS(ns)      TNS(ns)  TNS Failing Endpoints  TNS Total Endpoints      WHS(ns)      THS(ns)  THS Failing Endpoints  THS Total Endpoints  
----------    --------          -------      -------  ---------------------  -------------------      -------      -------  ---------------------  -------------------  


------------------------------------------------------------------------------------------------
| Other Path Groups Table
| -----------------------
------------------------------------------------------------------------------------------------

Path Group    From Clock    To Clock          WNS(ns)      TNS(ns)  TNS Failing Endpoints  TNS Total Endpoints      WHS(ns)      THS(ns)  THS Failing Endpoints  THS Total Endpoints  
----------    ----------    --------          -------      -------  ---------------------  -------------------      -------      -------  ---------------------  -------------------  


------------------------------------------------------------------------------------------------
| User Ignored Path Table
| -----------------------
------------------------------------------------------------------------------------------------

Path Group    From Clock    To Clock    
----------    ----------    --------    
(none)                      clk_fpga_0    
(none)        clk_fpga_0    clk_fpga_0    


------------------------------------------------------------------------------------------------
| Unconstrained Path Table
| ------------------------
------------------------------------------------------------------------------------------------

Path Group    From Clock    To Clock    
----------    ----------    --------    


------------------------------------------------------------------------------------------------
| Timing Details
| --------------
------------------------------------------------------------------------------------------------


---------------------------------------------------------------------------------------------------
From Clock:  clk_fpga_0
  To Clock:  clk_fpga_0

Setup :            2  Failing Endpoints,  Worst Slack       -0.045ns,  Total Violation       -0.068ns
Hold  :            0  Failing Endpoints,  Worst Slack        0.118ns,  Total Violation        0.000ns
PW    :            0  Failing Endpoints,  Worst Slack        4.020ns,  Total Violation        0.000ns
---------------------------------------------------------------------------------------------------


Max Delay Paths
--------------------------------------------------------------------------------------
Slack (VIOLATED) :        -0.045ns  (required time - arrival time)
  Source:                 design_1_i/mac_unit_ip_0/inst/mac_unit_ip_slave_lite_v1_0_S00_AXI_inst/slv_reg1_reg[4]/C
                            (rising edge-triggered cell FDRE clocked by clk_fpga_0  {rise@0.000ns fall@5.000ns period=10.000ns})
  Destination:            design_1_i/mac_unit_ip_0/inst/mac_unit_ip_slave_lite_v1_0_S00_AXI_inst/accumulator_reg[29]/D
                            (rising edge-triggered cell FDRE clocked by clk_fpga_0  {rise@0.000ns fall@5.000ns period=10.000ns})
  Path Group:             clk_fpga_0
  Path Type:              Setup (Max at Slow Process Corner)
  Requirement:            10.000ns  (clk_fpga_0 rise@10.000ns - clk_fpga_0 rise@0.000ns)
  Data Path Delay:        9.898ns  (logic 7.794ns (78.740%)  route 2.104ns (21.260%))
  Logic Levels:           7  (CARRY4=4 DSP48E1=2 LUT2=1)
  Clock Path Skew:        -0.054ns (DCD - SCD + CPR)
    Destination Clock Delay (DCD):    2.658ns = ( 12.658 - 10.000 ) 
    Source Clock Delay      (SCD):    2.941ns
    Clock Pessimism Removal (CPR):    0.229ns
  Clock Uncertainty:      0.154ns  ((TSJ^2 + TIJ^2)^1/2 + DJ) / 2 + PE
    Total System Jitter     (TSJ):    0.071ns
    Total Input Jitter      (TIJ):    0.300ns
    Discrete Jitter          (DJ):    0.000ns
    Phase Error              (PE):    0.000ns

    Location             Delay type                Incr(ns)  Path(ns)    Netlist Resource(s)
  -------------------------------------------------------------------    -------------------
                         (clock clk_fpga_0 rise edge)
                                                      0.000     0.000 r  
    PS7_X0Y0             PS7                          0.000     0.000 r  design_1_i/processing_system7_0/inst/PS7_i/FCLKCLK[0]
                         net (fo=1, routed)           1.193     1.193    design_1_i/processing_system7_0/inst/FCLK_CLK_unbuffered[0]
    BUFGCTRL_X0Y16       BUFG (Prop_bufg_I_O)         0.101     1.294 r  design_1_i/processing_system7_0/inst/buffer_fclk_clk_0.FCLK_CLK_0_BUFG/O
                         net (fo=660, routed)         1.647     2.941    design_1_i/mac_unit_ip_0/inst/mac_unit_ip_slave_lite_v1_0_S00_AXI_inst/s00_axi_aclk
    SLICE_X34Y85         FDRE                                         r  design_1_i/mac_unit_ip_0/inst/mac_unit_ip_slave_lite_v1_0_S00_AXI_inst/slv_reg1_reg[4]/C
  -------------------------------------------------------------------    -------------------
    SLICE_X34Y85         FDRE (Prop_fdre_C_Q)         0.518     3.459 r  design_1_i/mac_unit_ip_0/inst/mac_unit_ip_slave_lite_v1_0_S00_AXI_inst/slv_reg1_reg[4]/Q
                         net (fo=3, routed)           0.686     4.145    design_1_i/mac_unit_ip_0/inst/mac_unit_ip_slave_lite_v1_0_S00_AXI_inst/slv_reg1[4]
    DSP48_X2Y35          DSP48E1 (Prop_dsp48e1_B[4]_PCOUT[47])
                                                      3.851     7.996 r  design_1_i/mac_unit_ip_0/inst/mac_unit_ip_slave_lite_v1_0_S00_AXI_inst/accumulator1__0/PCOUT[47]
                         net (fo=1, routed)           0.002     7.998    design_1_i/mac_unit_ip_0/inst/mac_unit_ip_slave_lite_v1_0_S00_AXI_inst/accumulator1__0_n_106
    DSP48_X2Y36          DSP48E1 (Prop_dsp48e1_PCIN[47]_P[3])
                                                      1.518     9.516 r  design_1_i/mac_unit_ip_0/inst/mac_unit_ip_slave_lite_v1_0_S00_AXI_inst/accumulator1__1/P[3]
                         net (fo=2, routed)           0.834    10.350    design_1_i/mac_unit_ip_0/inst/mac_unit_ip_slave_lite_v1_0_S00_AXI_inst/accumulator1__1_n_102
    SLICE_X36Y91         CARRY4 (Prop_carry4_DI[0]_CO[3])
                                                      0.550    10.900 r  design_1_i/mac_unit_ip_0/inst/mac_unit_ip_slave_lite_v1_0_S00_AXI_inst/accumulator1_carry__0/CO[3]
                         net (fo=1, routed)           0.000    10.900    design_1_i/mac_unit_ip_0/inst/mac_unit_ip_slave_lite_v1_0_S00_AXI_inst/accumulator1_carry__0_n_0
    SLICE_X36Y92         CARRY4 (Prop_carry4_CI_O[3])
                                                      0.315    11.215 r  design_1_i/mac_unit_ip_0/inst/mac_unit_ip_slave_lite_v1_0_S00_AXI_inst/accumulator1_carry__1/O[3]
                         net (fo=1, routed)           0.583    11.797    design_1_i/mac_unit_ip_0/inst/mac_unit_ip_slave_lite_v1_0_S00_AXI_inst/accumulator1_carry__1_n_4
    SLICE_X37Y92         LUT2 (Prop_lut2_I1_O)        0.307    12.104 r  design_1_i/mac_unit_ip_0/inst/mac_unit_ip_slave_lite_v1_0_S00_AXI_inst/i__carry__5_i_1/O
                         net (fo=1, routed)           0.000    12.104    design_1_i/mac_unit_ip_0/inst/mac_unit_ip_slave_lite_v1_0_S00_AXI_inst/i__carry__5_i_1_n_0
    SLICE_X37Y92         CARRY4 (Prop_carry4_S[3]_CO[3])
                                                      0.401    12.505 r  design_1_i/mac_unit_ip_0/inst/mac_unit_ip_slave_lite_v1_0_S00_AXI_inst/accumulator0_inferred__0/i__carry__5/CO[3]
                         net (fo=1, routed)           0.000    12.505    design_1_i/mac_unit_ip_0/inst/mac_unit_ip_slave_lite_v1_0_S00_AXI_inst/accumulator0_inferred__0/i__carry__5_n_0
    SLICE_X37Y93         CARRY4 (Prop_carry4_CI_O[1])
                                                      0.334    12.839 r  design_1_i/mac_unit_ip_0/inst/mac_unit_ip_slave_lite_v1_0_S00_AXI_inst/accumulator0_inferred__0/i__carry__6/O[1]
                         net (fo=1, routed)           0.000    12.839    design_1_i/mac_unit_ip_0/inst/mac_unit_ip_slave_lite_v1_0_S00_AXI_inst/p_0_in[29]
    SLICE_X37Y93         FDRE                                         r  design_1_i/mac_unit_ip_0/inst/mac_unit_ip_slave_lite_v1_0_S00_AXI_inst/accumulator_reg[29]/D
  -------------------------------------------------------------------    -------------------

                         (clock clk_fpga_0 rise edge)
                                                     10.000    10.000 r  
    PS7_X0Y0             PS7                          0.000    10.000 r  design_1_i/processing_system7_0/inst/PS7_i/FCLKCLK[0]
                         net (fo=1, routed)           1.088    11.088    design_1_i/processing_system7_0/inst/FCLK_CLK_unbuffered[0]
    BUFGCTRL_X0Y16       BUFG (Prop_bufg_I_O)         0.091    11.179 r  design_1_i/processing_system7_0/inst/buffer_fclk_clk_0.FCLK_CLK_0_BUFG/O
                         net (fo=660, routed)         1.479    12.658    design_1_i/mac_unit_ip_0/inst/mac_unit_ip_slave_lite_v1_0_S00_AXI_inst/s00_axi_aclk
    SLICE_X37Y93         FDRE                                         r  design_1_i/mac_unit_ip_0/inst/mac_unit_ip_slave_lite_v1_0_S00_AXI_inst/accumulator_reg[29]/C
                         clock pessimism              0.229    12.887    
                         clock uncertainty           -0.154    12.733    
    SLICE_X37Y93         FDRE (Setup_fdre_C_D)        0.062    12.795    design_1_i/mac_unit_ip_0/inst/mac_unit_ip_slave_lite_v1_0_S00_AXI_inst/accumulator_reg[29]
  -------------------------------------------------------------------
                         required time                         12.795    
                         arrival time                         -12.839    
  -------------------------------------------------------------------
                         slack                                 -0.045    

Slack (VIOLATED) :        -0.024ns  (required time - arrival time)
  Source:                 design_1_i/mac_unit_ip_0/inst/mac_unit_ip_slave_lite_v1_0_S00_AXI_inst/slv_reg1_reg[4]/C
                            (rising edge-triggered cell FDRE clocked by clk_fpga_0  {rise@0.000ns fall@5.000ns period=10.000ns})
  Destination:            design_1_i/mac_unit_ip_0/inst/mac_unit_ip_slave_lite_v1_0_S00_AXI_inst/accumulator_reg[31]/D
                            (rising edge-triggered cell FDRE clocked by clk_fpga_0  {rise@0.000ns fall@5.000ns period=10.000ns})
  Path Group:             clk_fpga_0
  Path Type:              Setup (Max at Slow Process Corner)
  Requirement:            10.000ns  (clk_fpga_0 rise@10.000ns - clk_fpga_0 rise@0.000ns)
  Data Path Delay:        9.877ns  (logic 7.773ns (78.695%)  route 2.104ns (21.305%))
  Logic Levels:           7  (CARRY4=4 DSP48E1=2 LUT2=1)
  Clock Path Skew:        -0.054ns (DCD - SCD + CPR)
    Destination Clock Delay (DCD):    2.658ns = ( 12.658 - 10.000 ) 
    Source Clock Delay      (SCD):    2.941ns
    Clock Pessimism Removal (CPR):    0.229ns
  Clock Uncertainty:      0.154ns  ((TSJ^2 + TIJ^2)^1/2 + DJ) / 2 + PE
    Total System Jitter     (TSJ):    0.071ns
    Total Input Jitter      (TIJ):    0.300ns
    Discrete Jitter          (DJ):    0.000ns
    Phase Error              (PE):    0.000ns

    Location             Delay type                Incr(ns)  Path(ns)    Netlist Resource(s)
  -------------------------------------------------------------------    -------------------
                         (clock clk_fpga_0 rise edge)
                                                      0.000     0.000 r  
    PS7_X0Y0             PS7                          0.000     0.000 r  design_1_i/processing_system7_0/inst/PS7_i/FCLKCLK[0]
                         net (fo=1, routed)           1.193     1.193    design_1_i/processing_system7_0/inst/FCLK_CLK_unbuffered[0]
    BUFGCTRL_X0Y16       BUFG (Prop_bufg_I_O)         0.101     1.294 r  design_1_i/processing_system7_0/inst/buffer_fclk_clk_0.FCLK_CLK_0_BUFG/O
                         net (fo=660, routed)         1.647     2.941    design_1_i/mac_unit_ip_0/inst/mac_unit_ip_slave_lite_v1_0_S00_AXI_inst/s00_axi_aclk
    SLICE_X34Y85         FDRE                                         r  design_1_i/mac_unit_ip_0/inst/mac_unit_ip_slave_lite_v1_0_S00_AXI_inst/slv_reg1_reg[4]/C
  -------------------------------------------------------------------    -------------------
    SLICE_X34Y85         FDRE (Prop_fdre_C_Q)         0.518     3.459 r  design_1_i/mac_unit_ip_0/inst/mac_unit_ip_slave_lite_v1_0_S00_AXI_inst/slv_reg1_reg[4]/Q
                         net (fo=3, routed)           0.686     4.145    design_1_i/mac_unit_ip_0/inst/mac_unit_ip_slave_lite_v1_0_S00_AXI_inst/slv_reg1[4]
    DSP48_X2Y35          DSP48E1 (Prop_dsp48e1_B[4]_PCOUT[47])
                                                      3.851     7.996 r  design_1_i/mac_unit_ip_0/inst/mac_unit_ip_slave_lite_v1_0_S00_AXI_inst/accumulator1__0/PCOUT[47]
                         net (fo=1, routed)           0.002     7.998    design_1_i/mac_unit_ip_0/inst/mac_unit_ip_slave_lite_v1_0_S00_AXI_inst/accumulator1__0_n_106
    DSP48_X2Y36          DSP48E1 (Prop_dsp48e1_PCIN[47]_P[3])
                                                      1.518     9.516 r  design_1_i/mac_unit_ip_0/inst/mac_unit_ip_slave_lite_v1_0_S00_AXI_inst/accumulator1__1/P[3]
                         net (fo=2, routed)           0.834    10.350    design_1_i/mac_unit_ip_0/inst/mac_unit_ip_slave_lite_v1_0_S00_AXI_inst/accumulator1__1_n_102
    SLICE_X36Y91         CARRY4 (Prop_carry4_DI[0]_CO[3])
                                                      0.550    10.900 r  design_1_i/mac_unit_ip_0/inst/mac_unit_ip_slave_lite_v1_0_S00_AXI_inst/accumulator1_carry__0/CO[3]
                         net (fo=1, routed)           0.000    10.900    design_1_i/mac_unit_ip_0/inst/mac_unit_ip_slave_lite_v1_0_S00_AXI_inst/accumulator1_carry__0_n_0
    SLICE_X36Y92         CARRY4 (Prop_carry4_CI_O[3])
                                                      0.315    11.215 r  design_1_i/mac_unit_ip_0/inst/mac_unit_ip_slave_lite_v1_0_S00_AXI_inst/accumulator1_carry__1/O[3]
                         net (fo=1, routed)           0.583    11.797    design_1_i/mac_unit_ip_0/inst/mac_unit_ip_slave_lite_v1_0_S00_AXI_inst/accumulator1_carry__1_n_4
    SLICE_X37Y92         LUT2 (Prop_lut2_I1_O)        0.307    12.104 r  design_1_i/mac_unit_ip_0/inst/mac_unit_ip_slave_lite_v1_0_S00_AXI_inst/i__carry__5_i_1/O
                         net (fo=1, routed)           0.000    12.104    design_1_i/mac_unit_ip_0/inst/mac_unit_ip_slave_lite_v1_0_S00_AXI_inst/i__carry__5_i_1_n_0
    SLICE_X37Y92         CARRY4 (Prop_carry4_S[3]_CO[3])
                                                      0.401    12.505 r  design_1_i/mac_unit_ip_0/inst/mac_unit_ip_slave_lite_v1_0_S00_AXI_inst/accumulator0_inferred__0/i__carry__5/CO[3]
                         net (fo=1, routed)           0.000    12.505    design_1_i/mac_unit_ip_0/inst/mac_unit_ip_slave_lite_v1_0_S00_AXI_inst/accumulator0_inferred__0/i__carry__5_n_0
    SLICE_X37Y93         CARRY4 (Prop_carry4_CI_O[3])
                                                      0.313    12.818 r  design_1_i/mac_unit_ip_0/inst/mac_unit_ip_slave_lite_v1_0_S00_AXI_inst/accumulator0_inferred__0/i__carry__6/O[3]
                         net (fo=1, routed)           0.000    12.818    design_1_i/mac_unit_ip_0/inst/mac_unit_ip_slave_lite_v1_0_S00_AXI_inst/p_0_in[31]
    SLICE_X37Y93         FDRE                                         r  design_1_i/mac_unit_ip_0/inst/mac_unit_ip_slave_lite_v1_0_S00_AXI_inst/accumulator_reg[31]/D
  -------------------------------------------------------------------    -------------------

                         (clock clk_fpga_0 rise edge)
                                                     10.000    10.000 r  
    PS7_X0Y0             PS7                          0.000    10.000 r  design_1_i/processing_system7_0/inst/PS7_i/FCLKCLK[0]
                         net (fo=1, routed)           1.088    11.088    design_1_i/processing_system7_0/inst/FCLK_CLK_unbuffered[0]
    BUFGCTRL_X0Y16       BUFG (Prop_bufg_I_O)         0.091    11.179 r  design_1_i/processing_system7_0/inst/buffer_fclk_clk_0.FCLK_CLK_0_BUFG/O
                         net (fo=660, routed)         1.479    12.658    design_1_i/mac_unit_ip_0/inst/mac_unit_ip_slave_lite_v1_0_S00_AXI_inst/s00_axi_aclk
    SLICE_X37Y93         FDRE                                         r  design_1_i/mac_unit_ip_0/inst/mac_unit_ip_slave_lite_v1_0_S00_AXI_inst/accumulator_reg[31]/C
                         clock pessimism              0.229    12.887    
                         clock uncertainty           -0.154    12.733    
    SLICE_X37Y93         FDRE (Setup_fdre_C_D)        0.062    12.795    design_1_i/mac_unit_ip_0/inst/mac_unit_ip_slave_lite_v1_0_S00_AXI_inst/accumulator_reg[31]
  -------------------------------------------------------------------
                         required time                         12.795    
                         arrival time                         -12.818    
  -------------------------------------------------------------------
                         slack                                 -0.024    

Slack (MET) :             0.050ns  (required time - arrival time)
  Source:                 design_1_i/mac_unit_ip_0/inst/mac_unit_ip_slave_lite_v1_0_S00_AXI_inst/slv_reg1_reg[4]/C
                            (rising edge-triggered cell FDRE clocked by clk_fpga_0  {rise@0.000ns fall@5.000ns period=10.000ns})
  Destination:            design_1_i/mac_unit_ip_0/inst/mac_unit_ip_slave_lite_v1_0_S00_AXI_inst/accumulator_reg[30]/D
                            (rising edge-triggered cell FDRE clocked by clk_fpga_0  {rise@0.000ns fall@5.000ns period=10.000ns})
  Path Group:             clk_fpga_0
  Path Type:              Setup (Max at Slow Process Corner)
  Requirement:            10.000ns  (clk_fpga_0 rise@10.000ns - clk_fpga_0 rise@0.000ns)
  Data Path Delay:        9.803ns  (logic 7.699ns (78.534%)  route 2.104ns (21.466%))
  Logic Levels:           7  (CARRY4=4 DSP48E1=2 LUT2=1)
  Clock Path Skew:        -0.054ns (DCD - SCD + CPR)
    Destination Clock Delay (DCD):    2.658ns = ( 12.658 - 10.000 ) 
    Source Clock Delay      (SCD):    2.941ns
    Clock Pessimism Removal (CPR):    0.229ns
  Clock Uncertainty:      0.154ns  ((TSJ^2 + TIJ^2)^1/2 + DJ) / 2 + PE
    Total System Jitter     (TSJ):    0.071ns
    Total Input Jitter      (TIJ):    0.300ns
    Discrete Jitter          (DJ):    0.000ns
    Phase Error              (PE):    0.000ns

    Location             Delay type                Incr(ns)  Path(ns)    Netlist Resource(s)
  -------------------------------------------------------------------    -------------------
                         (clock clk_fpga_0 rise edge)
                                                      0.000     0.000 r  
    PS7_X0Y0             PS7                          0.000     0.000 r  design_1_i/processing_system7_0/inst/PS7_i/FCLKCLK[0]
                         net (fo=1, routed)           1.193     1.193    design_1_i/processing_system7_0/inst/FCLK_CLK_unbuffered[0]
    BUFGCTRL_X0Y16       BUFG (Prop_bufg_I_O)         0.101     1.294 r  design_1_i/processing_system7_0/inst/buffer_fclk_clk_0.FCLK_CLK_0_BUFG/O
                         net (fo=660, routed)         1.647     2.941    design_1_i/mac_unit_ip_0/inst/mac_unit_ip_slave_lite_v1_0_S00_AXI_inst/s00_axi_aclk
    SLICE_X34Y85         FDRE                                         r  design_1_i/mac_unit_ip_0/inst/mac_unit_ip_slave_lite_v1_0_S00_AXI_inst/slv_reg1_reg[4]/C
  -------------------------------------------------------------------    -------------------
    SLICE_X34Y85         FDRE (Prop_fdre_C_Q)         0.518     3.459 r  design_1_i/mac_unit_ip_0/inst/mac_unit_ip_slave_lite_v1_0_S00_AXI_inst/slv_reg1_reg[4]/Q
                         net (fo=3, routed)           0.686     4.145    design_1_i/mac_unit_ip_0/inst/mac_unit_ip_slave_lite_v1_0_S00_AXI_inst/slv_reg1[4]
    DSP48_X2Y35          DSP48E1 (Prop_dsp48e1_B[4]_PCOUT[47])
                                                      3.851     7.996 r  design_1_i/mac_unit_ip_0/inst/mac_unit_ip_slave_lite_v1_0_S00_AXI_inst/accumulator1__0/PCOUT[47]
                         net (fo=1, routed)           0.002     7.998    design_1_i/mac_unit_ip_0/inst/mac_unit_ip_slave_lite_v1_0_S00_AXI_inst/accumulator1__0_n_106
    DSP48_X2Y36          DSP48E1 (Prop_dsp48e1_PCIN[47]_P[3])
                                                      1.518     9.516 r  design_1_i/mac_unit_ip_0/inst/mac_unit_ip_slave_lite_v1_0_S00_AXI_inst/accumulator1__1/P[3]
                         net (fo=2, routed)           0.834    10.350    design_1_i/mac_unit_ip_0/inst/mac_unit_ip_slave_lite_v1_0_S00_AXI_inst/accumulator1__1_n_102
    SLICE_X36Y91         CARRY4 (Prop_carry4_DI[0]_CO[3])
                                                      0.550    10.900 r  design_1_i/mac_unit_ip_0/inst/mac_unit_ip_slave_lite_v1_0_S00_AXI_inst/accumulator1_carry__0/CO[3]
                         net (fo=1, routed)           0.000    10.900    design_1_i/mac_unit_ip_0/inst/mac_unit_ip_slave_lite_v1_0_S00_AXI_inst/accumulator1_carry__0_n_0
    SLICE_X36Y92         CARRY4 (Prop_carry4_CI_O[3])
                                                      0.315    11.215 r  design_1_i/mac_unit_ip_0/inst/mac_unit_ip_slave_lite_v1_0_S00_AXI_inst/accumulator1_carry__1/O[3]
                         net (fo=1, routed)           0.583    11.797    design_1_i/mac_unit_ip_0/inst/mac_unit_ip_slave_lite_v1_0_S00_AXI_inst/accumulator1_carry__1_n_4
    SLICE_X37Y92         LUT2 (Prop_lut2_I1_O)        0.307    12.104 r  design_1_i/mac_unit_ip_0/inst/mac_unit_ip_slave_lite_v1_0_S00_AXI_inst/i__carry__5_i_1/O
                         net (fo=1, routed)           0.000    12.104    design_1_i/mac_unit_ip_0/inst/mac_unit_ip_slave_lite_v1_0_S00_AXI_inst/i__carry__5_i_1_n_0
    SLICE_X37Y92         CARRY4 (Prop_carry4_S[3]_CO[3])
                                                      0.401    12.505 r  design_1_i/mac_unit_ip_0/inst/mac_unit_ip_slave_lite_v1_0_S00_AXI_inst/accumulator0_inferred__0/i__carry__5/CO[3]
                         net (fo=1, routed)           0.000    12.505    design_1_i/mac_unit_ip_0/inst/mac_unit_ip_slave_lite_v1_0_S00_AXI_inst/accumulator0_inferred__0/i__carry__5_n_0
    SLICE_X37Y93         CARRY4 (Prop_carry4_CI_O[2])
                                                      0.239    12.744 r  design_1_i/mac_unit_ip_0/inst/mac_unit_ip_slave_lite_v1_0_S00_AXI_inst/accumulator0_inferred__0/i__carry__6/O[2]
                         net (fo=1, routed)           0.000    12.744    design_1_i/mac_unit_ip_0/inst/mac_unit_ip_slave_lite_v1_0_S00_AXI_inst/p_0_in[30]
    SLICE_X37Y93         FDRE                                         r  design_1_i/mac_unit_ip_0/inst/mac_unit_ip_slave_lite_v1_0_S00_AXI_inst/accumulator_reg[30]/D
  -------------------------------------------------------------------    -------------------

                         (clock clk_fpga_0 rise edge)
                                                     10.000    10.000 r  
    PS7_X0Y0             PS7                          0.000    10.000 r  design_1_i/processing_system7_0/inst/PS7_i/FCLKCLK[0]
                         net (fo=1, routed)           1.088    11.088    design_1_i/processing_system7_0/inst/FCLK_CLK_unbuffered[0]
    BUFGCTRL_X0Y16       BUFG (Prop_bufg_I_O)         0.091    11.179 r  design_1_i/processing_system7_0/inst/buffer_fclk_clk_0.FCLK_CLK_0_BUFG/O
                         net (fo=660, routed)         1.479    12.658    design_1_i/mac_unit_ip_0/inst/mac_unit_ip_slave_lite_v1_0_S00_AXI_inst/s00_axi_aclk
    SLICE_X37Y93         FDRE                                         r  design_1_i/mac_unit_ip_0/inst/mac_unit_ip_slave_lite_v1_0_S00_AXI_inst/accumulator_reg[30]/C
                         clock pessimism              0.229    12.887    
                         clock uncertainty           -0.154    12.733    
    SLICE_X37Y93         FDRE (Setup_fdre_C_D)        0.062    12.795    design_1_i/mac_unit_ip_0/inst/mac_unit_ip_slave_lite_v1_0_S00_AXI_inst/accumulator_reg[30]
  -------------------------------------------------------------------
                         required time                         12.795    
                         arrival time                         -12.744    
  -------------------------------------------------------------------
                         slack                                  0.050    

Slack (MET) :             0.066ns  (required time - arrival time)
  Source:                 design_1_i/mac_unit_ip_0/inst/mac_unit_ip_slave_lite_v1_0_S00_AXI_inst/slv_reg1_reg[4]/C
                            (rising edge-triggered cell FDRE clocked by clk_fpga_0  {rise@0.000ns fall@5.000ns period=10.000ns})
  Destination:            design_1_i/mac_unit_ip_0/inst/mac_unit_ip_slave_lite_v1_0_S00_AXI_inst/accumulator_reg[28]/D
                            (rising edge-triggered cell FDRE clocked by clk_fpga_0  {rise@0.000ns fall@5.000ns period=10.000ns})
  Path Group:             clk_fpga_0
  Path Type:              Setup (Max at Slow Process Corner)
  Requirement:            10.000ns  (clk_fpga_0 rise@10.000ns - clk_fpga_0 rise@0.000ns)
  Data Path Delay:        9.787ns  (logic 7.683ns (78.499%)  route 2.104ns (21.501%))
  Logic Levels:           7  (CARRY4=4 DSP48E1=2 LUT2=1)
  Clock Path Skew:        -0.054ns (DCD - SCD + CPR)
    Destination Clock Delay (DCD):    2.658ns = ( 12.658 - 10.000 ) 
    Source Clock Delay      (SCD):    2.941ns
    Clock Pessimism Removal (CPR):    0.229ns
  Clock Uncertainty:      0.154ns  ((TSJ^2 + TIJ^2)^1/2 + DJ) / 2 + PE
    Total System Jitter     (TSJ):    0.071ns
    Total Input Jitter      (TIJ):    0.300ns
    Discrete Jitter          (DJ):    0.000ns
    Phase Error              (PE):    0.000ns

    Location             Delay type                Incr(ns)  Path(ns)    Netlist Resource(s)
  -------------------------------------------------------------------    -------------------
                         (clock clk_fpga_0 rise edge)
                                                      0.000     0.000 r  
    PS7_X0Y0             PS7                          0.000     0.000 r  design_1_i/processing_system7_0/inst/PS7_i/FCLKCLK[0]
                         net (fo=1, routed)           1.193     1.193    design_1_i/processing_system7_0/inst/FCLK_CLK_unbuffered[0]
    BUFGCTRL_X0Y16       BUFG (Prop_bufg_I_O)         0.101     1.294 r  design_1_i/processing_system7_0/inst/buffer_fclk_clk_0.FCLK_CLK_0_BUFG/O
                         net (fo=660, routed)         1.647     2.941    design_1_i/mac_unit_ip_0/inst/mac_unit_ip_slave_lite_v1_0_S00_AXI_inst/s00_axi_aclk
    SLICE_X34Y85         FDRE                                         r  design_1_i/mac_unit_ip_0/inst/mac_unit_ip_slave_lite_v1_0_S00_AXI_inst/slv_reg1_reg[4]/C
  -------------------------------------------------------------------    -------------------
    SLICE_X34Y85         FDRE (Prop_fdre_C_Q)         0.518     3.459 r  design_1_i/mac_unit_ip_0/inst/mac_unit_ip_slave_lite_v1_0_S00_AXI_inst/slv_reg1_reg[4]/Q
                         net (fo=3, routed)           0.686     4.145    design_1_i/mac_unit_ip_0/inst/mac_unit_ip_slave_lite_v1_0_S00_AXI_inst/slv_reg1[4]
    DSP48_X2Y35          DSP48E1 (Prop_dsp48e1_B[4]_PCOUT[47])
                                                      3.851     7.996 r  design_1_i/mac_unit_ip_0/inst/mac_unit_ip_slave_lite_v1_0_S00_AXI_inst/accumulator1__0/PCOUT[47]
                         net (fo=1, routed)           0.002     7.998    design_1_i/mac_unit_ip_0/inst/mac_unit_ip_slave_lite_v1_0_S00_AXI_inst/accumulator1__0_n_106
    DSP48_X2Y36          DSP48E1 (Prop_dsp48e1_PCIN[47]_P[3])
                                                      1.518     9.516 r  design_1_i/mac_unit_ip_0/inst/mac_unit_ip_slave_lite_v1_0_S00_AXI_inst/accumulator1__1/P[3]
                         net (fo=2, routed)           0.834    10.350    design_1_i/mac_unit_ip_0/inst/mac_unit_ip_slave_lite_v1_0_S00_AXI_inst/accumulator1__1_n_102
    SLICE_X36Y91         CARRY4 (Prop_carry4_DI[0]_CO[3])
                                                      0.550    10.900 r  design_1_i/mac_unit_ip_0/inst/mac_unit_ip_slave_lite_v1_0_S00_AXI_inst/accumulator1_carry__0/CO[3]
                         net (fo=1, routed)           0.000    10.900    design_1_i/mac_unit_ip_0/inst/mac_unit_ip_slave_lite_v1_0_S00_AXI_inst/accumulator1_carry__0_n_0
    SLICE_X36Y92         CARRY4 (Prop_carry4_CI_O[3])
                                                      0.315    11.215 r  design_1_i/mac_unit_ip_0/inst/mac_unit_ip_slave_lite_v1_0_S00_AXI_inst/accumulator1_carry__1/O[3]
                         net (fo=1, routed)           0.583    11.797    design_1_i/mac_unit_ip_0/inst/mac_unit_ip_slave_lite_v1_0_S00_AXI_inst/accumulator1_carry__1_n_4
    SLICE_X37Y92         LUT2 (Prop_lut2_I1_O)        0.307    12.104 r  design_1_i/mac_unit_ip_0/inst/mac_unit_ip_slave_lite_v1_0_S00_AXI_inst/i__carry__5_i_1/O
                         net (fo=1, routed)           0.000    12.104    design_1_i/mac_unit_ip_0/inst/mac_unit_ip_slave_lite_v1_0_S00_AXI_inst/i__carry__5_i_1_n_0
    SLICE_X37Y92         CARRY4 (Prop_carry4_S[3]_CO[3])
                                                      0.401    12.505 r  design_1_i/mac_unit_ip_0/inst/mac_unit_ip_slave_lite_v1_0_S00_AXI_inst/accumulator0_inferred__0/i__carry__5/CO[3]
                         net (fo=1, routed)           0.000    12.505    design_1_i/mac_unit_ip_0/inst/mac_unit_ip_slave_lite_v1_0_S00_AXI_inst/accumulator0_inferred__0/i__carry__5_n_0
    SLICE_X37Y93         CARRY4 (Prop_carry4_CI_O[0])
                                                      0.223    12.728 r  design_1_i/mac_unit_ip_0/inst/mac_unit_ip_slave_lite_v1_0_S00_AXI_inst/accumulator0_inferred__0/i__carry__6/O[0]
                         net (fo=1, routed)           0.000    12.728    design_1_i/mac_unit_ip_0/inst/mac_unit_ip_slave_lite_v1_0_S00_AXI_inst/p_0_in[28]
    SLICE_X37Y93         FDRE                                         r  design_1_i/mac_unit_ip_0/inst/mac_unit_ip_slave_lite_v1_0_S00_AXI_inst/accumulator_reg[28]/D
  -------------------------------------------------------------------    -------------------

                         (clock clk_fpga_0 rise edge)
                                                     10.000    10.000 r  
    PS7_X0Y0             PS7                          0.000    10.000 r  design_1_i/processing_system7_0/inst/PS7_i/FCLKCLK[0]
                         net (fo=1, routed)           1.088    11.088    design_1_i/processing_system7_0/inst/FCLK_CLK_unbuffered[0]
    BUFGCTRL_X0Y16       BUFG (Prop_bufg_I_O)         0.091    11.179 r  design_1_i/processing_system7_0/inst/buffer_fclk_clk_0.FCLK_CLK_0_BUFG/O
                         net (fo=660, routed)         1.479    12.658    design_1_i/mac_unit_ip_0/inst/mac_unit_ip_slave_lite_v1_0_S00_AXI_inst/s00_axi_aclk
    SLICE_X37Y93         FDRE                                         r  design_1_i/mac_unit_ip_0/inst/mac_unit_ip_slave_lite_v1_0_S00_AXI_inst/accumulator_reg[28]/C
                         clock pessimism              0.229    12.887    
                         clock uncertainty           -0.154    12.733    
    SLICE_X37Y93         FDRE (Setup_fdre_C_D)        0.062    12.795    design_1_i/mac_unit_ip_0/inst/mac_unit_ip_slave_lite_v1_0_S00_AXI_inst/accumulator_reg[28]
  -------------------------------------------------------------------
                         required time                         12.795    
                         arrival time                         -12.728    
  -------------------------------------------------------------------
                         slack                                  0.066    

Slack (MET) :             0.111ns  (required time - arrival time)
  Source:                 design_1_i/mac_unit_ip_0/inst/mac_unit_ip_slave_lite_v1_0_S00_AXI_inst/slv_reg1_reg[4]/C
                            (rising edge-triggered cell FDRE clocked by clk_fpga_0  {rise@0.000ns fall@5.000ns period=10.000ns})
  Destination:            design_1_i/mac_unit_ip_0/inst/mac_unit_ip_slave_lite_v1_0_S00_AXI_inst/accumulator_reg[25]/D
                            (rising edge-triggered cell FDRE clocked by clk_fpga_0  {rise@0.000ns fall@5.000ns period=10.000ns})
  Path Group:             clk_fpga_0
  Path Type:              Setup (Max at Slow Process Corner)
  Requirement:            10.000ns  (clk_fpga_0 rise@10.000ns - clk_fpga_0 rise@0.000ns)
  Data Path Delay:        9.742ns  (logic 7.764ns (79.695%)  route 1.978ns (20.305%))
  Logic Levels:           7  (CARRY4=4 DSP48E1=2 LUT2=1)
  Clock Path Skew:        -0.055ns (DCD - SCD + CPR)
    Destination Clock Delay (DCD):    2.657ns = ( 12.657 - 10.000 ) 
    Source Clock Delay      (SCD):    2.941ns
    Clock Pessimism Removal (CPR):    0.229ns
  Clock Uncertainty:      0.154ns  ((TSJ^2 + TIJ^2)^1/2 + DJ) / 2 + PE
    Total System Jitter     (TSJ):    0.071ns
    Total Input Jitter      (TIJ):    0.300ns
    Discrete Jitter          (DJ):    0.000ns
    Phase Error              (PE):    0.000ns

    Location             Delay type                Incr(ns)  Path(ns)    Netlist Resource(s)
  -------------------------------------------------------------------    -------------------
                         (clock clk_fpga_0 rise edge)
                                                      0.000     0.000 r  
    PS7_X0Y0             PS7                          0.000     0.000 r  design_1_i/processing_system7_0/inst/PS7_i/FCLKCLK[0]
                         net (fo=1, routed)           1.193     1.193    design_1_i/processing_system7_0/inst/FCLK_CLK_unbuffered[0]
    BUFGCTRL_X0Y16       BUFG (Prop_bufg_I_O)         0.101     1.294 r  design_1_i/processing_system7_0/inst/buffer_fclk_clk_0.FCLK_CLK_0_BUFG/O
                         net (fo=660, routed)         1.647     2.941    design_1_i/mac_unit_ip_0/inst/mac_unit_ip_slave_lite_v1_0_S00_AXI_inst/s00_axi_aclk
    SLICE_X34Y85         FDRE                                         r  design_1_i/mac_unit_ip_0/inst/mac_unit_ip_slave_lite_v1_0_S00_AXI_inst/slv_reg1_reg[4]/C
  -------------------------------------------------------------------    -------------------
    SLICE_X34Y85         FDRE (Prop_fdre_C_Q)         0.518     3.459 r  design_1_i/mac_unit_ip_0/inst/mac_unit_ip_slave_lite_v1_0_S00_AXI_inst/slv_reg1_reg[4]/Q
                         net (fo=3, routed)           0.686     4.145    design_1_i/mac_unit_ip_0/inst/mac_unit_ip_slave_lite_v1_0_S00_AXI_inst/slv_reg1[4]
    DSP48_X2Y35          DSP48E1 (Prop_dsp48e1_B[4]_PCOUT[47])
                                                      3.851     7.996 r  design_1_i/mac_unit_ip_0/inst/mac_unit_ip_slave_lite_v1_0_S00_AXI_inst/accumulator1__0/PCOUT[47]
                         net (fo=1, routed)           0.002     7.998    design_1_i/mac_unit_ip_0/inst/mac_unit_ip_slave_lite_v1_0_S00_AXI_inst/accumulator1__0_n_106
    DSP48_X2Y36          DSP48E1 (Prop_dsp48e1_PCIN[47]_P[0])
                                                      1.518     9.516 r  design_1_i/mac_unit_ip_0/inst/mac_unit_ip_slave_lite_v1_0_S00_AXI_inst/accumulator1__1/P[0]
                         net (fo=2, routed)           0.695    10.211    design_1_i/mac_unit_ip_0/inst/mac_unit_ip_slave_lite_v1_0_S00_AXI_inst/accumulator1__1_n_105
    SLICE_X36Y90         CARRY4 (Prop_carry4_DI[1]_CO[3])
                                                      0.520    10.731 r  design_1_i/mac_unit_ip_0/inst/mac_unit_ip_slave_lite_v1_0_S00_AXI_inst/accumulator1_carry/CO[3]
                         net (fo=1, routed)           0.000    10.731    design_1_i/mac_unit_ip_0/inst/mac_unit_ip_slave_lite_v1_0_S00_AXI_inst/accumulator1_carry_n_0
    SLICE_X36Y91         CARRY4 (Prop_carry4_CI_O[3])
                                                      0.315    11.046 r  design_1_i/mac_unit_ip_0/inst/mac_unit_ip_slave_lite_v1_0_S00_AXI_inst/accumulator1_carry__0/O[3]
                         net (fo=1, routed)           0.595    11.641    design_1_i/mac_unit_ip_0/inst/mac_unit_ip_slave_lite_v1_0_S00_AXI_inst/accumulator1_carry__0_n_4
    SLICE_X37Y91         LUT2 (Prop_lut2_I1_O)        0.307    11.948 r  design_1_i/mac_unit_ip_0/inst/mac_unit_ip_slave_lite_v1_0_S00_AXI_inst/i__carry__4_i_1/O
                         net (fo=1, routed)           0.000    11.948    design_1_i/mac_unit_ip_0/inst/mac_unit_ip_slave_lite_v1_0_S00_AXI_inst/i__carry__4_i_1_n_0
    SLICE_X37Y91         CARRY4 (Prop_carry4_S[3]_CO[3])
                                                      0.401    12.349 r  design_1_i/mac_unit_ip_0/inst/mac_unit_ip_slave_lite_v1_0_S00_AXI_inst/accumulator0_inferred__0/i__carry__4/CO[3]
                         net (fo=1, routed)           0.000    12.349    design_1_i/mac_unit_ip_0/inst/mac_unit_ip_slave_lite_v1_0_S00_AXI_inst/accumulator0_inferred__0/i__carry__4_n_0
    SLICE_X37Y92         CARRY4 (Prop_carry4_CI_O[1])
                                                      0.334    12.683 r  design_1_i/mac_unit_ip_0/inst/mac_unit_ip_slave_lite_v1_0_S00_AXI_inst/accumulator0_inferred__0/i__carry__5/O[1]
                         net (fo=1, routed)           0.000    12.683    design_1_i/mac_unit_ip_0/inst/mac_unit_ip_slave_lite_v1_0_S00_AXI_inst/p_0_in[25]
    SLICE_X37Y92         FDRE                                         r  design_1_i/mac_unit_ip_0/inst/mac_unit_ip_slave_lite_v1_0_S00_AXI_inst/accumulator_reg[25]/D
  -------------------------------------------------------------------    -------------------

                         (clock clk_fpga_0 rise edge)
                                                     10.000    10.000 r  
    PS7_X0Y0             PS7                          0.000    10.000 r  design_1_i/processing_system7_0/inst/PS7_i/FCLKCLK[0]
                         net (fo=1, routed)           1.088    11.088    design_1_i/processing_system7_0/inst/FCLK_CLK_unbuffered[0]
    BUFGCTRL_X0Y16       BUFG (Prop_bufg_I_O)         0.091    11.179 r  design_1_i/processing_system7_0/inst/buffer_fclk_clk_0.FCLK_CLK_0_BUFG/O
                         net (fo=660, routed)         1.478    12.657    design_1_i/mac_unit_ip_0/inst/mac_unit_ip_slave_lite_v1_0_S00_AXI_inst/s00_axi_aclk
    SLICE_X37Y92         FDRE                                         r  design_1_i/mac_unit_ip_0/inst/mac_unit_ip_slave_lite_v1_0_S00_AXI_inst/accumulator_reg[25]/C
                         clock pessimism              0.229    12.886    
                         clock uncertainty           -0.154    12.732    
    SLICE_X37Y92         FDRE (Setup_fdre_C_D)        0.062    12.794    design_1_i/mac_unit_ip_0/inst/mac_unit_ip_slave_lite_v1_0_S00_AXI_inst/accumulator_reg[25]
  -------------------------------------------------------------------
                         required time                         12.794    
                         arrival time                         -12.683    
  -------------------------------------------------------------------
                         slack                                  0.111    

Slack (MET) :             0.132ns  (required time - arrival time)
  Source:                 design_1_i/mac_unit_ip_0/inst/mac_unit_ip_slave_lite_v1_0_S00_AXI_inst/slv_reg1_reg[4]/C
                            (rising edge-triggered cell FDRE clocked by clk_fpga_0  {rise@0.000ns fall@5.000ns period=10.000ns})
  Destination:            design_1_i/mac_unit_ip_0/inst/mac_unit_ip_slave_lite_v1_0_S00_AXI_inst/accumulator_reg[27]/D
                            (rising edge-triggered cell FDRE clocked by clk_fpga_0  {rise@0.000ns fall@5.000ns period=10.000ns})
  Path Group:             clk_fpga_0
  Path Type:              Setup (Max at Slow Process Corner)
  Requirement:            10.000ns  (clk_fpga_0 rise@10.000ns - clk_fpga_0 rise@0.000ns)
  Data Path Delay:        9.721ns  (logic 7.743ns (79.651%)  route 1.978ns (20.349%))
  Logic Levels:           7  (CARRY4=4 DSP48E1=2 LUT2=1)
  Clock Path Skew:        -0.055ns (DCD - SCD + CPR)
    Destination Clock Delay (DCD):    2.657ns = ( 12.657 - 10.000 ) 
    Source Clock Delay      (SCD):    2.941ns
    Clock Pessimism Removal (CPR):    0.229ns
  Clock Uncertainty:      0.154ns  ((TSJ^2 + TIJ^2)^1/2 + DJ) / 2 + PE
    Total System Jitter     (TSJ):    0.071ns
    Total Input Jitter      (TIJ):    0.300ns
    Discrete Jitter          (DJ):    0.000ns
    Phase Error              (PE):    0.000ns

    Location             Delay type                Incr(ns)  Path(ns)    Netlist Resource(s)
  -------------------------------------------------------------------    -------------------
                         (clock clk_fpga_0 rise edge)
                                                      0.000     0.000 r  
    PS7_X0Y0             PS7                          0.000     0.000 r  design_1_i/processing_system7_0/inst/PS7_i/FCLKCLK[0]
                         net (fo=1, routed)           1.193     1.193    design_1_i/processing_system7_0/inst/FCLK_CLK_unbuffered[0]
    BUFGCTRL_X0Y16       BUFG (Prop_bufg_I_O)         0.101     1.294 r  design_1_i/processing_system7_0/inst/buffer_fclk_clk_0.FCLK_CLK_0_BUFG/O
                         net (fo=660, routed)         1.647     2.941    design_1_i/mac_unit_ip_0/inst/mac_unit_ip_slave_lite_v1_0_S00_AXI_inst/s00_axi_aclk
    SLICE_X34Y85         FDRE                                         r  design_1_i/mac_unit_ip_0/inst/mac_unit_ip_slave_lite_v1_0_S00_AXI_inst/slv_reg1_reg[4]/C
  -------------------------------------------------------------------    -------------------
    SLICE_X34Y85         FDRE (Prop_fdre_C_Q)         0.518     3.459 r  design_1_i/mac_unit_ip_0/inst/mac_unit_ip_slave_lite_v1_0_S00_AXI_inst/slv_reg1_reg[4]/Q
                         net (fo=3, routed)           0.686     4.145    design_1_i/mac_unit_ip_0/inst/mac_unit_ip_slave_lite_v1_0_S00_AXI_inst/slv_reg1[4]
    DSP48_X2Y35          DSP48E1 (Prop_dsp48e1_B[4]_PCOUT[47])
                                                      3.851     7.996 r  design_1_i/mac_unit_ip_0/inst/mac_unit_ip_slave_lite_v1_0_S00_AXI_inst/accumulator1__0/PCOUT[47]
                         net (fo=1, routed)           0.002     7.998    design_1_i/mac_unit_ip_0/inst/mac_unit_ip_slave_lite_v1_0_S00_AXI_inst/accumulator1__0_n_106
    DSP48_X2Y36          DSP48E1 (Prop_dsp48e1_PCIN[47]_P[0])
                                                      1.518     9.516 r  design_1_i/mac_unit_ip_0/inst/mac_unit_ip_slave_lite_v1_0_S00_AXI_inst/accumulator1__1/P[0]
                         net (fo=2, routed)           0.695    10.211    design_1_i/mac_unit_ip_0/inst/mac_unit_ip_slave_lite_v1_0_S00_AXI_inst/accumulator1__1_n_105
    SLICE_X36Y90         CARRY4 (Prop_carry4_DI[1]_CO[3])
                                                      0.520    10.731 r  design_1_i/mac_unit_ip_0/inst/mac_unit_ip_slave_lite_v1_0_S00_AXI_inst/accumulator1_carry/CO[3]
                         net (fo=1, routed)           0.000    10.731    design_1_i/mac_unit_ip_0/inst/mac_unit_ip_slave_lite_v1_0_S00_AXI_inst/accumulator1_carry_n_0
    SLICE_X36Y91         CARRY4 (Prop_carry4_CI_O[3])
                                                      0.315    11.046 r  design_1_i/mac_unit_ip_0/inst/mac_unit_ip_slave_lite_v1_0_S00_AXI_inst/accumulator1_carry__0/O[3]
                         net (fo=1, routed)           0.595    11.641    design_1_i/mac_unit_ip_0/inst/mac_unit_ip_slave_lite_v1_0_S00_AXI_inst/accumulator1_carry__0_n_4
    SLICE_X37Y91         LUT2 (Prop_lut2_I1_O)        0.307    11.948 r  design_1_i/mac_unit_ip_0/inst/mac_unit_ip_slave_lite_v1_0_S00_AXI_inst/i__carry__4_i_1/O
                         net (fo=1, routed)           0.000    11.948    design_1_i/mac_unit_ip_0/inst/mac_unit_ip_slave_lite_v1_0_S00_AXI_inst/i__carry__4_i_1_n_0
    SLICE_X37Y91         CARRY4 (Prop_carry4_S[3]_CO[3])
                                                      0.401    12.349 r  design_1_i/mac_unit_ip_0/inst/mac_unit_ip_slave_lite_v1_0_S00_AXI_inst/accumulator0_inferred__0/i__carry__4/CO[3]
                         net (fo=1, routed)           0.000    12.349    design_1_i/mac_unit_ip_0/inst/mac_unit_ip_slave_lite_v1_0_S00_AXI_inst/accumulator0_inferred__0/i__carry__4_n_0
    SLICE_X37Y92         CARRY4 (Prop_carry4_CI_O[3])
                                                      0.313    12.662 r  design_1_i/mac_unit_ip_0/inst/mac_unit_ip_slave_lite_v1_0_S00_AXI_inst/accumulator0_inferred__0/i__carry__5/O[3]
                         net (fo=1, routed)           0.000    12.662    design_1_i/mac_unit_ip_0/inst/mac_unit_ip_slave_lite_v1_0_S00_AXI_inst/p_0_in[27]
    SLICE_X37Y92         FDRE                                         r  design_1_i/mac_unit_ip_0/inst/mac_unit_ip_slave_lite_v1_0_S00_AXI_inst/accumulator_reg[27]/D
  -------------------------------------------------------------------    -------------------

                         (clock clk_fpga_0 rise edge)
                                                     10.000    10.000 r  
    PS7_X0Y0             PS7                          0.000    10.000 r  design_1_i/processing_system7_0/inst/PS7_i/FCLKCLK[0]
                         net (fo=1, routed)           1.088    11.088    design_1_i/processing_system7_0/inst/FCLK_CLK_unbuffered[0]
    BUFGCTRL_X0Y16       BUFG (Prop_bufg_I_O)         0.091    11.179 r  design_1_i/processing_system7_0/inst/buffer_fclk_clk_0.FCLK_CLK_0_BUFG/O
                         net (fo=660, routed)         1.478    12.657    design_1_i/mac_unit_ip_0/inst/mac_unit_ip_slave_lite_v1_0_S00_AXI_inst/s00_axi_aclk
    SLICE_X37Y92         FDRE                                         r  design_1_i/mac_unit_ip_0/inst/mac_unit_ip_slave_lite_v1_0_S00_AXI_inst/accumulator_reg[27]/C
                         clock pessimism              0.229    12.886    
                         clock uncertainty           -0.154    12.732    
    SLICE_X37Y92         FDRE (Setup_fdre_C_D)        0.062    12.794    design_1_i/mac_unit_ip_0/inst/mac_unit_ip_slave_lite_v1_0_S00_AXI_inst/accumulator_reg[27]
  -------------------------------------------------------------------
                         required time                         12.794    
                         arrival time                         -12.662    
  -------------------------------------------------------------------
                         slack                                  0.132    

Slack (MET) :             0.206ns  (required time - arrival time)
  Source:                 design_1_i/mac_unit_ip_0/inst/mac_unit_ip_slave_lite_v1_0_S00_AXI_inst/slv_reg1_reg[4]/C
                            (rising edge-triggered cell FDRE clocked by clk_fpga_0  {rise@0.000ns fall@5.000ns period=10.000ns})
  Destination:            design_1_i/mac_unit_ip_0/inst/mac_unit_ip_slave_lite_v1_0_S00_AXI_inst/accumulator_reg[26]/D
                            (rising edge-triggered cell FDRE clocked by clk_fpga_0  {rise@0.000ns fall@5.000ns period=10.000ns})
  Path Group:             clk_fpga_0
  Path Type:              Setup (Max at Slow Process Corner)
  Requirement:            10.000ns  (clk_fpga_0 rise@10.000ns - clk_fpga_0 rise@0.000ns)
  Data Path Delay:        9.647ns  (logic 7.669ns (79.495%)  route 1.978ns (20.505%))
  Logic Levels:           7  (CARRY4=4 DSP48E1=2 LUT2=1)
  Clock Path Skew:        -0.055ns (DCD - SCD + CPR)
    Destination Clock Delay (DCD):    2.657ns = ( 12.657 - 10.000 ) 
    Source Clock Delay      (SCD):    2.941ns
    Clock Pessimism Removal (CPR):    0.229ns
  Clock Uncertainty:      0.154ns  ((TSJ^2 + TIJ^2)^1/2 + DJ) / 2 + PE
    Total System Jitter     (TSJ):    0.071ns
    Total Input Jitter      (TIJ):    0.300ns
    Discrete Jitter          (DJ):    0.000ns
    Phase Error              (PE):    0.000ns

    Location             Delay type                Incr(ns)  Path(ns)    Netlist Resource(s)
  -------------------------------------------------------------------    -------------------
                         (clock clk_fpga_0 rise edge)
                                                      0.000     0.000 r  
    PS7_X0Y0             PS7                          0.000     0.000 r  design_1_i/processing_system7_0/inst/PS7_i/FCLKCLK[0]
                         net (fo=1, routed)           1.193     1.193    design_1_i/processing_system7_0/inst/FCLK_CLK_unbuffered[0]
    BUFGCTRL_X0Y16       BUFG (Prop_bufg_I_O)         0.101     1.294 r  design_1_i/processing_system7_0/inst/buffer_fclk_clk_0.FCLK_CLK_0_BUFG/O
                         net (fo=660, routed)         1.647     2.941    design_1_i/mac_unit_ip_0/inst/mac_unit_ip_slave_lite_v1_0_S00_AXI_inst/s00_axi_aclk
    SLICE_X34Y85         FDRE                                         r  design_1_i/mac_unit_ip_0/inst/mac_unit_ip_slave_lite_v1_0_S00_AXI_inst/slv_reg1_reg[4]/C
  -------------------------------------------------------------------    -------------------
    SLICE_X34Y85         FDRE (Prop_fdre_C_Q)         0.518     3.459 r  design_1_i/mac_unit_ip_0/inst/mac_unit_ip_slave_lite_v1_0_S00_AXI_inst/slv_reg1_reg[4]/Q
                         net (fo=3, routed)           0.686     4.145    design_1_i/mac_unit_ip_0/inst/mac_unit_ip_slave_lite_v1_0_S00_AXI_inst/slv_reg1[4]
    DSP48_X2Y35          DSP48E1 (Prop_dsp48e1_B[4]_PCOUT[47])
                                                      3.851     7.996 r  design_1_i/mac_unit_ip_0/inst/mac_unit_ip_slave_lite_v1_0_S00_AXI_inst/accumulator1__0/PCOUT[47]
                         net (fo=1, routed)           0.002     7.998    design_1_i/mac_unit_ip_0/inst/mac_unit_ip_slave_lite_v1_0_S00_AXI_inst/accumulator1__0_n_106
    DSP48_X2Y36          DSP48E1 (Prop_dsp48e1_PCIN[47]_P[0])
                                                      1.518     9.516 r  design_1_i/mac_unit_ip_0/inst/mac_unit_ip_slave_lite_v1_0_S00_AXI_inst/accumulator1__1/P[0]
                         net (fo=2, routed)           0.695    10.211    design_1_i/mac_unit_ip_0/inst/mac_unit_ip_slave_lite_v1_0_S00_AXI_inst/accumulator1__1_n_105
    SLICE_X36Y90         CARRY4 (Prop_carry4_DI[1]_CO[3])
                                                      0.520    10.731 r  design_1_i/mac_unit_ip_0/inst/mac_unit_ip_slave_lite_v1_0_S00_AXI_inst/accumulator1_carry/CO[3]
                         net (fo=1, routed)           0.000    10.731    design_1_i/mac_unit_ip_0/inst/mac_unit_ip_slave_lite_v1_0_S00_AXI_inst/accumulator1_carry_n_0
    SLICE_X36Y91         CARRY4 (Prop_carry4_CI_O[3])
                                                      0.315    11.046 r  design_1_i/mac_unit_ip_0/inst/mac_unit_ip_slave_lite_v1_0_S00_AXI_inst/accumulator1_carry__0/O[3]
                         net (fo=1, routed)           0.595    11.641    design_1_i/mac_unit_ip_0/inst/mac_unit_ip_slave_lite_v1_0_S00_AXI_inst/accumulator1_carry__0_n_4
    SLICE_X37Y91         LUT2 (Prop_lut2_I1_O)        0.307    11.948 r  design_1_i/mac_unit_ip_0/inst/mac_unit_ip_slave_lite_v1_0_S00_AXI_inst/i__carry__4_i_1/O
                         net (fo=1, routed)           0.000    11.948    design_1_i/mac_unit_ip_0/inst/mac_unit_ip_slave_lite_v1_0_S00_AXI_inst/i__carry__4_i_1_n_0
    SLICE_X37Y91         CARRY4 (Prop_carry4_S[3]_CO[3])
                                                      0.401    12.349 r  design_1_i/mac_unit_ip_0/inst/mac_unit_ip_slave_lite_v1_0_S00_AXI_inst/accumulator0_inferred__0/i__carry__4/CO[3]
                         net (fo=1, routed)           0.000    12.349    design_1_i/mac_unit_ip_0/inst/mac_unit_ip_slave_lite_v1_0_S00_AXI_inst/accumulator0_inferred__0/i__carry__4_n_0
    SLICE_X37Y92         CARRY4 (Prop_carry4_CI_O[2])
                                                      0.239    12.588 r  design_1_i/mac_unit_ip_0/inst/mac_unit_ip_slave_lite_v1_0_S00_AXI_inst/accumulator0_inferred__0/i__carry__5/O[2]
                         net (fo=1, routed)           0.000    12.588    design_1_i/mac_unit_ip_0/inst/mac_unit_ip_slave_lite_v1_0_S00_AXI_inst/p_0_in[26]
    SLICE_X37Y92         FDRE                                         r  design_1_i/mac_unit_ip_0/inst/mac_unit_ip_slave_lite_v1_0_S00_AXI_inst/accumulator_reg[26]/D
  -------------------------------------------------------------------    -------------------

                         (clock clk_fpga_0 rise edge)
                                                     10.000    10.000 r  
    PS7_X0Y0             PS7                          0.000    10.000 r  design_1_i/processing_system7_0/inst/PS7_i/FCLKCLK[0]
                         net (fo=1, routed)           1.088    11.088    design_1_i/processing_system7_0/inst/FCLK_CLK_unbuffered[0]
    BUFGCTRL_X0Y16       BUFG (Prop_bufg_I_O)         0.091    11.179 r  design_1_i/processing_system7_0/inst/buffer_fclk_clk_0.FCLK_CLK_0_BUFG/O
                         net (fo=660, routed)         1.478    12.657    design_1_i/mac_unit_ip_0/inst/mac_unit_ip_slave_lite_v1_0_S00_AXI_inst/s00_axi_aclk
    SLICE_X37Y92         FDRE                                         r  design_1_i/mac_unit_ip_0/inst/mac_unit_ip_slave_lite_v1_0_S00_AXI_inst/accumulator_reg[26]/C
                         clock pessimism              0.229    12.886    
                         clock uncertainty           -0.154    12.732    
    SLICE_X37Y92         FDRE (Setup_fdre_C_D)        0.062    12.794    design_1_i/mac_unit_ip_0/inst/mac_unit_ip_slave_lite_v1_0_S00_AXI_inst/accumulator_reg[26]
  -------------------------------------------------------------------
                         required time                         12.794    
                         arrival time                         -12.588    
  -------------------------------------------------------------------
                         slack                                  0.206    

Slack (MET) :             0.222ns  (required time - arrival time)
  Source:                 design_1_i/mac_unit_ip_0/inst/mac_unit_ip_slave_lite_v1_0_S00_AXI_inst/slv_reg1_reg[4]/C
                            (rising edge-triggered cell FDRE clocked by clk_fpga_0  {rise@0.000ns fall@5.000ns period=10.000ns})
  Destination:            design_1_i/mac_unit_ip_0/inst/mac_unit_ip_slave_lite_v1_0_S00_AXI_inst/accumulator_reg[24]/D
                            (rising edge-triggered cell FDRE clocked by clk_fpga_0  {rise@0.000ns fall@5.000ns period=10.000ns})
  Path Group:             clk_fpga_0
  Path Type:              Setup (Max at Slow Process Corner)
  Requirement:            10.000ns  (clk_fpga_0 rise@10.000ns - clk_fpga_0 rise@0.000ns)
  Data Path Delay:        9.631ns  (logic 7.653ns (79.461%)  route 1.978ns (20.539%))
  Logic Levels:           7  (CARRY4=4 DSP48E1=2 LUT2=1)
  Clock Path Skew:        -0.055ns (DCD - SCD + CPR)
    Destination Clock Delay (DCD):    2.657ns = ( 12.657 - 10.000 ) 
    Source Clock Delay      (SCD):    2.941ns
    Clock Pessimism Removal (CPR):    0.229ns
  Clock Uncertainty:      0.154ns  ((TSJ^2 + TIJ^2)^1/2 + DJ) / 2 + PE
    Total System Jitter     (TSJ):    0.071ns
    Total Input Jitter      (TIJ):    0.300ns
    Discrete Jitter          (DJ):    0.000ns
    Phase Error              (PE):    0.000ns

    Location             Delay type                Incr(ns)  Path(ns)    Netlist Resource(s)
  -------------------------------------------------------------------    -------------------
                         (clock clk_fpga_0 rise edge)
                                                      0.000     0.000 r  
    PS7_X0Y0             PS7                          0.000     0.000 r  design_1_i/processing_system7_0/inst/PS7_i/FCLKCLK[0]
                         net (fo=1, routed)           1.193     1.193    design_1_i/processing_system7_0/inst/FCLK_CLK_unbuffered[0]
    BUFGCTRL_X0Y16       BUFG (Prop_bufg_I_O)         0.101     1.294 r  design_1_i/processing_system7_0/inst/buffer_fclk_clk_0.FCLK_CLK_0_BUFG/O
                         net (fo=660, routed)         1.647     2.941    design_1_i/mac_unit_ip_0/inst/mac_unit_ip_slave_lite_v1_0_S00_AXI_inst/s00_axi_aclk
    SLICE_X34Y85         FDRE                                         r  design_1_i/mac_unit_ip_0/inst/mac_unit_ip_slave_lite_v1_0_S00_AXI_inst/slv_reg1_reg[4]/C
  -------------------------------------------------------------------    -------------------
    SLICE_X34Y85         FDRE (Prop_fdre_C_Q)         0.518     3.459 r  design_1_i/mac_unit_ip_0/inst/mac_unit_ip_slave_lite_v1_0_S00_AXI_inst/slv_reg1_reg[4]/Q
                         net (fo=3, routed)           0.686     4.145    design_1_i/mac_unit_ip_0/inst/mac_unit_ip_slave_lite_v1_0_S00_AXI_inst/slv_reg1[4]
    DSP48_X2Y35          DSP48E1 (Prop_dsp48e1_B[4]_PCOUT[47])
                                                      3.851     7.996 r  design_1_i/mac_unit_ip_0/inst/mac_unit_ip_slave_lite_v1_0_S00_AXI_inst/accumulator1__0/PCOUT[47]
                         net (fo=1, routed)           0.002     7.998    design_1_i/mac_unit_ip_0/inst/mac_unit_ip_slave_lite_v1_0_S00_AXI_inst/accumulator1__0_n_106
    DSP48_X2Y36          DSP48E1 (Prop_dsp48e1_PCIN[47]_P[0])
                                                      1.518     9.516 r  design_1_i/mac_unit_ip_0/inst/mac_unit_ip_slave_lite_v1_0_S00_AXI_inst/accumulator1__1/P[0]
                         net (fo=2, routed)           0.695    10.211    design_1_i/mac_unit_ip_0/inst/mac_unit_ip_slave_lite_v1_0_S00_AXI_inst/accumulator1__1_n_105
    SLICE_X36Y90         CARRY4 (Prop_carry4_DI[1]_CO[3])
                                                      0.520    10.731 r  design_1_i/mac_unit_ip_0/inst/mac_unit_ip_slave_lite_v1_0_S00_AXI_inst/accumulator1_carry/CO[3]
                         net (fo=1, routed)           0.000    10.731    design_1_i/mac_unit_ip_0/inst/mac_unit_ip_slave_lite_v1_0_S00_AXI_inst/accumulator1_carry_n_0
    SLICE_X36Y91         CARRY4 (Prop_carry4_CI_O[3])
                                                      0.315    11.046 r  design_1_i/mac_unit_ip_0/inst/mac_unit_ip_slave_lite_v1_0_S00_AXI_inst/accumulator1_carry__0/O[3]
                         net (fo=1, routed)           0.595    11.641    design_1_i/mac_unit_ip_0/inst/mac_unit_ip_slave_lite_v1_0_S00_AXI_inst/accumulator1_carry__0_n_4
    SLICE_X37Y91         LUT2 (Prop_lut2_I1_O)        0.307    11.948 r  design_1_i/mac_unit_ip_0/inst/mac_unit_ip_slave_lite_v1_0_S00_AXI_inst/i__carry__4_i_1/O
                         net (fo=1, routed)           0.000    11.948    design_1_i/mac_unit_ip_0/inst/mac_unit_ip_slave_lite_v1_0_S00_AXI_inst/i__carry__4_i_1_n_0
    SLICE_X37Y91         CARRY4 (Prop_carry4_S[3]_CO[3])
                                                      0.401    12.349 r  design_1_i/mac_unit_ip_0/inst/mac_unit_ip_slave_lite_v1_0_S00_AXI_inst/accumulator0_inferred__0/i__carry__4/CO[3]
                         net (fo=1, routed)           0.000    12.349    design_1_i/mac_unit_ip_0/inst/mac_unit_ip_slave_lite_v1_0_S00_AXI_inst/accumulator0_inferred__0/i__carry__4_n_0
    SLICE_X37Y92         CARRY4 (Prop_carry4_CI_O[0])
                                                      0.223    12.572 r  design_1_i/mac_unit_ip_0/inst/mac_unit_ip_slave_lite_v1_0_S00_AXI_inst/accumulator0_inferred__0/i__carry__5/O[0]
                         net (fo=1, routed)           0.000    12.572    design_1_i/mac_unit_ip_0/inst/mac_unit_ip_slave_lite_v1_0_S00_AXI_inst/p_0_in[24]
    SLICE_X37Y92         FDRE                                         r  design_1_i/mac_unit_ip_0/inst/mac_unit_ip_slave_lite_v1_0_S00_AXI_inst/accumulator_reg[24]/D
  -------------------------------------------------------------------    -------------------

                         (clock clk_fpga_0 rise edge)
                                                     10.000    10.000 r  
    PS7_X0Y0             PS7                          0.000    10.000 r  design_1_i/processing_system7_0/inst/PS7_i/FCLKCLK[0]
                         net (fo=1, routed)           1.088    11.088    design_1_i/processing_system7_0/inst/FCLK_CLK_unbuffered[0]
    BUFGCTRL_X0Y16       BUFG (Prop_bufg_I_O)         0.091    11.179 r  design_1_i/processing_system7_0/inst/buffer_fclk_clk_0.FCLK_CLK_0_BUFG/O
                         net (fo=660, routed)         1.478    12.657    design_1_i/mac_unit_ip_0/inst/mac_unit_ip_slave_lite_v1_0_S00_AXI_inst/s00_axi_aclk
    SLICE_X37Y92         FDRE                                         r  design_1_i/mac_unit_ip_0/inst/mac_unit_ip_slave_lite_v1_0_S00_AXI_inst/accumulator_reg[24]/C
                         clock pessimism              0.229    12.886    
                         clock uncertainty           -0.154    12.732    
    SLICE_X37Y92         FDRE (Setup_fdre_C_D)        0.062    12.794    design_1_i/mac_unit_ip_0/inst/mac_unit_ip_slave_lite_v1_0_S00_AXI_inst/accumulator_reg[24]
  -------------------------------------------------------------------
                         required time                         12.794    
                         arrival time                         -12.572    
  -------------------------------------------------------------------
                         slack                                  0.222    

Slack (MET) :             0.434ns  (required time - arrival time)
  Source:                 design_1_i/mac_unit_ip_0/inst/mac_unit_ip_slave_lite_v1_0_S00_AXI_inst/slv_reg1_reg[4]/C
                            (rising edge-triggered cell FDRE clocked by clk_fpga_0  {rise@0.000ns fall@5.000ns period=10.000ns})
  Destination:            design_1_i/mac_unit_ip_0/inst/mac_unit_ip_slave_lite_v1_0_S00_AXI_inst/accumulator_reg[21]/D
                            (rising edge-triggered cell FDRE clocked by clk_fpga_0  {rise@0.000ns fall@5.000ns period=10.000ns})
  Path Group:             clk_fpga_0
  Path Type:              Setup (Max at Slow Process Corner)
  Requirement:            10.000ns  (clk_fpga_0 rise@10.000ns - clk_fpga_0 rise@0.000ns)
  Data Path Delay:        9.419ns  (logic 7.539ns (80.039%)  route 1.880ns (19.961%))
  Logic Levels:           6  (CARRY4=3 DSP48E1=2 LUT2=1)
  Clock Path Skew:        -0.055ns (DCD - SCD + CPR)
    Destination Clock Delay (DCD):    2.657ns = ( 12.657 - 10.000 ) 
    Source Clock Delay      (SCD):    2.941ns
    Clock Pessimism Removal (CPR):    0.229ns
  Clock Uncertainty:      0.154ns  ((TSJ^2 + TIJ^2)^1/2 + DJ) / 2 + PE
    Total System Jitter     (TSJ):    0.071ns
    Total Input Jitter      (TIJ):    0.300ns
    Discrete Jitter          (DJ):    0.000ns
    Phase Error              (PE):    0.000ns

    Location             Delay type                Incr(ns)  Path(ns)    Netlist Resource(s)
  -------------------------------------------------------------------    -------------------
                         (clock clk_fpga_0 rise edge)
                                                      0.000     0.000 r  
    PS7_X0Y0             PS7                          0.000     0.000 r  design_1_i/processing_system7_0/inst/PS7_i/FCLKCLK[0]
                         net (fo=1, routed)           1.193     1.193    design_1_i/processing_system7_0/inst/FCLK_CLK_unbuffered[0]
    BUFGCTRL_X0Y16       BUFG (Prop_bufg_I_O)         0.101     1.294 r  design_1_i/processing_system7_0/inst/buffer_fclk_clk_0.FCLK_CLK_0_BUFG/O
                         net (fo=660, routed)         1.647     2.941    design_1_i/mac_unit_ip_0/inst/mac_unit_ip_slave_lite_v1_0_S00_AXI_inst/s00_axi_aclk
    SLICE_X34Y85         FDRE                                         r  design_1_i/mac_unit_ip_0/inst/mac_unit_ip_slave_lite_v1_0_S00_AXI_inst/slv_reg1_reg[4]/C
  -------------------------------------------------------------------    -------------------
    SLICE_X34Y85         FDRE (Prop_fdre_C_Q)         0.518     3.459 r  design_1_i/mac_unit_ip_0/inst/mac_unit_ip_slave_lite_v1_0_S00_AXI_inst/slv_reg1_reg[4]/Q
                         net (fo=3, routed)           0.686     4.145    design_1_i/mac_unit_ip_0/inst/mac_unit_ip_slave_lite_v1_0_S00_AXI_inst/slv_reg1[4]
    DSP48_X2Y35          DSP48E1 (Prop_dsp48e1_B[4]_PCOUT[47])
                                                      3.851     7.996 r  design_1_i/mac_unit_ip_0/inst/mac_unit_ip_slave_lite_v1_0_S00_AXI_inst/accumulator1__0/PCOUT[47]
                         net (fo=1, routed)           0.002     7.998    design_1_i/mac_unit_ip_0/inst/mac_unit_ip_slave_lite_v1_0_S00_AXI_inst/accumulator1__0_n_106
    DSP48_X2Y36          DSP48E1 (Prop_dsp48e1_PCIN[47]_P[0])
                                                      1.518     9.516 r  design_1_i/mac_unit_ip_0/inst/mac_unit_ip_slave_lite_v1_0_S00_AXI_inst/accumulator1__1/P[0]
                         net (fo=2, routed)           0.695    10.211    design_1_i/mac_unit_ip_0/inst/mac_unit_ip_slave_lite_v1_0_S00_AXI_inst/accumulator1__1_n_105
    SLICE_X36Y90         CARRY4 (Prop_carry4_DI[1]_O[3])
                                                      0.610    10.821 r  design_1_i/mac_unit_ip_0/inst/mac_unit_ip_slave_lite_v1_0_S00_AXI_inst/accumulator1_carry/O[3]
                         net (fo=1, routed)           0.497    11.318    design_1_i/mac_unit_ip_0/inst/mac_unit_ip_slave_lite_v1_0_S00_AXI_inst/accumulator1_carry_n_4
    SLICE_X37Y90         LUT2 (Prop_lut2_I1_O)        0.307    11.625 r  design_1_i/mac_unit_ip_0/inst/mac_unit_ip_slave_lite_v1_0_S00_AXI_inst/i__carry__3_i_1/O
                         net (fo=1, routed)           0.000    11.625    design_1_i/mac_unit_ip_0/inst/mac_unit_ip_slave_lite_v1_0_S00_AXI_inst/i__carry__3_i_1_n_0
    SLICE_X37Y90         CARRY4 (Prop_carry4_S[3]_CO[3])
                                                      0.401    12.026 r  design_1_i/mac_unit_ip_0/inst/mac_unit_ip_slave_lite_v1_0_S00_AXI_inst/accumulator0_inferred__0/i__carry__3/CO[3]
                         net (fo=1, routed)           0.000    12.026    design_1_i/mac_unit_ip_0/inst/mac_unit_ip_slave_lite_v1_0_S00_AXI_inst/accumulator0_inferred__0/i__carry__3_n_0
    SLICE_X37Y91         CARRY4 (Prop_carry4_CI_O[1])
                                                      0.334    12.360 r  design_1_i/mac_unit_ip_0/inst/mac_unit_ip_slave_lite_v1_0_S00_AXI_inst/accumulator0_inferred__0/i__carry__4/O[1]
                         net (fo=1, routed)           0.000    12.360    design_1_i/mac_unit_ip_0/inst/mac_unit_ip_slave_lite_v1_0_S00_AXI_inst/p_0_in[21]
    SLICE_X37Y91         FDRE                                         r  design_1_i/mac_unit_ip_0/inst/mac_unit_ip_slave_lite_v1_0_S00_AXI_inst/accumulator_reg[21]/D
  -------------------------------------------------------------------    -------------------

                         (clock clk_fpga_0 rise edge)
                                                     10.000    10.000 r  
    PS7_X0Y0             PS7                          0.000    10.000 r  design_1_i/processing_system7_0/inst/PS7_i/FCLKCLK[0]
                         net (fo=1, routed)           1.088    11.088    design_1_i/processing_system7_0/inst/FCLK_CLK_unbuffered[0]
    BUFGCTRL_X0Y16       BUFG (Prop_bufg_I_O)         0.091    11.179 r  design_1_i/processing_system7_0/inst/buffer_fclk_clk_0.FCLK_CLK_0_BUFG/O
                         net (fo=660, routed)         1.478    12.657    design_1_i/mac_unit_ip_0/inst/mac_unit_ip_slave_lite_v1_0_S00_AXI_inst/s00_axi_aclk
    SLICE_X37Y91         FDRE                                         r  design_1_i/mac_unit_ip_0/inst/mac_unit_ip_slave_lite_v1_0_S00_AXI_inst/accumulator_reg[21]/C
                         clock pessimism              0.229    12.886    
                         clock uncertainty           -0.154    12.732    
    SLICE_X37Y91         FDRE (Setup_fdre_C_D)        0.062    12.794    design_1_i/mac_unit_ip_0/inst/mac_unit_ip_slave_lite_v1_0_S00_AXI_inst/accumulator_reg[21]
  -------------------------------------------------------------------
                         required time                         12.794    
                         arrival time                         -12.360    
  -------------------------------------------------------------------
                         slack                                  0.434    

Slack (MET) :             0.450ns  (required time - arrival time)
  Source:                 design_1_i/mac_unit_ip_0/inst/mac_unit_ip_slave_lite_v1_0_S00_AXI_inst/slv_reg1_reg[4]/C
                            (rising edge-triggered cell FDRE clocked by clk_fpga_0  {rise@0.000ns fall@5.000ns period=10.000ns})
  Destination:            design_1_i/mac_unit_ip_0/inst/mac_unit_ip_slave_lite_v1_0_S00_AXI_inst/accumulator_reg[23]/D
                            (rising edge-triggered cell FDRE clocked by clk_fpga_0  {rise@0.000ns fall@5.000ns period=10.000ns})
  Path Group:             clk_fpga_0
  Path Type:              Setup (Max at Slow Process Corner)
  Requirement:            10.000ns  (clk_fpga_0 rise@10.000ns - clk_fpga_0 rise@0.000ns)
  Data Path Delay:        9.403ns  (logic 7.676ns (81.633%)  route 1.727ns (18.367%))
  Logic Levels:           6  (CARRY4=3 DSP48E1=2 LUT2=1)
  Clock Path Skew:        -0.055ns (DCD - SCD + CPR)
    Destination Clock Delay (DCD):    2.657ns = ( 12.657 - 10.000 ) 
    Source Clock Delay      (SCD):    2.941ns
    Clock Pessimism Removal (CPR):    0.229ns
  Clock Uncertainty:      0.154ns  ((TSJ^2 + TIJ^2)^1/2 + DJ) / 2 + PE
    Total System Jitter     (TSJ):    0.071ns
    Total Input Jitter      (TIJ):    0.300ns
    Discrete Jitter          (DJ):    0.000ns
    Phase Error              (PE):    0.000ns

    Location             Delay type                Incr(ns)  Path(ns)    Netlist Resource(s)
  -------------------------------------------------------------------    -------------------
                         (clock clk_fpga_0 rise edge)
                                                      0.000     0.000 r  
    PS7_X0Y0             PS7                          0.000     0.000 r  design_1_i/processing_system7_0/inst/PS7_i/FCLKCLK[0]
                         net (fo=1, routed)           1.193     1.193    design_1_i/processing_system7_0/inst/FCLK_CLK_unbuffered[0]
    BUFGCTRL_X0Y16       BUFG (Prop_bufg_I_O)         0.101     1.294 r  design_1_i/processing_system7_0/inst/buffer_fclk_clk_0.FCLK_CLK_0_BUFG/O
                         net (fo=660, routed)         1.647     2.941    design_1_i/mac_unit_ip_0/inst/mac_unit_ip_slave_lite_v1_0_S00_AXI_inst/s00_axi_aclk
    SLICE_X34Y85         FDRE                                         r  design_1_i/mac_unit_ip_0/inst/mac_unit_ip_slave_lite_v1_0_S00_AXI_inst/slv_reg1_reg[4]/C
  -------------------------------------------------------------------    -------------------
    SLICE_X34Y85         FDRE (Prop_fdre_C_Q)         0.518     3.459 r  design_1_i/mac_unit_ip_0/inst/mac_unit_ip_slave_lite_v1_0_S00_AXI_inst/slv_reg1_reg[4]/Q
                         net (fo=3, routed)           0.686     4.145    design_1_i/mac_unit_ip_0/inst/mac_unit_ip_slave_lite_v1_0_S00_AXI_inst/slv_reg1[4]
    DSP48_X2Y35          DSP48E1 (Prop_dsp48e1_B[4]_PCOUT[47])
                                                      3.851     7.996 r  design_1_i/mac_unit_ip_0/inst/mac_unit_ip_slave_lite_v1_0_S00_AXI_inst/accumulator1__0/PCOUT[47]
                         net (fo=1, routed)           0.002     7.998    design_1_i/mac_unit_ip_0/inst/mac_unit_ip_slave_lite_v1_0_S00_AXI_inst/accumulator1__0_n_106
    DSP48_X2Y36          DSP48E1 (Prop_dsp48e1_PCIN[47]_P[0])
                                                      1.518     9.516 r  design_1_i/mac_unit_ip_0/inst/mac_unit_ip_slave_lite_v1_0_S00_AXI_inst/accumulator1__1/P[0]
                         net (fo=2, routed)           0.695    10.211    design_1_i/mac_unit_ip_0/inst/mac_unit_ip_slave_lite_v1_0_S00_AXI_inst/accumulator1__1_n_105
    SLICE_X36Y90         CARRY4 (Prop_carry4_DI[1]_CO[3])
                                                      0.520    10.731 r  design_1_i/mac_unit_ip_0/inst/mac_unit_ip_slave_lite_v1_0_S00_AXI_inst/accumulator1_carry/CO[3]
                         net (fo=1, routed)           0.000    10.731    design_1_i/mac_unit_ip_0/inst/mac_unit_ip_slave_lite_v1_0_S00_AXI_inst/accumulator1_carry_n_0
    SLICE_X36Y91         CARRY4 (Prop_carry4_CI_O[1])
                                                      0.323    11.054 r  design_1_i/mac_unit_ip_0/inst/mac_unit_ip_slave_lite_v1_0_S00_AXI_inst/accumulator1_carry__0/O[1]
                         net (fo=1, routed)           0.344    11.398    design_1_i/mac_unit_ip_0/inst/mac_unit_ip_slave_lite_v1_0_S00_AXI_inst/accumulator1_carry__0_n_6
    SLICE_X37Y91         LUT2 (Prop_lut2_I1_O)        0.306    11.704 r  design_1_i/mac_unit_ip_0/inst/mac_unit_ip_slave_lite_v1_0_S00_AXI_inst/i__carry__4_i_3/O
                         net (fo=1, routed)           0.000    11.704    design_1_i/mac_unit_ip_0/inst/mac_unit_ip_slave_lite_v1_0_S00_AXI_inst/i__carry__4_i_3_n_0
    SLICE_X37Y91         CARRY4 (Prop_carry4_S[1]_O[3])
                                                      0.640    12.344 r  design_1_i/mac_unit_ip_0/inst/mac_unit_ip_slave_lite_v1_0_S00_AXI_inst/accumulator0_inferred__0/i__carry__4/O[3]
                         net (fo=1, routed)           0.000    12.344    design_1_i/mac_unit_ip_0/inst/mac_unit_ip_slave_lite_v1_0_S00_AXI_inst/p_0_in[23]
    SLICE_X37Y91         FDRE                                         r  design_1_i/mac_unit_ip_0/inst/mac_unit_ip_slave_lite_v1_0_S00_AXI_inst/accumulator_reg[23]/D
  -------------------------------------------------------------------    -------------------

                         (clock clk_fpga_0 rise edge)
                                                     10.000    10.000 r  
    PS7_X0Y0             PS7                          0.000    10.000 r  design_1_i/processing_system7_0/inst/PS7_i/FCLKCLK[0]
                         net (fo=1, routed)           1.088    11.088    design_1_i/processing_system7_0/inst/FCLK_CLK_unbuffered[0]
    BUFGCTRL_X0Y16       BUFG (Prop_bufg_I_O)         0.091    11.179 r  design_1_i/processing_system7_0/inst/buffer_fclk_clk_0.FCLK_CLK_0_BUFG/O
                         net (fo=660, routed)         1.478    12.657    design_1_i/mac_unit_ip_0/inst/mac_unit_ip_slave_lite_v1_0_S00_AXI_inst/s00_axi_aclk
    SLICE_X37Y91         FDRE                                         r  design_1_i/mac_unit_ip_0/inst/mac_unit_ip_slave_lite_v1_0_S00_AXI_inst/accumulator_reg[23]/C
                         clock pessimism              0.229    12.886    
                         clock uncertainty           -0.154    12.732    
    SLICE_X37Y91         FDRE (Setup_fdre_C_D)        0.062    12.794    design_1_i/mac_unit_ip_0/inst/mac_unit_ip_slave_lite_v1_0_S00_AXI_inst/accumulator_reg[23]
  -------------------------------------------------------------------
                         required time                         12.794    
                         arrival time                         -12.344    
  -------------------------------------------------------------------
                         slack                                  0.450    





Min Delay Paths
--------------------------------------------------------------------------------------
Slack (MET) :             0.118ns  (arrival time - required time)
  Source:                 design_1_i/mac_unit_ip_0/inst/mac_unit_ip_slave_lite_v1_0_S00_AXI_inst/slv_reg0_reg[18]/C
                            (rising edge-triggered cell FDRE clocked by clk_fpga_0  {rise@0.000ns fall@5.000ns period=10.000ns})
  Destination:            design_1_i/axi_smc/inst/s00_nodes/s00_r_node/inst/inst_mi_handler/gen_normal_area.inst_fifo_node_payld/gen_reg_fifo.inst_reg_fifo/gen_single_rank.data_reg[37]/D
                            (rising edge-triggered cell FDRE clocked by clk_fpga_0  {rise@0.000ns fall@5.000ns period=10.000ns})
  Path Group:             clk_fpga_0
  Path Type:              Hold (Min at Fast Process Corner)
  Requirement:            0.000ns  (clk_fpga_0 rise@0.000ns - clk_fpga_0 rise@0.000ns)
  Data Path Delay:        0.252ns  (logic 0.186ns (73.740%)  route 0.066ns (26.260%))
  Logic Levels:           1  (LUT6=1)
  Clock Path Skew:        0.013ns (DCD - SCD - CPR)
    Destination Clock Delay (DCD):    1.190ns
    Source Clock Delay      (SCD):    0.893ns
    Clock Pessimism Removal (CPR):    0.284ns

    Location             Delay type                Incr(ns)  Path(ns)    Netlist Resource(s)
  -------------------------------------------------------------------    -------------------
                         (clock clk_fpga_0 rise edge)
                                                      0.000     0.000 r  
    PS7_X0Y0             PS7                          0.000     0.000 r  design_1_i/processing_system7_0/inst/PS7_i/FCLKCLK[0]
                         net (fo=1, routed)           0.310     0.310    design_1_i/processing_system7_0/inst/FCLK_CLK_unbuffered[0]
    BUFGCTRL_X0Y16       BUFG (Prop_bufg_I_O)         0.026     0.336 r  design_1_i/processing_system7_0/inst/buffer_fclk_clk_0.FCLK_CLK_0_BUFG/O
                         net (fo=660, routed)         0.557     0.893    design_1_i/mac_unit_ip_0/inst/mac_unit_ip_slave_lite_v1_0_S00_AXI_inst/s00_axi_aclk
    SLICE_X35Y90         FDRE                                         r  design_1_i/mac_unit_ip_0/inst/mac_unit_ip_slave_lite_v1_0_S00_AXI_inst/slv_reg0_reg[18]/C
  -------------------------------------------------------------------    -------------------
    SLICE_X35Y90         FDRE (Prop_fdre_C_Q)         0.141     1.034 r  design_1_i/mac_unit_ip_0/inst/mac_unit_ip_slave_lite_v1_0_S00_AXI_inst/slv_reg0_reg[18]/Q
                         net (fo=2, routed)           0.066     1.100    design_1_i/mac_unit_ip_0/inst/mac_unit_ip_slave_lite_v1_0_S00_AXI_inst/slv_reg0[18]
    SLICE_X34Y90         LUT6 (Prop_lut6_I5_O)        0.045     1.145 r  design_1_i/mac_unit_ip_0/inst/mac_unit_ip_slave_lite_v1_0_S00_AXI_inst/s00_axi_rdata[18]_INST_0/O
                         net (fo=1, routed)           0.000     1.145    design_1_i/axi_smc/inst/s00_nodes/s00_r_node/inst/inst_mi_handler/gen_normal_area.inst_fifo_node_payld/gen_reg_fifo.inst_reg_fifo/s_sc_payld[20]
    SLICE_X34Y90         FDRE                                         r  design_1_i/axi_smc/inst/s00_nodes/s00_r_node/inst/inst_mi_handler/gen_normal_area.inst_fifo_node_payld/gen_reg_fifo.inst_reg_fifo/gen_single_rank.data_reg[37]/D
  -------------------------------------------------------------------    -------------------

                         (clock clk_fpga_0 rise edge)
                                                      0.000     0.000 r  
    PS7_X0Y0             PS7                          0.000     0.000 r  design_1_i/processing_system7_0/inst/PS7_i/FCLKCLK[0]
                         net (fo=1, routed)           0.337     0.337    design_1_i/processing_system7_0/inst/FCLK_CLK_unbuffered[0]
    BUFGCTRL_X0Y16       BUFG (Prop_bufg_I_O)         0.029     0.366 r  design_1_i/processing_system7_0/inst/buffer_fclk_clk_0.FCLK_CLK_0_BUFG/O
                         net (fo=660, routed)         0.824     1.190    design_1_i/axi_smc/inst/s00_nodes/s00_r_node/inst/inst_mi_handler/gen_normal_area.inst_fifo_node_payld/gen_reg_fifo.inst_reg_fifo/s_sc_aclk
    SLICE_X34Y90         FDRE                                         r  design_1_i/axi_smc/inst/s00_nodes/s00_r_node/inst/inst_mi_handler/gen_normal_area.inst_fifo_node_payld/gen_reg_fifo.inst_reg_fifo/gen_single_rank.data_reg[37]/C
                         clock pessimism             -0.284     0.906    
    SLICE_X34Y90         FDRE (Hold_fdre_C_D)         0.121     1.027    design_1_i/axi_smc/inst/s00_nodes/s00_r_node/inst/inst_mi_handler/gen_normal_area.inst_fifo_node_payld/gen_reg_fifo.inst_reg_fifo/gen_single_rank.data_reg[37]
  -------------------------------------------------------------------
                         required time                         -1.027    
                         arrival time                           1.145    
  -------------------------------------------------------------------
                         slack                                  0.118    

Slack (MET) :             0.121ns  (arrival time - required time)
  Source:                 design_1_i/mac_unit_ip_0/inst/mac_unit_ip_slave_lite_v1_0_S00_AXI_inst/slv_reg0_reg[26]/C
                            (rising edge-triggered cell FDRE clocked by clk_fpga_0  {rise@0.000ns fall@5.000ns period=10.000ns})
  Destination:            design_1_i/axi_smc/inst/s00_nodes/s00_r_node/inst/inst_mi_handler/gen_normal_area.inst_fifo_node_payld/gen_reg_fifo.inst_reg_fifo/gen_single_rank.data_reg[45]/D
                            (rising edge-triggered cell FDRE clocked by clk_fpga_0  {rise@0.000ns fall@5.000ns period=10.000ns})
  Path Group:             clk_fpga_0
  Path Type:              Hold (Min at Fast Process Corner)
  Requirement:            0.000ns  (clk_fpga_0 rise@0.000ns - clk_fpga_0 rise@0.000ns)
  Data Path Delay:        0.254ns  (logic 0.186ns (73.160%)  route 0.068ns (26.840%))
  Logic Levels:           1  (LUT6=1)
  Clock Path Skew:        0.013ns (DCD - SCD - CPR)
    Destination Clock Delay (DCD):    1.190ns
    Source Clock Delay      (SCD):    0.893ns
    Clock Pessimism Removal (CPR):    0.284ns

    Location             Delay type                Incr(ns)  Path(ns)    Netlist Resource(s)
  -------------------------------------------------------------------    -------------------
                         (clock clk_fpga_0 rise edge)
                                                      0.000     0.000 r  
    PS7_X0Y0             PS7                          0.000     0.000 r  design_1_i/processing_system7_0/inst/PS7_i/FCLKCLK[0]
                         net (fo=1, routed)           0.310     0.310    design_1_i/processing_system7_0/inst/FCLK_CLK_unbuffered[0]
    BUFGCTRL_X0Y16       BUFG (Prop_bufg_I_O)         0.026     0.336 r  design_1_i/processing_system7_0/inst/buffer_fclk_clk_0.FCLK_CLK_0_BUFG/O
                         net (fo=660, routed)         0.557     0.893    design_1_i/mac_unit_ip_0/inst/mac_unit_ip_slave_lite_v1_0_S00_AXI_inst/s00_axi_aclk
    SLICE_X35Y92         FDRE                                         r  design_1_i/mac_unit_ip_0/inst/mac_unit_ip_slave_lite_v1_0_S00_AXI_inst/slv_reg0_reg[26]/C
  -------------------------------------------------------------------    -------------------
    SLICE_X35Y92         FDRE (Prop_fdre_C_Q)         0.141     1.034 r  design_1_i/mac_unit_ip_0/inst/mac_unit_ip_slave_lite_v1_0_S00_AXI_inst/slv_reg0_reg[26]/Q
                         net (fo=2, routed)           0.068     1.102    design_1_i/mac_unit_ip_0/inst/mac_unit_ip_slave_lite_v1_0_S00_AXI_inst/slv_reg0[26]
    SLICE_X34Y92         LUT6 (Prop_lut6_I5_O)        0.045     1.147 r  design_1_i/mac_unit_ip_0/inst/mac_unit_ip_slave_lite_v1_0_S00_AXI_inst/s00_axi_rdata[26]_INST_0/O
                         net (fo=1, routed)           0.000     1.147    design_1_i/axi_smc/inst/s00_nodes/s00_r_node/inst/inst_mi_handler/gen_normal_area.inst_fifo_node_payld/gen_reg_fifo.inst_reg_fifo/s_sc_payld[28]
    SLICE_X34Y92         FDRE                                         r  design_1_i/axi_smc/inst/s00_nodes/s00_r_node/inst/inst_mi_handler/gen_normal_area.inst_fifo_node_payld/gen_reg_fifo.inst_reg_fifo/gen_single_rank.data_reg[45]/D
  -------------------------------------------------------------------    -------------------

                         (clock clk_fpga_0 rise edge)
                                                      0.000     0.000 r  
    PS7_X0Y0             PS7                          0.000     0.000 r  design_1_i/processing_system7_0/inst/PS7_i/FCLKCLK[0]
                         net (fo=1, routed)           0.337     0.337    design_1_i/processing_system7_0/inst/FCLK_CLK_unbuffered[0]
    BUFGCTRL_X0Y16       BUFG (Prop_bufg_I_O)         0.029     0.366 r  design_1_i/processing_system7_0/inst/buffer_fclk_clk_0.FCLK_CLK_0_BUFG/O
                         net (fo=660, routed)         0.824     1.190    design_1_i/axi_smc/inst/s00_nodes/s00_r_node/inst/inst_mi_handler/gen_normal_area.inst_fifo_node_payld/gen_reg_fifo.inst_reg_fifo/s_sc_aclk
    SLICE_X34Y92         FDRE                                         r  design_1_i/axi_smc/inst/s00_nodes/s00_r_node/inst/inst_mi_handler/gen_normal_area.inst_fifo_node_payld/gen_reg_fifo.inst_reg_fifo/gen_single_rank.data_reg[45]/C
                         clock pessimism             -0.284     0.906    
    SLICE_X34Y92         FDRE (Hold_fdre_C_D)         0.120     1.026    design_1_i/axi_smc/inst/s00_nodes/s00_r_node/inst/inst_mi_handler/gen_normal_area.inst_fifo_node_payld/gen_reg_fifo.inst_reg_fifo/gen_single_rank.data_reg[45]
  -------------------------------------------------------------------
                         required time                         -1.026    
                         arrival time                           1.147    
  -------------------------------------------------------------------
                         slack                                  0.121    

Slack (MET) :             0.122ns  (arrival time - required time)
  Source:                 design_1_i/axi_smc/inst/clk_map/psr_aclk/U0/EXT_LPF/ACTIVE_LOW_AUX.ACT_LO_AUX/GENERATE_LEVEL_P_S_CDC.SINGLE_BIT.CROSS_PLEVEL_IN2SCNDRY_IN_cdc_to/C
                            (rising edge-triggered cell FDRE clocked by clk_fpga_0  {rise@0.000ns fall@5.000ns period=10.000ns})
  Destination:            design_1_i/axi_smc/inst/clk_map/psr_aclk/U0/EXT_LPF/ACTIVE_LOW_AUX.ACT_LO_AUX/GENERATE_LEVEL_P_S_CDC.SINGLE_BIT.CROSS_PLEVEL_IN2SCNDRY_s_level_out_d2/D
                            (rising edge-triggered cell FDRE clocked by clk_fpga_0  {rise@0.000ns fall@5.000ns period=10.000ns})
  Path Group:             clk_fpga_0
  Path Type:              Hold (Min at Fast Process Corner)
  Requirement:            0.000ns  (clk_fpga_0 rise@0.000ns - clk_fpga_0 rise@0.000ns)
  Data Path Delay:        0.197ns  (logic 0.141ns (71.611%)  route 0.056ns (28.389%))
  Logic Levels:           0  
  Clock Path Skew:        0.000ns (DCD - SCD - CPR)
    Destination Clock Delay (DCD):    1.192ns
    Source Clock Delay      (SCD):    0.895ns
    Clock Pessimism Removal (CPR):    0.297ns

    Location             Delay type                Incr(ns)  Path(ns)    Netlist Resource(s)
  -------------------------------------------------------------------    -------------------
                         (clock clk_fpga_0 rise edge)
                                                      0.000     0.000 r  
    PS7_X0Y0             PS7                          0.000     0.000 r  design_1_i/processing_system7_0/inst/PS7_i/FCLKCLK[0]
                         net (fo=1, routed)           0.310     0.310    design_1_i/processing_system7_0/inst/FCLK_CLK_unbuffered[0]
    BUFGCTRL_X0Y16       BUFG (Prop_bufg_I_O)         0.026     0.336 r  design_1_i/processing_system7_0/inst/buffer_fclk_clk_0.FCLK_CLK_0_BUFG/O
                         net (fo=660, routed)         0.559     0.895    design_1_i/axi_smc/inst/clk_map/psr_aclk/U0/EXT_LPF/ACTIVE_LOW_AUX.ACT_LO_AUX/aclk
    SLICE_X33Y98         FDRE                                         r  design_1_i/axi_smc/inst/clk_map/psr_aclk/U0/EXT_LPF/ACTIVE_LOW_AUX.ACT_LO_AUX/GENERATE_LEVEL_P_S_CDC.SINGLE_BIT.CROSS_PLEVEL_IN2SCNDRY_IN_cdc_to/C
  -------------------------------------------------------------------    -------------------
    SLICE_X33Y98         FDRE (Prop_fdre_C_Q)         0.141     1.036 r  design_1_i/axi_smc/inst/clk_map/psr_aclk/U0/EXT_LPF/ACTIVE_LOW_AUX.ACT_LO_AUX/GENERATE_LEVEL_P_S_CDC.SINGLE_BIT.CROSS_PLEVEL_IN2SCNDRY_IN_cdc_to/Q
                         net (fo=1, routed)           0.056     1.091    design_1_i/axi_smc/inst/clk_map/psr_aclk/U0/EXT_LPF/ACTIVE_LOW_AUX.ACT_LO_AUX/Q
    SLICE_X33Y98         FDRE                                         r  design_1_i/axi_smc/inst/clk_map/psr_aclk/U0/EXT_LPF/ACTIVE_LOW_AUX.ACT_LO_AUX/GENERATE_LEVEL_P_S_CDC.SINGLE_BIT.CROSS_PLEVEL_IN2SCNDRY_s_level_out_d2/D
  -------------------------------------------------------------------    -------------------

                         (clock clk_fpga_0 rise edge)
                                                      0.000     0.000 r  
    PS7_X0Y0             PS7                          0.000     0.000 r  design_1_i/processing_system7_0/inst/PS7_i/FCLKCLK[0]
                         net (fo=1, routed)           0.337     0.337    design_1_i/processing_system7_0/inst/FCLK_CLK_unbuffered[0]
    BUFGCTRL_X0Y16       BUFG (Prop_bufg_I_O)         0.029     0.366 r  design_1_i/processing_system7_0/inst/buffer_fclk_clk_0.FCLK_CLK_0_BUFG/O
                         net (fo=660, routed)         0.826     1.192    design_1_i/axi_smc/inst/clk_map/psr_aclk/U0/EXT_LPF/ACTIVE_LOW_AUX.ACT_LO_AUX/aclk
    SLICE_X33Y98         FDRE                                         r  design_1_i/axi_smc/inst/clk_map/psr_aclk/U0/EXT_LPF/ACTIVE_LOW_AUX.ACT_LO_AUX/GENERATE_LEVEL_P_S_CDC.SINGLE_BIT.CROSS_PLEVEL_IN2SCNDRY_s_level_out_d2/C
                         clock pessimism             -0.297     0.895    
    SLICE_X33Y98         FDRE (Hold_fdre_C_D)         0.075     0.970    design_1_i/axi_smc/inst/clk_map/psr_aclk/U0/EXT_LPF/ACTIVE_LOW_AUX.ACT_LO_AUX/GENERATE_LEVEL_P_S_CDC.SINGLE_BIT.CROSS_PLEVEL_IN2SCNDRY_s_level_out_d2
  -------------------------------------------------------------------
                         required time                         -0.970    
                         arrival time                           1.091    
  -------------------------------------------------------------------
                         slack                                  0.122    

Slack (MET) :             0.122ns  (arrival time - required time)
  Source:                 design_1_i/axi_smc/inst/m00_exit_pipeline/m00_exit/inst/xpm_cdc_async_rst_inst/arststages_ff_reg[0]/C
                            (rising edge-triggered cell FDCE clocked by clk_fpga_0  {rise@0.000ns fall@5.000ns period=10.000ns})
  Destination:            design_1_i/axi_smc/inst/m00_exit_pipeline/m00_exit/inst/xpm_cdc_async_rst_inst/arststages_ff_reg[1]/D
                            (rising edge-triggered cell FDCE clocked by clk_fpga_0  {rise@0.000ns fall@5.000ns period=10.000ns})
  Path Group:             clk_fpga_0
  Path Type:              Hold (Min at Fast Process Corner)
  Requirement:            0.000ns  (clk_fpga_0 rise@0.000ns - clk_fpga_0 rise@0.000ns)
  Data Path Delay:        0.197ns  (logic 0.141ns (71.611%)  route 0.056ns (28.389%))
  Logic Levels:           0  
  Clock Path Skew:        0.000ns (DCD - SCD - CPR)
    Destination Clock Delay (DCD):    1.185ns
    Source Clock Delay      (SCD):    0.890ns
    Clock Pessimism Removal (CPR):    0.295ns

    Location             Delay type                Incr(ns)  Path(ns)    Netlist Resource(s)
  -------------------------------------------------------------------    -------------------
                         (clock clk_fpga_0 rise edge)
                                                      0.000     0.000 r  
    PS7_X0Y0             PS7                          0.000     0.000 r  design_1_i/processing_system7_0/inst/PS7_i/FCLKCLK[0]
                         net (fo=1, routed)           0.310     0.310    design_1_i/processing_system7_0/inst/FCLK_CLK_unbuffered[0]
    BUFGCTRL_X0Y16       BUFG (Prop_bufg_I_O)         0.026     0.336 r  design_1_i/processing_system7_0/inst/buffer_fclk_clk_0.FCLK_CLK_0_BUFG/O
                         net (fo=660, routed)         0.554     0.890    design_1_i/axi_smc/inst/m00_exit_pipeline/m00_exit/inst/xpm_cdc_async_rst_inst/dest_clk
    SLICE_X35Y84         FDCE                                         r  design_1_i/axi_smc/inst/m00_exit_pipeline/m00_exit/inst/xpm_cdc_async_rst_inst/arststages_ff_reg[0]/C
  -------------------------------------------------------------------    -------------------
    SLICE_X35Y84         FDCE (Prop_fdce_C_Q)         0.141     1.031 r  design_1_i/axi_smc/inst/m00_exit_pipeline/m00_exit/inst/xpm_cdc_async_rst_inst/arststages_ff_reg[0]/Q
                         net (fo=1, routed)           0.056     1.086    design_1_i/axi_smc/inst/m00_exit_pipeline/m00_exit/inst/xpm_cdc_async_rst_inst/arststages_ff[0]
    SLICE_X35Y84         FDCE                                         r  design_1_i/axi_smc/inst/m00_exit_pipeline/m00_exit/inst/xpm_cdc_async_rst_inst/arststages_ff_reg[1]/D
  -------------------------------------------------------------------    -------------------

                         (clock clk_fpga_0 rise edge)
                                                      0.000     0.000 r  
    PS7_X0Y0             PS7                          0.000     0.000 r  design_1_i/processing_system7_0/inst/PS7_i/FCLKCLK[0]
                         net (fo=1, routed)           0.337     0.337    design_1_i/processing_system7_0/inst/FCLK_CLK_unbuffered[0]
    BUFGCTRL_X0Y16       BUFG (Prop_bufg_I_O)         0.029     0.366 r  design_1_i/processing_system7_0/inst/buffer_fclk_clk_0.FCLK_CLK_0_BUFG/O
                         net (fo=660, routed)         0.819     1.185    design_1_i/axi_smc/inst/m00_exit_pipeline/m00_exit/inst/xpm_cdc_async_rst_inst/dest_clk
    SLICE_X35Y84         FDCE                                         r  design_1_i/axi_smc/inst/m00_exit_pipeline/m00_exit/inst/xpm_cdc_async_rst_inst/arststages_ff_reg[1]/C
                         clock pessimism             -0.295     0.890    
    SLICE_X35Y84         FDCE (Hold_fdce_C_D)         0.075     0.965    design_1_i/axi_smc/inst/m00_exit_pipeline/m00_exit/inst/xpm_cdc_async_rst_inst/arststages_ff_reg[1]
  -------------------------------------------------------------------
                         required time                         -0.965    
                         arrival time                           1.086    
  -------------------------------------------------------------------
                         slack                                  0.122    

Slack (MET) :             0.122ns  (arrival time - required time)
  Source:                 design_1_i/axi_smc/inst/s00_entry_pipeline/s00_si_converter/inst/xpm_cdc_async_rst_inst/arststages_ff_reg[0]/C
                            (rising edge-triggered cell FDCE clocked by clk_fpga_0  {rise@0.000ns fall@5.000ns period=10.000ns})
  Destination:            design_1_i/axi_smc/inst/s00_entry_pipeline/s00_si_converter/inst/xpm_cdc_async_rst_inst/arststages_ff_reg[1]/D
                            (rising edge-triggered cell FDCE clocked by clk_fpga_0  {rise@0.000ns fall@5.000ns period=10.000ns})
  Path Group:             clk_fpga_0
  Path Type:              Hold (Min at Fast Process Corner)
  Requirement:            0.000ns  (clk_fpga_0 rise@0.000ns - clk_fpga_0 rise@0.000ns)
  Data Path Delay:        0.197ns  (logic 0.141ns (71.611%)  route 0.056ns (28.389%))
  Logic Levels:           0  
  Clock Path Skew:        0.000ns (DCD - SCD - CPR)
    Destination Clock Delay (DCD):    1.191ns
    Source Clock Delay      (SCD):    0.894ns
    Clock Pessimism Removal (CPR):    0.297ns

    Location             Delay type                Incr(ns)  Path(ns)    Netlist Resource(s)
  -------------------------------------------------------------------    -------------------
                         (clock clk_fpga_0 rise edge)
                                                      0.000     0.000 r  
    PS7_X0Y0             PS7                          0.000     0.000 r  design_1_i/processing_system7_0/inst/PS7_i/FCLKCLK[0]
                         net (fo=1, routed)           0.310     0.310    design_1_i/processing_system7_0/inst/FCLK_CLK_unbuffered[0]
    BUFGCTRL_X0Y16       BUFG (Prop_bufg_I_O)         0.026     0.336 r  design_1_i/processing_system7_0/inst/buffer_fclk_clk_0.FCLK_CLK_0_BUFG/O
                         net (fo=660, routed)         0.558     0.894    design_1_i/axi_smc/inst/s00_entry_pipeline/s00_si_converter/inst/xpm_cdc_async_rst_inst/dest_clk
    SLICE_X35Y95         FDCE                                         r  design_1_i/axi_smc/inst/s00_entry_pipeline/s00_si_converter/inst/xpm_cdc_async_rst_inst/arststages_ff_reg[0]/C
  -------------------------------------------------------------------    -------------------
    SLICE_X35Y95         FDCE (Prop_fdce_C_Q)         0.141     1.035 r  design_1_i/axi_smc/inst/s00_entry_pipeline/s00_si_converter/inst/xpm_cdc_async_rst_inst/arststages_ff_reg[0]/Q
                         net (fo=1, routed)           0.056     1.090    design_1_i/axi_smc/inst/s00_entry_pipeline/s00_si_converter/inst/xpm_cdc_async_rst_inst/arststages_ff[0]
    SLICE_X35Y95         FDCE                                         r  design_1_i/axi_smc/inst/s00_entry_pipeline/s00_si_converter/inst/xpm_cdc_async_rst_inst/arststages_ff_reg[1]/D
  -------------------------------------------------------------------    -------------------

                         (clock clk_fpga_0 rise edge)
                                                      0.000     0.000 r  
    PS7_X0Y0             PS7                          0.000     0.000 r  design_1_i/processing_system7_0/inst/PS7_i/FCLKCLK[0]
                         net (fo=1, routed)           0.337     0.337    design_1_i/processing_system7_0/inst/FCLK_CLK_unbuffered[0]
    BUFGCTRL_X0Y16       BUFG (Prop_bufg_I_O)         0.029     0.366 r  design_1_i/processing_system7_0/inst/buffer_fclk_clk_0.FCLK_CLK_0_BUFG/O
                         net (fo=660, routed)         0.825     1.191    design_1_i/axi_smc/inst/s00_entry_pipeline/s00_si_converter/inst/xpm_cdc_async_rst_inst/dest_clk
    SLICE_X35Y95         FDCE                                         r  design_1_i/axi_smc/inst/s00_entry_pipeline/s00_si_converter/inst/xpm_cdc_async_rst_inst/arststages_ff_reg[1]/C
                         clock pessimism             -0.297     0.894    
    SLICE_X35Y95         FDCE (Hold_fdce_C_D)         0.075     0.969    design_1_i/axi_smc/inst/s00_entry_pipeline/s00_si_converter/inst/xpm_cdc_async_rst_inst/arststages_ff_reg[1]
  -------------------------------------------------------------------
                         required time                         -0.969    
                         arrival time                           1.090    
  -------------------------------------------------------------------
                         slack                                  0.122    

Slack (MET) :             0.122ns  (arrival time - required time)
  Source:                 design_1_i/axi_smc/inst/s00_nodes/s00_aw_node/inst/s_sc_xpm_cdc_async_rst_inst/arststages_ff_reg[0]/C
                            (rising edge-triggered cell FDCE clocked by clk_fpga_0  {rise@0.000ns fall@5.000ns period=10.000ns})
  Destination:            design_1_i/axi_smc/inst/s00_nodes/s00_aw_node/inst/s_sc_xpm_cdc_async_rst_inst/arststages_ff_reg[1]/D
                            (rising edge-triggered cell FDCE clocked by clk_fpga_0  {rise@0.000ns fall@5.000ns period=10.000ns})
  Path Group:             clk_fpga_0
  Path Type:              Hold (Min at Fast Process Corner)
  Requirement:            0.000ns  (clk_fpga_0 rise@0.000ns - clk_fpga_0 rise@0.000ns)
  Data Path Delay:        0.197ns  (logic 0.141ns (71.611%)  route 0.056ns (28.389%))
  Logic Levels:           0  
  Clock Path Skew:        0.000ns (DCD - SCD - CPR)
    Destination Clock Delay (DCD):    1.189ns
    Source Clock Delay      (SCD):    0.891ns
    Clock Pessimism Removal (CPR):    0.298ns

    Location             Delay type                Incr(ns)  Path(ns)    Netlist Resource(s)
  -------------------------------------------------------------------    -------------------
                         (clock clk_fpga_0 rise edge)
                                                      0.000     0.000 r  
    PS7_X0Y0             PS7                          0.000     0.000 r  design_1_i/processing_system7_0/inst/PS7_i/FCLKCLK[0]
                         net (fo=1, routed)           0.310     0.310    design_1_i/processing_system7_0/inst/FCLK_CLK_unbuffered[0]
    BUFGCTRL_X0Y16       BUFG (Prop_bufg_I_O)         0.026     0.336 r  design_1_i/processing_system7_0/inst/buffer_fclk_clk_0.FCLK_CLK_0_BUFG/O
                         net (fo=660, routed)         0.555     0.891    design_1_i/axi_smc/inst/s00_nodes/s00_aw_node/inst/s_sc_xpm_cdc_async_rst_inst/dest_clk
    SLICE_X39Y90         FDCE                                         r  design_1_i/axi_smc/inst/s00_nodes/s00_aw_node/inst/s_sc_xpm_cdc_async_rst_inst/arststages_ff_reg[0]/C
  -------------------------------------------------------------------    -------------------
    SLICE_X39Y90         FDCE (Prop_fdce_C_Q)         0.141     1.032 r  design_1_i/axi_smc/inst/s00_nodes/s00_aw_node/inst/s_sc_xpm_cdc_async_rst_inst/arststages_ff_reg[0]/Q
                         net (fo=1, routed)           0.056     1.087    design_1_i/axi_smc/inst/s00_nodes/s00_aw_node/inst/s_sc_xpm_cdc_async_rst_inst/arststages_ff[0]
    SLICE_X39Y90         FDCE                                         r  design_1_i/axi_smc/inst/s00_nodes/s00_aw_node/inst/s_sc_xpm_cdc_async_rst_inst/arststages_ff_reg[1]/D
  -------------------------------------------------------------------    -------------------

                         (clock clk_fpga_0 rise edge)
                                                      0.000     0.000 r  
    PS7_X0Y0             PS7                          0.000     0.000 r  design_1_i/processing_system7_0/inst/PS7_i/FCLKCLK[0]
                         net (fo=1, routed)           0.337     0.337    design_1_i/processing_system7_0/inst/FCLK_CLK_unbuffered[0]
    BUFGCTRL_X0Y16       BUFG (Prop_bufg_I_O)         0.029     0.366 r  design_1_i/processing_system7_0/inst/buffer_fclk_clk_0.FCLK_CLK_0_BUFG/O
                         net (fo=660, routed)         0.823     1.189    design_1_i/axi_smc/inst/s00_nodes/s00_aw_node/inst/s_sc_xpm_cdc_async_rst_inst/dest_clk
    SLICE_X39Y90         FDCE                                         r  design_1_i/axi_smc/inst/s00_nodes/s00_aw_node/inst/s_sc_xpm_cdc_async_rst_inst/arststages_ff_reg[1]/C
                         clock pessimism             -0.298     0.891    
    SLICE_X39Y90         FDCE (Hold_fdce_C_D)         0.075     0.966    design_1_i/axi_smc/inst/s00_nodes/s00_aw_node/inst/s_sc_xpm_cdc_async_rst_inst/arststages_ff_reg[1]
  -------------------------------------------------------------------
                         required time                         -0.966    
                         arrival time                           1.087    
  -------------------------------------------------------------------
                         slack                                  0.122    

Slack (MET) :             0.122ns  (arrival time - required time)
  Source:                 design_1_i/axi_smc/inst/s00_nodes/s00_w_node/inst/s_sc_xpm_cdc_async_rst_inst/arststages_ff_reg[0]/C
                            (rising edge-triggered cell FDCE clocked by clk_fpga_0  {rise@0.000ns fall@5.000ns period=10.000ns})
  Destination:            design_1_i/axi_smc/inst/s00_nodes/s00_w_node/inst/s_sc_xpm_cdc_async_rst_inst/arststages_ff_reg[1]/D
                            (rising edge-triggered cell FDCE clocked by clk_fpga_0  {rise@0.000ns fall@5.000ns period=10.000ns})
  Path Group:             clk_fpga_0
  Path Type:              Hold (Min at Fast Process Corner)
  Requirement:            0.000ns  (clk_fpga_0 rise@0.000ns - clk_fpga_0 rise@0.000ns)
  Data Path Delay:        0.197ns  (logic 0.141ns (71.611%)  route 0.056ns (28.389%))
  Logic Levels:           0  
  Clock Path Skew:        0.000ns (DCD - SCD - CPR)
    Destination Clock Delay (DCD):    1.190ns
    Source Clock Delay      (SCD):    0.892ns
    Clock Pessimism Removal (CPR):    0.298ns

    Location             Delay type                Incr(ns)  Path(ns)    Netlist Resource(s)
  -------------------------------------------------------------------    -------------------
                         (clock clk_fpga_0 rise edge)
                                                      0.000     0.000 r  
    PS7_X0Y0             PS7                          0.000     0.000 r  design_1_i/processing_system7_0/inst/PS7_i/FCLKCLK[0]
                         net (fo=1, routed)           0.310     0.310    design_1_i/processing_system7_0/inst/FCLK_CLK_unbuffered[0]
    BUFGCTRL_X0Y16       BUFG (Prop_bufg_I_O)         0.026     0.336 r  design_1_i/processing_system7_0/inst/buffer_fclk_clk_0.FCLK_CLK_0_BUFG/O
                         net (fo=660, routed)         0.556     0.892    design_1_i/axi_smc/inst/s00_nodes/s00_w_node/inst/s_sc_xpm_cdc_async_rst_inst/dest_clk
    SLICE_X37Y94         FDCE                                         r  design_1_i/axi_smc/inst/s00_nodes/s00_w_node/inst/s_sc_xpm_cdc_async_rst_inst/arststages_ff_reg[0]/C
  -------------------------------------------------------------------    -------------------
    SLICE_X37Y94         FDCE (Prop_fdce_C_Q)         0.141     1.033 r  design_1_i/axi_smc/inst/s00_nodes/s00_w_node/inst/s_sc_xpm_cdc_async_rst_inst/arststages_ff_reg[0]/Q
                         net (fo=1, routed)           0.056     1.088    design_1_i/axi_smc/inst/s00_nodes/s00_w_node/inst/s_sc_xpm_cdc_async_rst_inst/arststages_ff[0]
    SLICE_X37Y94         FDCE                                         r  design_1_i/axi_smc/inst/s00_nodes/s00_w_node/inst/s_sc_xpm_cdc_async_rst_inst/arststages_ff_reg[1]/D
  -------------------------------------------------------------------    -------------------

                         (clock clk_fpga_0 rise edge)
                                                      0.000     0.000 r  
    PS7_X0Y0             PS7                          0.000     0.000 r  design_1_i/processing_system7_0/inst/PS7_i/FCLKCLK[0]
                         net (fo=1, routed)           0.337     0.337    design_1_i/processing_system7_0/inst/FCLK_CLK_unbuffered[0]
    BUFGCTRL_X0Y16       BUFG (Prop_bufg_I_O)         0.029     0.366 r  design_1_i/processing_system7_0/inst/buffer_fclk_clk_0.FCLK_CLK_0_BUFG/O
                         net (fo=660, routed)         0.824     1.190    design_1_i/axi_smc/inst/s00_nodes/s00_w_node/inst/s_sc_xpm_cdc_async_rst_inst/dest_clk
    SLICE_X37Y94         FDCE                                         r  design_1_i/axi_smc/inst/s00_nodes/s00_w_node/inst/s_sc_xpm_cdc_async_rst_inst/arststages_ff_reg[1]/C
                         clock pessimism             -0.298     0.892    
    SLICE_X37Y94         FDCE (Hold_fdce_C_D)         0.075     0.967    design_1_i/axi_smc/inst/s00_nodes/s00_w_node/inst/s_sc_xpm_cdc_async_rst_inst/arststages_ff_reg[1]
  -------------------------------------------------------------------
                         required time                         -0.967    
                         arrival time                           1.088    
  -------------------------------------------------------------------
                         slack                                  0.122    

Slack (MET) :             0.128ns  (arrival time - required time)
  Source:                 design_1_i/mac_unit_ip_0/inst/mac_unit_ip_slave_lite_v1_0_S00_AXI_inst/accumulator_reg[13]/C
                            (rising edge-triggered cell FDRE clocked by clk_fpga_0  {rise@0.000ns fall@5.000ns period=10.000ns})
  Destination:            design_1_i/axi_smc/inst/s00_nodes/s00_r_node/inst/inst_mi_handler/gen_normal_area.inst_fifo_node_payld/gen_reg_fifo.inst_reg_fifo/gen_single_rank.data_reg[32]/D
                            (rising edge-triggered cell FDRE clocked by clk_fpga_0  {rise@0.000ns fall@5.000ns period=10.000ns})
  Path Group:             clk_fpga_0
  Path Type:              Hold (Min at Fast Process Corner)
  Requirement:            0.000ns  (clk_fpga_0 rise@0.000ns - clk_fpga_0 rise@0.000ns)
  Data Path Delay:        0.262ns  (logic 0.186ns (70.964%)  route 0.076ns (29.036%))
  Logic Levels:           1  (LUT6=1)
  Clock Path Skew:        0.013ns (DCD - SCD - CPR)
    Destination Clock Delay (DCD):    1.188ns
    Source Clock Delay      (SCD):    0.890ns
    Clock Pessimism Removal (CPR):    0.285ns

    Location             Delay type                Incr(ns)  Path(ns)    Netlist Resource(s)
  -------------------------------------------------------------------    -------------------
                         (clock clk_fpga_0 rise edge)
                                                      0.000     0.000 r  
    PS7_X0Y0             PS7                          0.000     0.000 r  design_1_i/processing_system7_0/inst/PS7_i/FCLKCLK[0]
                         net (fo=1, routed)           0.310     0.310    design_1_i/processing_system7_0/inst/FCLK_CLK_unbuffered[0]
    BUFGCTRL_X0Y16       BUFG (Prop_bufg_I_O)         0.026     0.336 r  design_1_i/processing_system7_0/inst/buffer_fclk_clk_0.FCLK_CLK_0_BUFG/O
                         net (fo=660, routed)         0.554     0.890    design_1_i/mac_unit_ip_0/inst/mac_unit_ip_slave_lite_v1_0_S00_AXI_inst/s00_axi_aclk
    SLICE_X37Y89         FDRE                                         r  design_1_i/mac_unit_ip_0/inst/mac_unit_ip_slave_lite_v1_0_S00_AXI_inst/accumulator_reg[13]/C
  -------------------------------------------------------------------    -------------------
    SLICE_X37Y89         FDRE (Prop_fdre_C_Q)         0.141     1.031 r  design_1_i/mac_unit_ip_0/inst/mac_unit_ip_slave_lite_v1_0_S00_AXI_inst/accumulator_reg[13]/Q
                         net (fo=3, routed)           0.076     1.107    design_1_i/mac_unit_ip_0/inst/mac_unit_ip_slave_lite_v1_0_S00_AXI_inst/accumulator[13]
    SLICE_X36Y89         LUT6 (Prop_lut6_I0_O)        0.045     1.152 r  design_1_i/mac_unit_ip_0/inst/mac_unit_ip_slave_lite_v1_0_S00_AXI_inst/s00_axi_rdata[13]_INST_0/O
                         net (fo=1, routed)           0.000     1.152    design_1_i/axi_smc/inst/s00_nodes/s00_r_node/inst/inst_mi_handler/gen_normal_area.inst_fifo_node_payld/gen_reg_fifo.inst_reg_fifo/s_sc_payld[15]
    SLICE_X36Y89         FDRE                                         r  design_1_i/axi_smc/inst/s00_nodes/s00_r_node/inst/inst_mi_handler/gen_normal_area.inst_fifo_node_payld/gen_reg_fifo.inst_reg_fifo/gen_single_rank.data_reg[32]/D
  -------------------------------------------------------------------    -------------------

                         (clock clk_fpga_0 rise edge)
                                                      0.000     0.000 r  
    PS7_X0Y0             PS7                          0.000     0.000 r  design_1_i/processing_system7_0/inst/PS7_i/FCLKCLK[0]
                         net (fo=1, routed)           0.337     0.337    design_1_i/processing_system7_0/inst/FCLK_CLK_unbuffered[0]
    BUFGCTRL_X0Y16       BUFG (Prop_bufg_I_O)         0.029     0.366 r  design_1_i/processing_system7_0/inst/buffer_fclk_clk_0.FCLK_CLK_0_BUFG/O
                         net (fo=660, routed)         0.822     1.188    design_1_i/axi_smc/inst/s00_nodes/s00_r_node/inst/inst_mi_handler/gen_normal_area.inst_fifo_node_payld/gen_reg_fifo.inst_reg_fifo/s_sc_aclk
    SLICE_X36Y89         FDRE                                         r  design_1_i/axi_smc/inst/s00_nodes/s00_r_node/inst/inst_mi_handler/gen_normal_area.inst_fifo_node_payld/gen_reg_fifo.inst_reg_fifo/gen_single_rank.data_reg[32]/C
                         clock pessimism             -0.285     0.903    
    SLICE_X36Y89         FDRE (Hold_fdre_C_D)         0.121     1.024    design_1_i/axi_smc/inst/s00_nodes/s00_r_node/inst/inst_mi_handler/gen_normal_area.inst_fifo_node_payld/gen_reg_fifo.inst_reg_fifo/gen_single_rank.data_reg[32]
  -------------------------------------------------------------------
                         required time                         -1.024    
                         arrival time                           1.152    
  -------------------------------------------------------------------
                         slack                                  0.128    

Slack (MET) :             0.131ns  (arrival time - required time)
  Source:                 design_1_i/mac_unit_ip_0/inst/mac_unit_ip_slave_lite_v1_0_S00_AXI_inst/accumulator_reg[6]/C
                            (rising edge-triggered cell FDRE clocked by clk_fpga_0  {rise@0.000ns fall@5.000ns period=10.000ns})
  Destination:            design_1_i/axi_smc/inst/s00_nodes/s00_r_node/inst/inst_mi_handler/gen_normal_area.inst_fifo_node_payld/gen_reg_fifo.inst_reg_fifo/gen_single_rank.data_reg[25]/D
                            (rising edge-triggered cell FDRE clocked by clk_fpga_0  {rise@0.000ns fall@5.000ns period=10.000ns})
  Path Group:             clk_fpga_0
  Path Type:              Hold (Min at Fast Process Corner)
  Requirement:            0.000ns  (clk_fpga_0 rise@0.000ns - clk_fpga_0 rise@0.000ns)
  Data Path Delay:        0.264ns  (logic 0.186ns (70.426%)  route 0.078ns (29.574%))
  Logic Levels:           1  (LUT6=1)
  Clock Path Skew:        0.013ns (DCD - SCD - CPR)
    Destination Clock Delay (DCD):    1.186ns
    Source Clock Delay      (SCD):    0.889ns
    Clock Pessimism Removal (CPR):    0.284ns

    Location             Delay type                Incr(ns)  Path(ns)    Netlist Resource(s)
  -------------------------------------------------------------------    -------------------
                         (clock clk_fpga_0 rise edge)
                                                      0.000     0.000 r  
    PS7_X0Y0             PS7                          0.000     0.000 r  design_1_i/processing_system7_0/inst/PS7_i/FCLKCLK[0]
                         net (fo=1, routed)           0.310     0.310    design_1_i/processing_system7_0/inst/FCLK_CLK_unbuffered[0]
    BUFGCTRL_X0Y16       BUFG (Prop_bufg_I_O)         0.026     0.336 r  design_1_i/processing_system7_0/inst/buffer_fclk_clk_0.FCLK_CLK_0_BUFG/O
                         net (fo=660, routed)         0.553     0.889    design_1_i/mac_unit_ip_0/inst/mac_unit_ip_slave_lite_v1_0_S00_AXI_inst/s00_axi_aclk
    SLICE_X37Y87         FDRE                                         r  design_1_i/mac_unit_ip_0/inst/mac_unit_ip_slave_lite_v1_0_S00_AXI_inst/accumulator_reg[6]/C
  -------------------------------------------------------------------    -------------------
    SLICE_X37Y87         FDRE (Prop_fdre_C_Q)         0.141     1.030 r  design_1_i/mac_unit_ip_0/inst/mac_unit_ip_slave_lite_v1_0_S00_AXI_inst/accumulator_reg[6]/Q
                         net (fo=3, routed)           0.078     1.108    design_1_i/mac_unit_ip_0/inst/mac_unit_ip_slave_lite_v1_0_S00_AXI_inst/accumulator[6]
    SLICE_X36Y87         LUT6 (Prop_lut6_I0_O)        0.045     1.153 r  design_1_i/mac_unit_ip_0/inst/mac_unit_ip_slave_lite_v1_0_S00_AXI_inst/s00_axi_rdata[6]_INST_0/O
                         net (fo=1, routed)           0.000     1.153    design_1_i/axi_smc/inst/s00_nodes/s00_r_node/inst/inst_mi_handler/gen_normal_area.inst_fifo_node_payld/gen_reg_fifo.inst_reg_fifo/s_sc_payld[8]
    SLICE_X36Y87         FDRE                                         r  design_1_i/axi_smc/inst/s00_nodes/s00_r_node/inst/inst_mi_handler/gen_normal_area.inst_fifo_node_payld/gen_reg_fifo.inst_reg_fifo/gen_single_rank.data_reg[25]/D
  -------------------------------------------------------------------    -------------------

                         (clock clk_fpga_0 rise edge)
                                                      0.000     0.000 r  
    PS7_X0Y0             PS7                          0.000     0.000 r  design_1_i/processing_system7_0/inst/PS7_i/FCLKCLK[0]
                         net (fo=1, routed)           0.337     0.337    design_1_i/processing_system7_0/inst/FCLK_CLK_unbuffered[0]
    BUFGCTRL_X0Y16       BUFG (Prop_bufg_I_O)         0.029     0.366 r  design_1_i/processing_system7_0/inst/buffer_fclk_clk_0.FCLK_CLK_0_BUFG/O
                         net (fo=660, routed)         0.820     1.186    design_1_i/axi_smc/inst/s00_nodes/s00_r_node/inst/inst_mi_handler/gen_normal_area.inst_fifo_node_payld/gen_reg_fifo.inst_reg_fifo/s_sc_aclk
    SLICE_X36Y87         FDRE                                         r  design_1_i/axi_smc/inst/s00_nodes/s00_r_node/inst/inst_mi_handler/gen_normal_area.inst_fifo_node_payld/gen_reg_fifo.inst_reg_fifo/gen_single_rank.data_reg[25]/C
                         clock pessimism             -0.284     0.902    
    SLICE_X36Y87         FDRE (Hold_fdre_C_D)         0.120     1.022    design_1_i/axi_smc/inst/s00_nodes/s00_r_node/inst/inst_mi_handler/gen_normal_area.inst_fifo_node_payld/gen_reg_fifo.inst_reg_fifo/gen_single_rank.data_reg[25]
  -------------------------------------------------------------------
                         required time                         -1.022    
                         arrival time                           1.153    
  -------------------------------------------------------------------
                         slack                                  0.131    

Slack (MET) :             0.131ns  (arrival time - required time)
  Source:                 design_1_i/rst_ps7_0_100M/U0/EXT_LPF/ACTIVE_LOW_AUX.ACT_LO_AUX/GENERATE_LEVEL_P_S_CDC.SINGLE_BIT.CROSS_PLEVEL_IN2SCNDRY_IN_cdc_to/C
                            (rising edge-triggered cell FDRE clocked by clk_fpga_0  {rise@0.000ns fall@5.000ns period=10.000ns})
  Destination:            design_1_i/rst_ps7_0_100M/U0/EXT_LPF/ACTIVE_LOW_AUX.ACT_LO_AUX/GENERATE_LEVEL_P_S_CDC.SINGLE_BIT.CROSS_PLEVEL_IN2SCNDRY_s_level_out_d2/D
                            (rising edge-triggered cell FDRE clocked by clk_fpga_0  {rise@0.000ns fall@5.000ns period=10.000ns})
  Path Group:             clk_fpga_0
  Path Type:              Hold (Min at Fast Process Corner)
  Requirement:            0.000ns  (clk_fpga_0 rise@0.000ns - clk_fpga_0 rise@0.000ns)
  Data Path Delay:        0.206ns  (logic 0.141ns (68.336%)  route 0.065ns (31.664%))
  Logic Levels:           0  
  Clock Path Skew:        0.000ns (DCD - SCD - CPR)
    Destination Clock Delay (DCD):    1.297ns
    Source Clock Delay      (SCD):    0.995ns
    Clock Pessimism Removal (CPR):    0.302ns

    Location             Delay type                Incr(ns)  Path(ns)    Netlist Resource(s)
  -------------------------------------------------------------------    -------------------
                         (clock clk_fpga_0 rise edge)
                                                      0.000     0.000 r  
    PS7_X0Y0             PS7                          0.000     0.000 r  design_1_i/processing_system7_0/inst/PS7_i/FCLKCLK[0]
                         net (fo=1, routed)           0.310     0.310    design_1_i/processing_system7_0/inst/FCLK_CLK_unbuffered[0]
    BUFGCTRL_X0Y16       BUFG (Prop_bufg_I_O)         0.026     0.336 r  design_1_i/processing_system7_0/inst/buffer_fclk_clk_0.FCLK_CLK_0_BUFG/O
                         net (fo=660, routed)         0.659     0.995    design_1_i/rst_ps7_0_100M/U0/EXT_LPF/ACTIVE_LOW_AUX.ACT_LO_AUX/slowest_sync_clk
    SLICE_X28Y101        FDRE                                         r  design_1_i/rst_ps7_0_100M/U0/EXT_LPF/ACTIVE_LOW_AUX.ACT_LO_AUX/GENERATE_LEVEL_P_S_CDC.SINGLE_BIT.CROSS_PLEVEL_IN2SCNDRY_IN_cdc_to/C
  -------------------------------------------------------------------    -------------------
    SLICE_X28Y101        FDRE (Prop_fdre_C_Q)         0.141     1.136 r  design_1_i/rst_ps7_0_100M/U0/EXT_LPF/ACTIVE_LOW_AUX.ACT_LO_AUX/GENERATE_LEVEL_P_S_CDC.SINGLE_BIT.CROSS_PLEVEL_IN2SCNDRY_IN_cdc_to/Q
                         net (fo=1, routed)           0.065     1.201    design_1_i/rst_ps7_0_100M/U0/EXT_LPF/ACTIVE_LOW_AUX.ACT_LO_AUX/Q
    SLICE_X28Y101        FDRE                                         r  design_1_i/rst_ps7_0_100M/U0/EXT_LPF/ACTIVE_LOW_AUX.ACT_LO_AUX/GENERATE_LEVEL_P_S_CDC.SINGLE_BIT.CROSS_PLEVEL_IN2SCNDRY_s_level_out_d2/D
  -------------------------------------------------------------------    -------------------

                         (clock clk_fpga_0 rise edge)
                                                      0.000     0.000 r  
    PS7_X0Y0             PS7                          0.000     0.000 r  design_1_i/processing_system7_0/inst/PS7_i/FCLKCLK[0]
                         net (fo=1, routed)           0.337     0.337    design_1_i/processing_system7_0/inst/FCLK_CLK_unbuffered[0]
    BUFGCTRL_X0Y16       BUFG (Prop_bufg_I_O)         0.029     0.366 r  design_1_i/processing_system7_0/inst/buffer_fclk_clk_0.FCLK_CLK_0_BUFG/O
                         net (fo=660, routed)         0.931     1.297    design_1_i/rst_ps7_0_100M/U0/EXT_LPF/ACTIVE_LOW_AUX.ACT_LO_AUX/slowest_sync_clk
    SLICE_X28Y101        FDRE                                         r  design_1_i/rst_ps7_0_100M/U0/EXT_LPF/ACTIVE_LOW_AUX.ACT_LO_AUX/GENERATE_LEVEL_P_S_CDC.SINGLE_BIT.CROSS_PLEVEL_IN2SCNDRY_s_level_out_d2/C
                         clock pessimism             -0.302     0.995    
    SLICE_X28Y101        FDRE (Hold_fdre_C_D)         0.075     1.070    design_1_i/rst_ps7_0_100M/U0/EXT_LPF/ACTIVE_LOW_AUX.ACT_LO_AUX/GENERATE_LEVEL_P_S_CDC.SINGLE_BIT.CROSS_PLEVEL_IN2SCNDRY_s_level_out_d2
  -------------------------------------------------------------------
                         required time                         -1.070    
                         arrival time                           1.201    
  -------------------------------------------------------------------
                         slack                                  0.131    





Pulse Width Checks
--------------------------------------------------------------------------------------
Clock Name:         clk_fpga_0
Waveform(ns):       { 0.000 5.000 }
Period(ns):         10.000
Sources:            { design_1_i/processing_system7_0/inst/PS7_i/FCLKCLK[0] }

Check Type        Corner  Lib Pin     Reference Pin  Required(ns)  Actual(ns)  Slack(ns)  Location        Pin
Min Period        n/a     BUFG/I      n/a            2.155         10.000      7.845      BUFGCTRL_X0Y16  design_1_i/processing_system7_0/inst/buffer_fclk_clk_0.FCLK_CLK_0_BUFG/I
Min Period        n/a     FDRE/C      n/a            1.000         10.000      9.000      SLICE_X37Y97    design_1_i/axi_smc/inst/clk_map/psr_aclk/U0/ACTIVE_LOW_BSR_OUT_DFF[0].FDRE_BSR_N/C
Min Period        n/a     FDRE/C      n/a            1.000         10.000      9.000      SLICE_X32Y98    design_1_i/axi_smc/inst/clk_map/psr_aclk/U0/EXT_LPF/lpf_asr_reg/C
Min Period        n/a     FDRE/C      n/a            1.000         10.000      9.000      SLICE_X33Y98    design_1_i/axi_smc/inst/clk_map/psr_aclk/U0/EXT_LPF/lpf_int_reg/C
Min Period        n/a     FDRE/C      n/a            1.000         10.000      9.000      SLICE_X33Y98    design_1_i/axi_smc/inst/clk_map/psr_aclk/U0/EXT_LPF/ACTIVE_LOW_AUX.ACT_LO_AUX/GENERATE_LEVEL_P_S_CDC.SINGLE_BIT.CROSS_PLEVEL_IN2SCNDRY_IN_cdc_to/C
Min Period        n/a     FDRE/C      n/a            1.000         10.000      9.000      SLICE_X33Y98    design_1_i/axi_smc/inst/clk_map/psr_aclk/U0/EXT_LPF/ACTIVE_LOW_AUX.ACT_LO_AUX/GENERATE_LEVEL_P_S_CDC.SINGLE_BIT.CROSS_PLEVEL_IN2SCNDRY_s_level_out_d2/C
Min Period        n/a     FDRE/C      n/a            1.000         10.000      9.000      SLICE_X33Y98    design_1_i/axi_smc/inst/clk_map/psr_aclk/U0/EXT_LPF/ACTIVE_LOW_AUX.ACT_LO_AUX/GENERATE_LEVEL_P_S_CDC.SINGLE_BIT.CROSS_PLEVEL_IN2SCNDRY_s_level_out_d3/C
Min Period        n/a     FDRE/C      n/a            1.000         10.000      9.000      SLICE_X33Y98    design_1_i/axi_smc/inst/clk_map/psr_aclk/U0/EXT_LPF/ACTIVE_LOW_AUX.ACT_LO_AUX/GENERATE_LEVEL_P_S_CDC.SINGLE_BIT.CROSS_PLEVEL_IN2SCNDRY_s_level_out_d4/C
Min Period        n/a     FDSE/C      n/a            1.000         10.000      9.000      SLICE_X36Y97    design_1_i/axi_smc/inst/clk_map/psr_aclk/U0/SEQ/Core_reg/C
Min Period        n/a     FDRE/C      n/a            1.000         10.000      9.000      SLICE_X35Y97    design_1_i/axi_smc/inst/clk_map/psr_aclk/U0/SEQ/bsr_dec_reg[0]/C
Low Pulse Width   Slow    SRL16E/CLK  n/a            0.980         5.000       4.020      SLICE_X34Y98    design_1_i/axi_smc/inst/clk_map/psr_aclk/U0/EXT_LPF/POR_SRL_I/CLK
Low Pulse Width   Fast    SRL16E/CLK  n/a            0.980         5.000       4.020      SLICE_X34Y98    design_1_i/axi_smc/inst/clk_map/psr_aclk/U0/EXT_LPF/POR_SRL_I/CLK
Low Pulse Width   Slow    SRL16E/CLK  n/a            0.980         5.000       4.020      SLICE_X26Y101   design_1_i/rst_ps7_0_100M/U0/EXT_LPF/POR_SRL_I/CLK
Low Pulse Width   Fast    SRL16E/CLK  n/a            0.980         5.000       4.020      SLICE_X26Y101   design_1_i/rst_ps7_0_100M/U0/EXT_LPF/POR_SRL_I/CLK
Low Pulse Width   Slow    FDRE/C      n/a            0.500         5.000       4.500      SLICE_X37Y97    design_1_i/axi_smc/inst/clk_map/psr_aclk/U0/ACTIVE_LOW_BSR_OUT_DFF[0].FDRE_BSR_N/C
Low Pulse Width   Fast    FDRE/C      n/a            0.500         5.000       4.500      SLICE_X37Y97    design_1_i/axi_smc/inst/clk_map/psr_aclk/U0/ACTIVE_LOW_BSR_OUT_DFF[0].FDRE_BSR_N/C
Low Pulse Width   Slow    FDRE/C      n/a            0.500         5.000       4.500      SLICE_X32Y98    design_1_i/axi_smc/inst/clk_map/psr_aclk/U0/EXT_LPF/lpf_asr_reg/C
Low Pulse Width   Fast    FDRE/C      n/a            0.500         5.000       4.500      SLICE_X32Y98    design_1_i/axi_smc/inst/clk_map/psr_aclk/U0/EXT_LPF/lpf_asr_reg/C
Low Pulse Width   Slow    FDRE/C      n/a            0.500         5.000       4.500      SLICE_X33Y98    design_1_i/axi_smc/inst/clk_map/psr_aclk/U0/EXT_LPF/lpf_int_reg/C
Low Pulse Width   Fast    FDRE/C      n/a            0.500         5.000       4.500      SLICE_X33Y98    design_1_i/axi_smc/inst/clk_map/psr_aclk/U0/EXT_LPF/lpf_int_reg/C
High Pulse Width  Slow    SRL16E/CLK  n/a            0.980         5.000       4.020      SLICE_X34Y98    design_1_i/axi_smc/inst/clk_map/psr_aclk/U0/EXT_LPF/POR_SRL_I/CLK
High Pulse Width  Fast    SRL16E/CLK  n/a            0.980         5.000       4.020      SLICE_X34Y98    design_1_i/axi_smc/inst/clk_map/psr_aclk/U0/EXT_LPF/POR_SRL_I/CLK
High Pulse Width  Slow    SRL16E/CLK  n/a            0.980         5.000       4.020      SLICE_X26Y101   design_1_i/rst_ps7_0_100M/U0/EXT_LPF/POR_SRL_I/CLK
High Pulse Width  Fast    SRL16E/CLK  n/a            0.980         5.000       4.020      SLICE_X26Y101   design_1_i/rst_ps7_0_100M/U0/EXT_LPF/POR_SRL_I/CLK
High Pulse Width  Slow    FDRE/C      n/a            0.500         5.000       4.500      SLICE_X37Y97    design_1_i/axi_smc/inst/clk_map/psr_aclk/U0/ACTIVE_LOW_BSR_OUT_DFF[0].FDRE_BSR_N/C
High Pulse Width  Fast    FDRE/C      n/a            0.500         5.000       4.500      SLICE_X37Y97    design_1_i/axi_smc/inst/clk_map/psr_aclk/U0/ACTIVE_LOW_BSR_OUT_DFF[0].FDRE_BSR_N/C
High Pulse Width  Slow    FDRE/C      n/a            0.500         5.000       4.500      SLICE_X32Y98    design_1_i/axi_smc/inst/clk_map/psr_aclk/U0/EXT_LPF/lpf_asr_reg/C
High Pulse Width  Fast    FDRE/C      n/a            0.500         5.000       4.500      SLICE_X32Y98    design_1_i/axi_smc/inst/clk_map/psr_aclk/U0/EXT_LPF/lpf_asr_reg/C
High Pulse Width  Slow    FDRE/C      n/a            0.500         5.000       4.500      SLICE_X33Y98    design_1_i/axi_smc/inst/clk_map/psr_aclk/U0/EXT_LPF/lpf_int_reg/C
High Pulse Width  Fast    FDRE/C      n/a            0.500         5.000       4.500      SLICE_X33Y98    design_1_i/axi_smc/inst/clk_map/psr_aclk/U0/EXT_LPF/lpf_int_reg/C



--------------------------------------------------------------------------------------
Path Group:  (none)
From Clock:  
  To Clock:  clk_fpga_0

Max Delay             1 Endpoint
Min Delay             1 Endpoint
--------------------------------------------------------------------------------------


Max Delay Paths
--------------------------------------------------------------------------------------
Slack:                    inf
  Source:                 design_1_i/processing_system7_0/inst/PS7_i/FCLKRESETN[0]
                            (internal pin)
  Destination:            design_1_i/rst_ps7_0_100M/U0/EXT_LPF/ACTIVE_LOW_EXT.ACT_LO_EXT/GENERATE_LEVEL_P_S_CDC.SINGLE_BIT.CROSS_PLEVEL_IN2SCNDRY_IN_cdc_to/D
                            (rising edge-triggered cell FDRE clocked by clk_fpga_0  {rise@0.000ns fall@5.000ns period=10.000ns})
  Path Group:             (none)
  Path Type:              Setup (Max at Slow Process Corner)
  Data Path Delay:        1.613ns  (logic 0.124ns (7.687%)  route 1.489ns (92.313%))
  Logic Levels:           1  (LUT1=1)
  Clock Uncertainty:      0.152ns  ((TSJ^2 + TIJ^2)^1/2 + DJ) / 2 + PE
    Total System Jitter     (TSJ):    0.050ns
    Total Input Jitter      (TIJ):    0.300ns
    Discrete Jitter          (DJ):    0.000ns
    Phase Error              (PE):    0.000ns
  Timing Exception:       False Path

    Location             Delay type                Incr(ns)  Path(ns)    Netlist Resource(s)
  -------------------------------------------------------------------    -------------------
    PS7_X0Y0             PS7                          0.000     0.000 f  design_1_i/processing_system7_0/inst/PS7_i/FCLKRESETN[0]
                         net (fo=1, routed)           0.646     0.646    design_1_i/rst_ps7_0_100M/U0/EXT_LPF/ACTIVE_LOW_EXT.ACT_LO_EXT/ext_reset_in
    SLICE_X26Y91         LUT1 (Prop_lut1_I0_O)        0.124     0.770 r  design_1_i/rst_ps7_0_100M/U0/EXT_LPF/ACTIVE_LOW_EXT.ACT_LO_EXT/GENERATE_LEVEL_P_S_CDC.SINGLE_BIT.CROSS_PLEVEL_IN2SCNDRY_IN_cdc_to_i_1/O
                         net (fo=1, routed)           0.843     1.613    design_1_i/rst_ps7_0_100M/U0/EXT_LPF/ACTIVE_LOW_EXT.ACT_LO_EXT/exr_d1
    SLICE_X26Y100        FDRE                                         r  design_1_i/rst_ps7_0_100M/U0/EXT_LPF/ACTIVE_LOW_EXT.ACT_LO_EXT/GENERATE_LEVEL_P_S_CDC.SINGLE_BIT.CROSS_PLEVEL_IN2SCNDRY_IN_cdc_to/D
  -------------------------------------------------------------------    -------------------

                         (clock clk_fpga_0 rise edge)
                                                      0.000     0.000 r  
    PS7_X0Y0             PS7                          0.000     0.000 r  design_1_i/processing_system7_0/inst/PS7_i/FCLKCLK[0]
                         net (fo=1, routed)           1.088     1.088    design_1_i/processing_system7_0/inst/FCLK_CLK_unbuffered[0]
    BUFGCTRL_X0Y16       BUFG (Prop_bufg_I_O)         0.091     1.179 r  design_1_i/processing_system7_0/inst/buffer_fclk_clk_0.FCLK_CLK_0_BUFG/O
                         net (fo=660, routed)         1.696     2.875    design_1_i/rst_ps7_0_100M/U0/EXT_LPF/ACTIVE_LOW_EXT.ACT_LO_EXT/slowest_sync_clk
    SLICE_X26Y100        FDRE                                         r  design_1_i/rst_ps7_0_100M/U0/EXT_LPF/ACTIVE_LOW_EXT.ACT_LO_EXT/GENERATE_LEVEL_P_S_CDC.SINGLE_BIT.CROSS_PLEVEL_IN2SCNDRY_IN_cdc_to/C





Min Delay Paths
--------------------------------------------------------------------------------------
Slack:                    inf
  Source:                 design_1_i/processing_system7_0/inst/PS7_i/FCLKRESETN[0]
                            (internal pin)
  Destination:            design_1_i/rst_ps7_0_100M/U0/EXT_LPF/ACTIVE_LOW_EXT.ACT_LO_EXT/GENERATE_LEVEL_P_S_CDC.SINGLE_BIT.CROSS_PLEVEL_IN2SCNDRY_IN_cdc_to/D
                            (rising edge-triggered cell FDRE clocked by clk_fpga_0  {rise@0.000ns fall@5.000ns period=10.000ns})
  Path Group:             (none)
  Path Type:              Hold (Min at Fast Process Corner)
  Data Path Delay:        0.580ns  (logic 0.045ns (7.757%)  route 0.535ns (92.243%))
  Logic Levels:           1  (LUT1=1)
  Clock Uncertainty:      0.152ns  ((TSJ^2 + TIJ^2)^1/2 + DJ) / 2 + PE
    Total System Jitter     (TSJ):    0.050ns
    Total Input Jitter      (TIJ):    0.300ns
    Discrete Jitter          (DJ):    0.000ns
    Phase Error              (PE):    0.000ns
  Timing Exception:       False Path

    Location             Delay type                Incr(ns)  Path(ns)    Netlist Resource(s)
  -------------------------------------------------------------------    -------------------
    PS7_X0Y0             PS7                          0.000     0.000 f  design_1_i/processing_system7_0/inst/PS7_i/FCLKRESETN[0]
                         net (fo=1, routed)           0.206     0.206    design_1_i/rst_ps7_0_100M/U0/EXT_LPF/ACTIVE_LOW_EXT.ACT_LO_EXT/ext_reset_in
    SLICE_X26Y91         LUT1 (Prop_lut1_I0_O)        0.045     0.251 r  design_1_i/rst_ps7_0_100M/U0/EXT_LPF/ACTIVE_LOW_EXT.ACT_LO_EXT/GENERATE_LEVEL_P_S_CDC.SINGLE_BIT.CROSS_PLEVEL_IN2SCNDRY_IN_cdc_to_i_1/O
                         net (fo=1, routed)           0.329     0.580    design_1_i/rst_ps7_0_100M/U0/EXT_LPF/ACTIVE_LOW_EXT.ACT_LO_EXT/exr_d1
    SLICE_X26Y100        FDRE                                         r  design_1_i/rst_ps7_0_100M/U0/EXT_LPF/ACTIVE_LOW_EXT.ACT_LO_EXT/GENERATE_LEVEL_P_S_CDC.SINGLE_BIT.CROSS_PLEVEL_IN2SCNDRY_IN_cdc_to/D
  -------------------------------------------------------------------    -------------------

                         (clock clk_fpga_0 rise edge)
                                                      0.000     0.000 r  
    PS7_X0Y0             PS7                          0.000     0.000 r  design_1_i/processing_system7_0/inst/PS7_i/FCLKCLK[0]
                         net (fo=1, routed)           0.337     0.337    design_1_i/processing_system7_0/inst/FCLK_CLK_unbuffered[0]
    BUFGCTRL_X0Y16       BUFG (Prop_bufg_I_O)         0.029     0.366 r  design_1_i/processing_system7_0/inst/buffer_fclk_clk_0.FCLK_CLK_0_BUFG/O
                         net (fo=660, routed)         0.930     1.296    design_1_i/rst_ps7_0_100M/U0/EXT_LPF/ACTIVE_LOW_EXT.ACT_LO_EXT/slowest_sync_clk
    SLICE_X26Y100        FDRE                                         r  design_1_i/rst_ps7_0_100M/U0/EXT_LPF/ACTIVE_LOW_EXT.ACT_LO_EXT/GENERATE_LEVEL_P_S_CDC.SINGLE_BIT.CROSS_PLEVEL_IN2SCNDRY_IN_cdc_to/C





--------------------------------------------------------------------------------------
Path Group:  (none)
From Clock:  clk_fpga_0
  To Clock:  clk_fpga_0

Max Delay            28 Endpoints
Min Delay            28 Endpoints
--------------------------------------------------------------------------------------


Max Delay Paths
--------------------------------------------------------------------------------------
Slack:                    inf
  Source:                 design_1_i/axi_smc/inst/clk_map/psr_aclk/U0/ACTIVE_LOW_BSR_OUT_DFF[0].FDRE_BSR_N/C
                            (rising edge-triggered cell FDRE clocked by clk_fpga_0  {rise@0.000ns fall@5.000ns period=10.000ns})
  Destination:            design_1_i/axi_smc/inst/s00_nodes/s00_r_node/inst/s_sc_xpm_cdc_async_rst_inst/arststages_ff_reg[0]/CLR
                            (recovery check against rising-edge clock clk_fpga_0  {rise@0.000ns fall@5.000ns period=10.000ns})
  Path Group:             (none)
  Path Type:              Recovery (Max at Slow Process Corner)
  Data Path Delay:        2.481ns  (logic 0.580ns (23.377%)  route 1.901ns (76.623%))
  Logic Levels:           1  (LUT1=1)
  Clock Path Skew:        -0.292ns (DCD - SCD + CPR)
    Destination Clock Delay (DCD):    2.655ns
    Source Clock Delay      (SCD):    2.947ns
    Clock Pessimism Removal (CPR):    0.000ns
  Clock Uncertainty:      0.154ns  ((TSJ^2 + TIJ^2)^1/2 + DJ) / 2 + PE
    Total System Jitter     (TSJ):    0.071ns
    Total Input Jitter      (TIJ):    0.300ns
    Discrete Jitter          (DJ):    0.000ns
    Phase Error              (PE):    0.000ns
  Timing Exception:       False Path

    Location             Delay type                Incr(ns)  Path(ns)    Netlist Resource(s)
  -------------------------------------------------------------------    -------------------
                         (clock clk_fpga_0 rise edge)
                                                      0.000     0.000 r  
    PS7_X0Y0             PS7                          0.000     0.000 r  design_1_i/processing_system7_0/inst/PS7_i/FCLKCLK[0]
                         net (fo=1, routed)           1.193     1.193    design_1_i/processing_system7_0/inst/FCLK_CLK_unbuffered[0]
    BUFGCTRL_X0Y16       BUFG (Prop_bufg_I_O)         0.101     1.294 r  design_1_i/processing_system7_0/inst/buffer_fclk_clk_0.FCLK_CLK_0_BUFG/O
                         net (fo=660, routed)         1.653     2.947    design_1_i/axi_smc/inst/clk_map/psr_aclk/U0/aclk
    SLICE_X37Y97         FDRE                                         r  design_1_i/axi_smc/inst/clk_map/psr_aclk/U0/ACTIVE_LOW_BSR_OUT_DFF[0].FDRE_BSR_N/C
  -------------------------------------------------------------------    -------------------
    SLICE_X37Y97         FDRE (Prop_fdre_C_Q)         0.456     3.403 r  design_1_i/axi_smc/inst/clk_map/psr_aclk/U0/ACTIVE_LOW_BSR_OUT_DFF[0].FDRE_BSR_N/Q
                         net (fo=9, routed)           1.280     4.683    design_1_i/axi_smc/inst/s00_nodes/s00_r_node/inst/s_sc_xpm_cdc_async_rst_inst/src_arst
    SLICE_X34Y87         LUT1 (Prop_lut1_I0_O)        0.124     4.807 f  design_1_i/axi_smc/inst/s00_nodes/s00_r_node/inst/s_sc_xpm_cdc_async_rst_inst/arststages_ff[2]_i_1/O
                         net (fo=3, routed)           0.621     5.428    design_1_i/axi_smc/inst/s00_nodes/s00_r_node/inst/s_sc_xpm_cdc_async_rst_inst/reset_pol
    SLICE_X34Y87         FDCE                                         f  design_1_i/axi_smc/inst/s00_nodes/s00_r_node/inst/s_sc_xpm_cdc_async_rst_inst/arststages_ff_reg[0]/CLR
  -------------------------------------------------------------------    -------------------

                         (clock clk_fpga_0 rise edge)
                                                      0.000     0.000 r  
    PS7_X0Y0             PS7                          0.000     0.000 r  design_1_i/processing_system7_0/inst/PS7_i/FCLKCLK[0]
                         net (fo=1, routed)           1.088     1.088    design_1_i/processing_system7_0/inst/FCLK_CLK_unbuffered[0]
    BUFGCTRL_X0Y16       BUFG (Prop_bufg_I_O)         0.091     1.179 r  design_1_i/processing_system7_0/inst/buffer_fclk_clk_0.FCLK_CLK_0_BUFG/O
                         net (fo=660, routed)         1.476     2.655    design_1_i/axi_smc/inst/s00_nodes/s00_r_node/inst/s_sc_xpm_cdc_async_rst_inst/dest_clk
    SLICE_X34Y87         FDCE                                         r  design_1_i/axi_smc/inst/s00_nodes/s00_r_node/inst/s_sc_xpm_cdc_async_rst_inst/arststages_ff_reg[0]/C

Slack:                    inf
  Source:                 design_1_i/axi_smc/inst/clk_map/psr_aclk/U0/ACTIVE_LOW_BSR_OUT_DFF[0].FDRE_BSR_N/C
                            (rising edge-triggered cell FDRE clocked by clk_fpga_0  {rise@0.000ns fall@5.000ns period=10.000ns})
  Destination:            design_1_i/axi_smc/inst/s00_nodes/s00_r_node/inst/s_sc_xpm_cdc_async_rst_inst/arststages_ff_reg[1]/CLR
                            (recovery check against rising-edge clock clk_fpga_0  {rise@0.000ns fall@5.000ns period=10.000ns})
  Path Group:             (none)
  Path Type:              Recovery (Max at Slow Process Corner)
  Data Path Delay:        2.481ns  (logic 0.580ns (23.377%)  route 1.901ns (76.623%))
  Logic Levels:           1  (LUT1=1)
  Clock Path Skew:        -0.292ns (DCD - SCD + CPR)
    Destination Clock Delay (DCD):    2.655ns
    Source Clock Delay      (SCD):    2.947ns
    Clock Pessimism Removal (CPR):    0.000ns
  Clock Uncertainty:      0.154ns  ((TSJ^2 + TIJ^2)^1/2 + DJ) / 2 + PE
    Total System Jitter     (TSJ):    0.071ns
    Total Input Jitter      (TIJ):    0.300ns
    Discrete Jitter          (DJ):    0.000ns
    Phase Error              (PE):    0.000ns
  Timing Exception:       False Path

    Location             Delay type                Incr(ns)  Path(ns)    Netlist Resource(s)
  -------------------------------------------------------------------    -------------------
                         (clock clk_fpga_0 rise edge)
                                                      0.000     0.000 r  
    PS7_X0Y0             PS7                          0.000     0.000 r  design_1_i/processing_system7_0/inst/PS7_i/FCLKCLK[0]
                         net (fo=1, routed)           1.193     1.193    design_1_i/processing_system7_0/inst/FCLK_CLK_unbuffered[0]
    BUFGCTRL_X0Y16       BUFG (Prop_bufg_I_O)         0.101     1.294 r  design_1_i/processing_system7_0/inst/buffer_fclk_clk_0.FCLK_CLK_0_BUFG/O
                         net (fo=660, routed)         1.653     2.947    design_1_i/axi_smc/inst/clk_map/psr_aclk/U0/aclk
    SLICE_X37Y97         FDRE                                         r  design_1_i/axi_smc/inst/clk_map/psr_aclk/U0/ACTIVE_LOW_BSR_OUT_DFF[0].FDRE_BSR_N/C
  -------------------------------------------------------------------    -------------------
    SLICE_X37Y97         FDRE (Prop_fdre_C_Q)         0.456     3.403 r  design_1_i/axi_smc/inst/clk_map/psr_aclk/U0/ACTIVE_LOW_BSR_OUT_DFF[0].FDRE_BSR_N/Q
                         net (fo=9, routed)           1.280     4.683    design_1_i/axi_smc/inst/s00_nodes/s00_r_node/inst/s_sc_xpm_cdc_async_rst_inst/src_arst
    SLICE_X34Y87         LUT1 (Prop_lut1_I0_O)        0.124     4.807 f  design_1_i/axi_smc/inst/s00_nodes/s00_r_node/inst/s_sc_xpm_cdc_async_rst_inst/arststages_ff[2]_i_1/O
                         net (fo=3, routed)           0.621     5.428    design_1_i/axi_smc/inst/s00_nodes/s00_r_node/inst/s_sc_xpm_cdc_async_rst_inst/reset_pol
    SLICE_X34Y87         FDCE                                         f  design_1_i/axi_smc/inst/s00_nodes/s00_r_node/inst/s_sc_xpm_cdc_async_rst_inst/arststages_ff_reg[1]/CLR
  -------------------------------------------------------------------    -------------------

                         (clock clk_fpga_0 rise edge)
                                                      0.000     0.000 r  
    PS7_X0Y0             PS7                          0.000     0.000 r  design_1_i/processing_system7_0/inst/PS7_i/FCLKCLK[0]
                         net (fo=1, routed)           1.088     1.088    design_1_i/processing_system7_0/inst/FCLK_CLK_unbuffered[0]
    BUFGCTRL_X0Y16       BUFG (Prop_bufg_I_O)         0.091     1.179 r  design_1_i/processing_system7_0/inst/buffer_fclk_clk_0.FCLK_CLK_0_BUFG/O
                         net (fo=660, routed)         1.476     2.655    design_1_i/axi_smc/inst/s00_nodes/s00_r_node/inst/s_sc_xpm_cdc_async_rst_inst/dest_clk
    SLICE_X34Y87         FDCE                                         r  design_1_i/axi_smc/inst/s00_nodes/s00_r_node/inst/s_sc_xpm_cdc_async_rst_inst/arststages_ff_reg[1]/C

Slack:                    inf
  Source:                 design_1_i/axi_smc/inst/clk_map/psr_aclk/U0/ACTIVE_LOW_BSR_OUT_DFF[0].FDRE_BSR_N/C
                            (rising edge-triggered cell FDRE clocked by clk_fpga_0  {rise@0.000ns fall@5.000ns period=10.000ns})
  Destination:            design_1_i/axi_smc/inst/s00_nodes/s00_r_node/inst/s_sc_xpm_cdc_async_rst_inst/arststages_ff_reg[2]/CLR
                            (recovery check against rising-edge clock clk_fpga_0  {rise@0.000ns fall@5.000ns period=10.000ns})
  Path Group:             (none)
  Path Type:              Recovery (Max at Slow Process Corner)
  Data Path Delay:        2.481ns  (logic 0.580ns (23.377%)  route 1.901ns (76.623%))
  Logic Levels:           1  (LUT1=1)
  Clock Path Skew:        -0.292ns (DCD - SCD + CPR)
    Destination Clock Delay (DCD):    2.655ns
    Source Clock Delay      (SCD):    2.947ns
    Clock Pessimism Removal (CPR):    0.000ns
  Clock Uncertainty:      0.154ns  ((TSJ^2 + TIJ^2)^1/2 + DJ) / 2 + PE
    Total System Jitter     (TSJ):    0.071ns
    Total Input Jitter      (TIJ):    0.300ns
    Discrete Jitter          (DJ):    0.000ns
    Phase Error              (PE):    0.000ns
  Timing Exception:       False Path

    Location             Delay type                Incr(ns)  Path(ns)    Netlist Resource(s)
  -------------------------------------------------------------------    -------------------
                         (clock clk_fpga_0 rise edge)
                                                      0.000     0.000 r  
    PS7_X0Y0             PS7                          0.000     0.000 r  design_1_i/processing_system7_0/inst/PS7_i/FCLKCLK[0]
                         net (fo=1, routed)           1.193     1.193    design_1_i/processing_system7_0/inst/FCLK_CLK_unbuffered[0]
    BUFGCTRL_X0Y16       BUFG (Prop_bufg_I_O)         0.101     1.294 r  design_1_i/processing_system7_0/inst/buffer_fclk_clk_0.FCLK_CLK_0_BUFG/O
                         net (fo=660, routed)         1.653     2.947    design_1_i/axi_smc/inst/clk_map/psr_aclk/U0/aclk
    SLICE_X37Y97         FDRE                                         r  design_1_i/axi_smc/inst/clk_map/psr_aclk/U0/ACTIVE_LOW_BSR_OUT_DFF[0].FDRE_BSR_N/C
  -------------------------------------------------------------------    -------------------
    SLICE_X37Y97         FDRE (Prop_fdre_C_Q)         0.456     3.403 r  design_1_i/axi_smc/inst/clk_map/psr_aclk/U0/ACTIVE_LOW_BSR_OUT_DFF[0].FDRE_BSR_N/Q
                         net (fo=9, routed)           1.280     4.683    design_1_i/axi_smc/inst/s00_nodes/s00_r_node/inst/s_sc_xpm_cdc_async_rst_inst/src_arst
    SLICE_X34Y87         LUT1 (Prop_lut1_I0_O)        0.124     4.807 f  design_1_i/axi_smc/inst/s00_nodes/s00_r_node/inst/s_sc_xpm_cdc_async_rst_inst/arststages_ff[2]_i_1/O
                         net (fo=3, routed)           0.621     5.428    design_1_i/axi_smc/inst/s00_nodes/s00_r_node/inst/s_sc_xpm_cdc_async_rst_inst/reset_pol
    SLICE_X34Y87         FDCE                                         f  design_1_i/axi_smc/inst/s00_nodes/s00_r_node/inst/s_sc_xpm_cdc_async_rst_inst/arststages_ff_reg[2]/CLR
  -------------------------------------------------------------------    -------------------

                         (clock clk_fpga_0 rise edge)
                                                      0.000     0.000 r  
    PS7_X0Y0             PS7                          0.000     0.000 r  design_1_i/processing_system7_0/inst/PS7_i/FCLKCLK[0]
                         net (fo=1, routed)           1.088     1.088    design_1_i/processing_system7_0/inst/FCLK_CLK_unbuffered[0]
    BUFGCTRL_X0Y16       BUFG (Prop_bufg_I_O)         0.091     1.179 r  design_1_i/processing_system7_0/inst/buffer_fclk_clk_0.FCLK_CLK_0_BUFG/O
                         net (fo=660, routed)         1.476     2.655    design_1_i/axi_smc/inst/s00_nodes/s00_r_node/inst/s_sc_xpm_cdc_async_rst_inst/dest_clk
    SLICE_X34Y87         FDCE                                         r  design_1_i/axi_smc/inst/s00_nodes/s00_r_node/inst/s_sc_xpm_cdc_async_rst_inst/arststages_ff_reg[2]/C

Slack:                    inf
  Source:                 design_1_i/axi_smc/inst/clk_map/psr_aclk/U0/ACTIVE_LOW_BSR_OUT_DFF[0].FDRE_BSR_N/C
                            (rising edge-triggered cell FDRE clocked by clk_fpga_0  {rise@0.000ns fall@5.000ns period=10.000ns})
  Destination:            design_1_i/axi_smc/inst/s00_nodes/s00_ar_node/inst/s_sc_xpm_cdc_async_rst_inst/arststages_ff_reg[0]/CLR
                            (recovery check against rising-edge clock clk_fpga_0  {rise@0.000ns fall@5.000ns period=10.000ns})
  Path Group:             (none)
  Path Type:              Recovery (Max at Slow Process Corner)
  Data Path Delay:        2.372ns  (logic 0.580ns (24.455%)  route 1.792ns (75.545%))
  Logic Levels:           1  (LUT1=1)
  Clock Path Skew:        -0.294ns (DCD - SCD + CPR)
    Destination Clock Delay (DCD):    2.653ns
    Source Clock Delay      (SCD):    2.947ns
    Clock Pessimism Removal (CPR):    0.000ns
  Clock Uncertainty:      0.154ns  ((TSJ^2 + TIJ^2)^1/2 + DJ) / 2 + PE
    Total System Jitter     (TSJ):    0.071ns
    Total Input Jitter      (TIJ):    0.300ns
    Discrete Jitter          (DJ):    0.000ns
    Phase Error              (PE):    0.000ns
  Timing Exception:       False Path

    Location             Delay type                Incr(ns)  Path(ns)    Netlist Resource(s)
  -------------------------------------------------------------------    -------------------
                         (clock clk_fpga_0 rise edge)
                                                      0.000     0.000 r  
    PS7_X0Y0             PS7                          0.000     0.000 r  design_1_i/processing_system7_0/inst/PS7_i/FCLKCLK[0]
                         net (fo=1, routed)           1.193     1.193    design_1_i/processing_system7_0/inst/FCLK_CLK_unbuffered[0]
    BUFGCTRL_X0Y16       BUFG (Prop_bufg_I_O)         0.101     1.294 r  design_1_i/processing_system7_0/inst/buffer_fclk_clk_0.FCLK_CLK_0_BUFG/O
                         net (fo=660, routed)         1.653     2.947    design_1_i/axi_smc/inst/clk_map/psr_aclk/U0/aclk
    SLICE_X37Y97         FDRE                                         r  design_1_i/axi_smc/inst/clk_map/psr_aclk/U0/ACTIVE_LOW_BSR_OUT_DFF[0].FDRE_BSR_N/C
  -------------------------------------------------------------------    -------------------
    SLICE_X37Y97         FDRE (Prop_fdre_C_Q)         0.456     3.403 r  design_1_i/axi_smc/inst/clk_map/psr_aclk/U0/ACTIVE_LOW_BSR_OUT_DFF[0].FDRE_BSR_N/Q
                         net (fo=9, routed)           1.170     4.573    design_1_i/axi_smc/inst/s00_nodes/s00_ar_node/inst/s_sc_xpm_cdc_async_rst_inst/src_arst
    SLICE_X34Y84         LUT1 (Prop_lut1_I0_O)        0.124     4.697 f  design_1_i/axi_smc/inst/s00_nodes/s00_ar_node/inst/s_sc_xpm_cdc_async_rst_inst/arststages_ff[2]_i_1/O
                         net (fo=3, routed)           0.621     5.319    design_1_i/axi_smc/inst/s00_nodes/s00_ar_node/inst/s_sc_xpm_cdc_async_rst_inst/reset_pol
    SLICE_X34Y84         FDCE                                         f  design_1_i/axi_smc/inst/s00_nodes/s00_ar_node/inst/s_sc_xpm_cdc_async_rst_inst/arststages_ff_reg[0]/CLR
  -------------------------------------------------------------------    -------------------

                         (clock clk_fpga_0 rise edge)
                                                      0.000     0.000 r  
    PS7_X0Y0             PS7                          0.000     0.000 r  design_1_i/processing_system7_0/inst/PS7_i/FCLKCLK[0]
                         net (fo=1, routed)           1.088     1.088    design_1_i/processing_system7_0/inst/FCLK_CLK_unbuffered[0]
    BUFGCTRL_X0Y16       BUFG (Prop_bufg_I_O)         0.091     1.179 r  design_1_i/processing_system7_0/inst/buffer_fclk_clk_0.FCLK_CLK_0_BUFG/O
                         net (fo=660, routed)         1.474     2.653    design_1_i/axi_smc/inst/s00_nodes/s00_ar_node/inst/s_sc_xpm_cdc_async_rst_inst/dest_clk
    SLICE_X34Y84         FDCE                                         r  design_1_i/axi_smc/inst/s00_nodes/s00_ar_node/inst/s_sc_xpm_cdc_async_rst_inst/arststages_ff_reg[0]/C

Slack:                    inf
  Source:                 design_1_i/axi_smc/inst/clk_map/psr_aclk/U0/ACTIVE_LOW_BSR_OUT_DFF[0].FDRE_BSR_N/C
                            (rising edge-triggered cell FDRE clocked by clk_fpga_0  {rise@0.000ns fall@5.000ns period=10.000ns})
  Destination:            design_1_i/axi_smc/inst/s00_nodes/s00_ar_node/inst/s_sc_xpm_cdc_async_rst_inst/arststages_ff_reg[1]/CLR
                            (recovery check against rising-edge clock clk_fpga_0  {rise@0.000ns fall@5.000ns period=10.000ns})
  Path Group:             (none)
  Path Type:              Recovery (Max at Slow Process Corner)
  Data Path Delay:        2.372ns  (logic 0.580ns (24.455%)  route 1.792ns (75.545%))
  Logic Levels:           1  (LUT1=1)
  Clock Path Skew:        -0.294ns (DCD - SCD + CPR)
    Destination Clock Delay (DCD):    2.653ns
    Source Clock Delay      (SCD):    2.947ns
    Clock Pessimism Removal (CPR):    0.000ns
  Clock Uncertainty:      0.154ns  ((TSJ^2 + TIJ^2)^1/2 + DJ) / 2 + PE
    Total System Jitter     (TSJ):    0.071ns
    Total Input Jitter      (TIJ):    0.300ns
    Discrete Jitter          (DJ):    0.000ns
    Phase Error              (PE):    0.000ns
  Timing Exception:       False Path

    Location             Delay type                Incr(ns)  Path(ns)    Netlist Resource(s)
  -------------------------------------------------------------------    -------------------
                         (clock clk_fpga_0 rise edge)
                                                      0.000     0.000 r  
    PS7_X0Y0             PS7                          0.000     0.000 r  design_1_i/processing_system7_0/inst/PS7_i/FCLKCLK[0]
                         net (fo=1, routed)           1.193     1.193    design_1_i/processing_system7_0/inst/FCLK_CLK_unbuffered[0]
    BUFGCTRL_X0Y16       BUFG (Prop_bufg_I_O)         0.101     1.294 r  design_1_i/processing_system7_0/inst/buffer_fclk_clk_0.FCLK_CLK_0_BUFG/O
                         net (fo=660, routed)         1.653     2.947    design_1_i/axi_smc/inst/clk_map/psr_aclk/U0/aclk
    SLICE_X37Y97         FDRE                                         r  design_1_i/axi_smc/inst/clk_map/psr_aclk/U0/ACTIVE_LOW_BSR_OUT_DFF[0].FDRE_BSR_N/C
  -------------------------------------------------------------------    -------------------
    SLICE_X37Y97         FDRE (Prop_fdre_C_Q)         0.456     3.403 r  design_1_i/axi_smc/inst/clk_map/psr_aclk/U0/ACTIVE_LOW_BSR_OUT_DFF[0].FDRE_BSR_N/Q
                         net (fo=9, routed)           1.170     4.573    design_1_i/axi_smc/inst/s00_nodes/s00_ar_node/inst/s_sc_xpm_cdc_async_rst_inst/src_arst
    SLICE_X34Y84         LUT1 (Prop_lut1_I0_O)        0.124     4.697 f  design_1_i/axi_smc/inst/s00_nodes/s00_ar_node/inst/s_sc_xpm_cdc_async_rst_inst/arststages_ff[2]_i_1/O
                         net (fo=3, routed)           0.621     5.319    design_1_i/axi_smc/inst/s00_nodes/s00_ar_node/inst/s_sc_xpm_cdc_async_rst_inst/reset_pol
    SLICE_X34Y84         FDCE                                         f  design_1_i/axi_smc/inst/s00_nodes/s00_ar_node/inst/s_sc_xpm_cdc_async_rst_inst/arststages_ff_reg[1]/CLR
  -------------------------------------------------------------------    -------------------

                         (clock clk_fpga_0 rise edge)
                                                      0.000     0.000 r  
    PS7_X0Y0             PS7                          0.000     0.000 r  design_1_i/processing_system7_0/inst/PS7_i/FCLKCLK[0]
                         net (fo=1, routed)           1.088     1.088    design_1_i/processing_system7_0/inst/FCLK_CLK_unbuffered[0]
    BUFGCTRL_X0Y16       BUFG (Prop_bufg_I_O)         0.091     1.179 r  design_1_i/processing_system7_0/inst/buffer_fclk_clk_0.FCLK_CLK_0_BUFG/O
                         net (fo=660, routed)         1.474     2.653    design_1_i/axi_smc/inst/s00_nodes/s00_ar_node/inst/s_sc_xpm_cdc_async_rst_inst/dest_clk
    SLICE_X34Y84         FDCE                                         r  design_1_i/axi_smc/inst/s00_nodes/s00_ar_node/inst/s_sc_xpm_cdc_async_rst_inst/arststages_ff_reg[1]/C

Slack:                    inf
  Source:                 design_1_i/axi_smc/inst/clk_map/psr_aclk/U0/ACTIVE_LOW_BSR_OUT_DFF[0].FDRE_BSR_N/C
                            (rising edge-triggered cell FDRE clocked by clk_fpga_0  {rise@0.000ns fall@5.000ns period=10.000ns})
  Destination:            design_1_i/axi_smc/inst/s00_nodes/s00_ar_node/inst/s_sc_xpm_cdc_async_rst_inst/arststages_ff_reg[2]/CLR
                            (recovery check against rising-edge clock clk_fpga_0  {rise@0.000ns fall@5.000ns period=10.000ns})
  Path Group:             (none)
  Path Type:              Recovery (Max at Slow Process Corner)
  Data Path Delay:        2.372ns  (logic 0.580ns (24.455%)  route 1.792ns (75.545%))
  Logic Levels:           1  (LUT1=1)
  Clock Path Skew:        -0.294ns (DCD - SCD + CPR)
    Destination Clock Delay (DCD):    2.653ns
    Source Clock Delay      (SCD):    2.947ns
    Clock Pessimism Removal (CPR):    0.000ns
  Clock Uncertainty:      0.154ns  ((TSJ^2 + TIJ^2)^1/2 + DJ) / 2 + PE
    Total System Jitter     (TSJ):    0.071ns
    Total Input Jitter      (TIJ):    0.300ns
    Discrete Jitter          (DJ):    0.000ns
    Phase Error              (PE):    0.000ns
  Timing Exception:       False Path

    Location             Delay type                Incr(ns)  Path(ns)    Netlist Resource(s)
  -------------------------------------------------------------------    -------------------
                         (clock clk_fpga_0 rise edge)
                                                      0.000     0.000 r  
    PS7_X0Y0             PS7                          0.000     0.000 r  design_1_i/processing_system7_0/inst/PS7_i/FCLKCLK[0]
                         net (fo=1, routed)           1.193     1.193    design_1_i/processing_system7_0/inst/FCLK_CLK_unbuffered[0]
    BUFGCTRL_X0Y16       BUFG (Prop_bufg_I_O)         0.101     1.294 r  design_1_i/processing_system7_0/inst/buffer_fclk_clk_0.FCLK_CLK_0_BUFG/O
                         net (fo=660, routed)         1.653     2.947    design_1_i/axi_smc/inst/clk_map/psr_aclk/U0/aclk
    SLICE_X37Y97         FDRE                                         r  design_1_i/axi_smc/inst/clk_map/psr_aclk/U0/ACTIVE_LOW_BSR_OUT_DFF[0].FDRE_BSR_N/C
  -------------------------------------------------------------------    -------------------
    SLICE_X37Y97         FDRE (Prop_fdre_C_Q)         0.456     3.403 r  design_1_i/axi_smc/inst/clk_map/psr_aclk/U0/ACTIVE_LOW_BSR_OUT_DFF[0].FDRE_BSR_N/Q
                         net (fo=9, routed)           1.170     4.573    design_1_i/axi_smc/inst/s00_nodes/s00_ar_node/inst/s_sc_xpm_cdc_async_rst_inst/src_arst
    SLICE_X34Y84         LUT1 (Prop_lut1_I0_O)        0.124     4.697 f  design_1_i/axi_smc/inst/s00_nodes/s00_ar_node/inst/s_sc_xpm_cdc_async_rst_inst/arststages_ff[2]_i_1/O
                         net (fo=3, routed)           0.621     5.319    design_1_i/axi_smc/inst/s00_nodes/s00_ar_node/inst/s_sc_xpm_cdc_async_rst_inst/reset_pol
    SLICE_X34Y84         FDCE                                         f  design_1_i/axi_smc/inst/s00_nodes/s00_ar_node/inst/s_sc_xpm_cdc_async_rst_inst/arststages_ff_reg[2]/CLR
  -------------------------------------------------------------------    -------------------

                         (clock clk_fpga_0 rise edge)
                                                      0.000     0.000 r  
    PS7_X0Y0             PS7                          0.000     0.000 r  design_1_i/processing_system7_0/inst/PS7_i/FCLKCLK[0]
                         net (fo=1, routed)           1.088     1.088    design_1_i/processing_system7_0/inst/FCLK_CLK_unbuffered[0]
    BUFGCTRL_X0Y16       BUFG (Prop_bufg_I_O)         0.091     1.179 r  design_1_i/processing_system7_0/inst/buffer_fclk_clk_0.FCLK_CLK_0_BUFG/O
                         net (fo=660, routed)         1.474     2.653    design_1_i/axi_smc/inst/s00_nodes/s00_ar_node/inst/s_sc_xpm_cdc_async_rst_inst/dest_clk
    SLICE_X34Y84         FDCE                                         r  design_1_i/axi_smc/inst/s00_nodes/s00_ar_node/inst/s_sc_xpm_cdc_async_rst_inst/arststages_ff_reg[2]/C

Slack:                    inf
  Source:                 design_1_i/axi_smc/inst/clk_map/psr_aclk/U0/ACTIVE_LOW_BSR_OUT_DFF[0].FDRE_BSR_N/C
                            (rising edge-triggered cell FDRE clocked by clk_fpga_0  {rise@0.000ns fall@5.000ns period=10.000ns})
  Destination:            design_1_i/axi_smc/inst/m00_exit_pipeline/m00_exit/inst/xpm_cdc_async_rst_inst/arststages_ff_reg[0]/CLR
                            (recovery check against rising-edge clock clk_fpga_0  {rise@0.000ns fall@5.000ns period=10.000ns})
  Path Group:             (none)
  Path Type:              Recovery (Max at Slow Process Corner)
  Data Path Delay:        2.275ns  (logic 0.573ns (25.184%)  route 1.702ns (74.816%))
  Logic Levels:           1  (LUT1=1)
  Clock Path Skew:        -0.294ns (DCD - SCD + CPR)
    Destination Clock Delay (DCD):    2.653ns
    Source Clock Delay      (SCD):    2.947ns
    Clock Pessimism Removal (CPR):    0.000ns
  Clock Uncertainty:      0.154ns  ((TSJ^2 + TIJ^2)^1/2 + DJ) / 2 + PE
    Total System Jitter     (TSJ):    0.071ns
    Total Input Jitter      (TIJ):    0.300ns
    Discrete Jitter          (DJ):    0.000ns
    Phase Error              (PE):    0.000ns
  Timing Exception:       False Path

    Location             Delay type                Incr(ns)  Path(ns)    Netlist Resource(s)
  -------------------------------------------------------------------    -------------------
                         (clock clk_fpga_0 rise edge)
                                                      0.000     0.000 r  
    PS7_X0Y0             PS7                          0.000     0.000 r  design_1_i/processing_system7_0/inst/PS7_i/FCLKCLK[0]
                         net (fo=1, routed)           1.193     1.193    design_1_i/processing_system7_0/inst/FCLK_CLK_unbuffered[0]
    BUFGCTRL_X0Y16       BUFG (Prop_bufg_I_O)         0.101     1.294 r  design_1_i/processing_system7_0/inst/buffer_fclk_clk_0.FCLK_CLK_0_BUFG/O
                         net (fo=660, routed)         1.653     2.947    design_1_i/axi_smc/inst/clk_map/psr_aclk/U0/aclk
    SLICE_X37Y97         FDRE                                         r  design_1_i/axi_smc/inst/clk_map/psr_aclk/U0/ACTIVE_LOW_BSR_OUT_DFF[0].FDRE_BSR_N/C
  -------------------------------------------------------------------    -------------------
    SLICE_X37Y97         FDRE (Prop_fdre_C_Q)         0.456     3.403 r  design_1_i/axi_smc/inst/clk_map/psr_aclk/U0/ACTIVE_LOW_BSR_OUT_DFF[0].FDRE_BSR_N/Q
                         net (fo=9, routed)           1.170     4.573    design_1_i/axi_smc/inst/m00_exit_pipeline/m00_exit/inst/xpm_cdc_async_rst_inst/src_arst
    SLICE_X34Y84         LUT1 (Prop_lut1_I0_O)        0.117     4.690 f  design_1_i/axi_smc/inst/m00_exit_pipeline/m00_exit/inst/xpm_cdc_async_rst_inst/arststages_ff[2]_i_1/O
                         net (fo=3, routed)           0.532     5.222    design_1_i/axi_smc/inst/m00_exit_pipeline/m00_exit/inst/xpm_cdc_async_rst_inst/reset_pol
    SLICE_X35Y84         FDCE                                         f  design_1_i/axi_smc/inst/m00_exit_pipeline/m00_exit/inst/xpm_cdc_async_rst_inst/arststages_ff_reg[0]/CLR
  -------------------------------------------------------------------    -------------------

                         (clock clk_fpga_0 rise edge)
                                                      0.000     0.000 r  
    PS7_X0Y0             PS7                          0.000     0.000 r  design_1_i/processing_system7_0/inst/PS7_i/FCLKCLK[0]
                         net (fo=1, routed)           1.088     1.088    design_1_i/processing_system7_0/inst/FCLK_CLK_unbuffered[0]
    BUFGCTRL_X0Y16       BUFG (Prop_bufg_I_O)         0.091     1.179 r  design_1_i/processing_system7_0/inst/buffer_fclk_clk_0.FCLK_CLK_0_BUFG/O
                         net (fo=660, routed)         1.474     2.653    design_1_i/axi_smc/inst/m00_exit_pipeline/m00_exit/inst/xpm_cdc_async_rst_inst/dest_clk
    SLICE_X35Y84         FDCE                                         r  design_1_i/axi_smc/inst/m00_exit_pipeline/m00_exit/inst/xpm_cdc_async_rst_inst/arststages_ff_reg[0]/C

Slack:                    inf
  Source:                 design_1_i/axi_smc/inst/clk_map/psr_aclk/U0/ACTIVE_LOW_BSR_OUT_DFF[0].FDRE_BSR_N/C
                            (rising edge-triggered cell FDRE clocked by clk_fpga_0  {rise@0.000ns fall@5.000ns period=10.000ns})
  Destination:            design_1_i/axi_smc/inst/m00_exit_pipeline/m00_exit/inst/xpm_cdc_async_rst_inst/arststages_ff_reg[1]/CLR
                            (recovery check against rising-edge clock clk_fpga_0  {rise@0.000ns fall@5.000ns period=10.000ns})
  Path Group:             (none)
  Path Type:              Recovery (Max at Slow Process Corner)
  Data Path Delay:        2.275ns  (logic 0.573ns (25.184%)  route 1.702ns (74.816%))
  Logic Levels:           1  (LUT1=1)
  Clock Path Skew:        -0.294ns (DCD - SCD + CPR)
    Destination Clock Delay (DCD):    2.653ns
    Source Clock Delay      (SCD):    2.947ns
    Clock Pessimism Removal (CPR):    0.000ns
  Clock Uncertainty:      0.154ns  ((TSJ^2 + TIJ^2)^1/2 + DJ) / 2 + PE
    Total System Jitter     (TSJ):    0.071ns
    Total Input Jitter      (TIJ):    0.300ns
    Discrete Jitter          (DJ):    0.000ns
    Phase Error              (PE):    0.000ns
  Timing Exception:       False Path

    Location             Delay type                Incr(ns)  Path(ns)    Netlist Resource(s)
  -------------------------------------------------------------------    -------------------
                         (clock clk_fpga_0 rise edge)
                                                      0.000     0.000 r  
    PS7_X0Y0             PS7                          0.000     0.000 r  design_1_i/processing_system7_0/inst/PS7_i/FCLKCLK[0]
                         net (fo=1, routed)           1.193     1.193    design_1_i/processing_system7_0/inst/FCLK_CLK_unbuffered[0]
    BUFGCTRL_X0Y16       BUFG (Prop_bufg_I_O)         0.101     1.294 r  design_1_i/processing_system7_0/inst/buffer_fclk_clk_0.FCLK_CLK_0_BUFG/O
                         net (fo=660, routed)         1.653     2.947    design_1_i/axi_smc/inst/clk_map/psr_aclk/U0/aclk
    SLICE_X37Y97         FDRE                                         r  design_1_i/axi_smc/inst/clk_map/psr_aclk/U0/ACTIVE_LOW_BSR_OUT_DFF[0].FDRE_BSR_N/C
  -------------------------------------------------------------------    -------------------
    SLICE_X37Y97         FDRE (Prop_fdre_C_Q)         0.456     3.403 r  design_1_i/axi_smc/inst/clk_map/psr_aclk/U0/ACTIVE_LOW_BSR_OUT_DFF[0].FDRE_BSR_N/Q
                         net (fo=9, routed)           1.170     4.573    design_1_i/axi_smc/inst/m00_exit_pipeline/m00_exit/inst/xpm_cdc_async_rst_inst/src_arst
    SLICE_X34Y84         LUT1 (Prop_lut1_I0_O)        0.117     4.690 f  design_1_i/axi_smc/inst/m00_exit_pipeline/m00_exit/inst/xpm_cdc_async_rst_inst/arststages_ff[2]_i_1/O
                         net (fo=3, routed)           0.532     5.222    design_1_i/axi_smc/inst/m00_exit_pipeline/m00_exit/inst/xpm_cdc_async_rst_inst/reset_pol
    SLICE_X35Y84         FDCE                                         f  design_1_i/axi_smc/inst/m00_exit_pipeline/m00_exit/inst/xpm_cdc_async_rst_inst/arststages_ff_reg[1]/CLR
  -------------------------------------------------------------------    -------------------

                         (clock clk_fpga_0 rise edge)
                                                      0.000     0.000 r  
    PS7_X0Y0             PS7                          0.000     0.000 r  design_1_i/processing_system7_0/inst/PS7_i/FCLKCLK[0]
                         net (fo=1, routed)           1.088     1.088    design_1_i/processing_system7_0/inst/FCLK_CLK_unbuffered[0]
    BUFGCTRL_X0Y16       BUFG (Prop_bufg_I_O)         0.091     1.179 r  design_1_i/processing_system7_0/inst/buffer_fclk_clk_0.FCLK_CLK_0_BUFG/O
                         net (fo=660, routed)         1.474     2.653    design_1_i/axi_smc/inst/m00_exit_pipeline/m00_exit/inst/xpm_cdc_async_rst_inst/dest_clk
    SLICE_X35Y84         FDCE                                         r  design_1_i/axi_smc/inst/m00_exit_pipeline/m00_exit/inst/xpm_cdc_async_rst_inst/arststages_ff_reg[1]/C

Slack:                    inf
  Source:                 design_1_i/axi_smc/inst/clk_map/psr_aclk/U0/ACTIVE_LOW_BSR_OUT_DFF[0].FDRE_BSR_N/C
                            (rising edge-triggered cell FDRE clocked by clk_fpga_0  {rise@0.000ns fall@5.000ns period=10.000ns})
  Destination:            design_1_i/axi_smc/inst/m00_exit_pipeline/m00_exit/inst/xpm_cdc_async_rst_inst/arststages_ff_reg[2]/CLR
                            (recovery check against rising-edge clock clk_fpga_0  {rise@0.000ns fall@5.000ns period=10.000ns})
  Path Group:             (none)
  Path Type:              Recovery (Max at Slow Process Corner)
  Data Path Delay:        2.275ns  (logic 0.573ns (25.184%)  route 1.702ns (74.816%))
  Logic Levels:           1  (LUT1=1)
  Clock Path Skew:        -0.294ns (DCD - SCD + CPR)
    Destination Clock Delay (DCD):    2.653ns
    Source Clock Delay      (SCD):    2.947ns
    Clock Pessimism Removal (CPR):    0.000ns
  Clock Uncertainty:      0.154ns  ((TSJ^2 + TIJ^2)^1/2 + DJ) / 2 + PE
    Total System Jitter     (TSJ):    0.071ns
    Total Input Jitter      (TIJ):    0.300ns
    Discrete Jitter          (DJ):    0.000ns
    Phase Error              (PE):    0.000ns
  Timing Exception:       False Path

    Location             Delay type                Incr(ns)  Path(ns)    Netlist Resource(s)
  -------------------------------------------------------------------    -------------------
                         (clock clk_fpga_0 rise edge)
                                                      0.000     0.000 r  
    PS7_X0Y0             PS7                          0.000     0.000 r  design_1_i/processing_system7_0/inst/PS7_i/FCLKCLK[0]
                         net (fo=1, routed)           1.193     1.193    design_1_i/processing_system7_0/inst/FCLK_CLK_unbuffered[0]
    BUFGCTRL_X0Y16       BUFG (Prop_bufg_I_O)         0.101     1.294 r  design_1_i/processing_system7_0/inst/buffer_fclk_clk_0.FCLK_CLK_0_BUFG/O
                         net (fo=660, routed)         1.653     2.947    design_1_i/axi_smc/inst/clk_map/psr_aclk/U0/aclk
    SLICE_X37Y97         FDRE                                         r  design_1_i/axi_smc/inst/clk_map/psr_aclk/U0/ACTIVE_LOW_BSR_OUT_DFF[0].FDRE_BSR_N/C
  -------------------------------------------------------------------    -------------------
    SLICE_X37Y97         FDRE (Prop_fdre_C_Q)         0.456     3.403 r  design_1_i/axi_smc/inst/clk_map/psr_aclk/U0/ACTIVE_LOW_BSR_OUT_DFF[0].FDRE_BSR_N/Q
                         net (fo=9, routed)           1.170     4.573    design_1_i/axi_smc/inst/m00_exit_pipeline/m00_exit/inst/xpm_cdc_async_rst_inst/src_arst
    SLICE_X34Y84         LUT1 (Prop_lut1_I0_O)        0.117     4.690 f  design_1_i/axi_smc/inst/m00_exit_pipeline/m00_exit/inst/xpm_cdc_async_rst_inst/arststages_ff[2]_i_1/O
                         net (fo=3, routed)           0.532     5.222    design_1_i/axi_smc/inst/m00_exit_pipeline/m00_exit/inst/xpm_cdc_async_rst_inst/reset_pol
    SLICE_X35Y84         FDCE                                         f  design_1_i/axi_smc/inst/m00_exit_pipeline/m00_exit/inst/xpm_cdc_async_rst_inst/arststages_ff_reg[2]/CLR
  -------------------------------------------------------------------    -------------------

                         (clock clk_fpga_0 rise edge)
                                                      0.000     0.000 r  
    PS7_X0Y0             PS7                          0.000     0.000 r  design_1_i/processing_system7_0/inst/PS7_i/FCLKCLK[0]
                         net (fo=1, routed)           1.088     1.088    design_1_i/processing_system7_0/inst/FCLK_CLK_unbuffered[0]
    BUFGCTRL_X0Y16       BUFG (Prop_bufg_I_O)         0.091     1.179 r  design_1_i/processing_system7_0/inst/buffer_fclk_clk_0.FCLK_CLK_0_BUFG/O
                         net (fo=660, routed)         1.474     2.653    design_1_i/axi_smc/inst/m00_exit_pipeline/m00_exit/inst/xpm_cdc_async_rst_inst/dest_clk
    SLICE_X35Y84         FDCE                                         r  design_1_i/axi_smc/inst/m00_exit_pipeline/m00_exit/inst/xpm_cdc_async_rst_inst/arststages_ff_reg[2]/C

Slack:                    inf
  Source:                 design_1_i/axi_smc/inst/clk_map/psr_aclk/U0/ACTIVE_LOW_BSR_OUT_DFF[0].FDRE_BSR_N/C
                            (rising edge-triggered cell FDRE clocked by clk_fpga_0  {rise@0.000ns fall@5.000ns period=10.000ns})
  Destination:            design_1_i/axi_smc/inst/s00_nodes/s00_w_node/inst/s_sc_xpm_cdc_async_rst_inst/arststages_ff_reg[0]/CLR
                            (recovery check against rising-edge clock clk_fpga_0  {rise@0.000ns fall@5.000ns period=10.000ns})
  Path Group:             (none)
  Path Type:              Recovery (Max at Slow Process Corner)
  Data Path Delay:        2.221ns  (logic 0.610ns (27.462%)  route 1.611ns (72.538%))
  Logic Levels:           1  (LUT1=1)
  Clock Path Skew:        -0.289ns (DCD - SCD + CPR)
    Destination Clock Delay (DCD):    2.658ns
    Source Clock Delay      (SCD):    2.947ns
    Clock Pessimism Removal (CPR):    0.000ns
  Clock Uncertainty:      0.154ns  ((TSJ^2 + TIJ^2)^1/2 + DJ) / 2 + PE
    Total System Jitter     (TSJ):    0.071ns
    Total Input Jitter      (TIJ):    0.300ns
    Discrete Jitter          (DJ):    0.000ns
    Phase Error              (PE):    0.000ns
  Timing Exception:       False Path

    Location             Delay type                Incr(ns)  Path(ns)    Netlist Resource(s)
  -------------------------------------------------------------------    -------------------
                         (clock clk_fpga_0 rise edge)
                                                      0.000     0.000 r  
    PS7_X0Y0             PS7                          0.000     0.000 r  design_1_i/processing_system7_0/inst/PS7_i/FCLKCLK[0]
                         net (fo=1, routed)           1.193     1.193    design_1_i/processing_system7_0/inst/FCLK_CLK_unbuffered[0]
    BUFGCTRL_X0Y16       BUFG (Prop_bufg_I_O)         0.101     1.294 r  design_1_i/processing_system7_0/inst/buffer_fclk_clk_0.FCLK_CLK_0_BUFG/O
                         net (fo=660, routed)         1.653     2.947    design_1_i/axi_smc/inst/clk_map/psr_aclk/U0/aclk
    SLICE_X37Y97         FDRE                                         r  design_1_i/axi_smc/inst/clk_map/psr_aclk/U0/ACTIVE_LOW_BSR_OUT_DFF[0].FDRE_BSR_N/C
  -------------------------------------------------------------------    -------------------
    SLICE_X37Y97         FDRE (Prop_fdre_C_Q)         0.456     3.403 r  design_1_i/axi_smc/inst/clk_map/psr_aclk/U0/ACTIVE_LOW_BSR_OUT_DFF[0].FDRE_BSR_N/Q
                         net (fo=9, routed)           0.978     4.381    design_1_i/axi_smc/inst/s00_nodes/s00_w_node/inst/s_sc_xpm_cdc_async_rst_inst/src_arst
    SLICE_X37Y94         LUT1 (Prop_lut1_I0_O)        0.154     4.535 f  design_1_i/axi_smc/inst/s00_nodes/s00_w_node/inst/s_sc_xpm_cdc_async_rst_inst/arststages_ff[2]_i_1/O
                         net (fo=3, routed)           0.633     5.168    design_1_i/axi_smc/inst/s00_nodes/s00_w_node/inst/s_sc_xpm_cdc_async_rst_inst/reset_pol
    SLICE_X37Y94         FDCE                                         f  design_1_i/axi_smc/inst/s00_nodes/s00_w_node/inst/s_sc_xpm_cdc_async_rst_inst/arststages_ff_reg[0]/CLR
  -------------------------------------------------------------------    -------------------

                         (clock clk_fpga_0 rise edge)
                                                      0.000     0.000 r  
    PS7_X0Y0             PS7                          0.000     0.000 r  design_1_i/processing_system7_0/inst/PS7_i/FCLKCLK[0]
                         net (fo=1, routed)           1.088     1.088    design_1_i/processing_system7_0/inst/FCLK_CLK_unbuffered[0]
    BUFGCTRL_X0Y16       BUFG (Prop_bufg_I_O)         0.091     1.179 r  design_1_i/processing_system7_0/inst/buffer_fclk_clk_0.FCLK_CLK_0_BUFG/O
                         net (fo=660, routed)         1.479     2.658    design_1_i/axi_smc/inst/s00_nodes/s00_w_node/inst/s_sc_xpm_cdc_async_rst_inst/dest_clk
    SLICE_X37Y94         FDCE                                         r  design_1_i/axi_smc/inst/s00_nodes/s00_w_node/inst/s_sc_xpm_cdc_async_rst_inst/arststages_ff_reg[0]/C





Min Delay Paths
--------------------------------------------------------------------------------------
Slack:                    inf
  Source:                 design_1_i/axi_smc/inst/clk_map/psr_aclk/U0/ACTIVE_LOW_BSR_OUT_DFF[0].FDRE_BSR_N/C
                            (rising edge-triggered cell FDRE clocked by clk_fpga_0  {rise@0.000ns fall@5.000ns period=10.000ns})
  Destination:            design_1_i/axi_smc/inst/s00_entry_pipeline/s00_mmu/inst/xpm_cdc_async_rst_inst/arststages_ff_reg[0]/CLR
                            (removal check against rising-edge clock clk_fpga_0  {rise@0.000ns fall@5.000ns period=10.000ns})
  Path Group:             (none)
  Path Type:              Removal (Min at Fast Process Corner)
  Data Path Delay:        0.635ns  (logic 0.186ns (29.276%)  route 0.449ns (70.724%))
  Logic Levels:           1  (LUT1=1)
  Clock Path Skew:        0.299ns (DCD - SCD - CPR)
    Destination Clock Delay (DCD):    1.192ns
    Source Clock Delay      (SCD):    0.893ns
    Clock Pessimism Removal (CPR):    -0.000ns
  Clock Uncertainty:      0.154ns  ((TSJ^2 + TIJ^2)^1/2 + DJ) / 2 + PE
    Total System Jitter     (TSJ):    0.071ns
    Total Input Jitter      (TIJ):    0.300ns
    Discrete Jitter          (DJ):    0.000ns
    Phase Error              (PE):    0.000ns
  Timing Exception:       False Path

    Location             Delay type                Incr(ns)  Path(ns)    Netlist Resource(s)
  -------------------------------------------------------------------    -------------------
                         (clock clk_fpga_0 rise edge)
                                                      0.000     0.000 r  
    PS7_X0Y0             PS7                          0.000     0.000 r  design_1_i/processing_system7_0/inst/PS7_i/FCLKCLK[0]
                         net (fo=1, routed)           0.310     0.310    design_1_i/processing_system7_0/inst/FCLK_CLK_unbuffered[0]
    BUFGCTRL_X0Y16       BUFG (Prop_bufg_I_O)         0.026     0.336 r  design_1_i/processing_system7_0/inst/buffer_fclk_clk_0.FCLK_CLK_0_BUFG/O
                         net (fo=660, routed)         0.557     0.893    design_1_i/axi_smc/inst/clk_map/psr_aclk/U0/aclk
    SLICE_X37Y97         FDRE                                         r  design_1_i/axi_smc/inst/clk_map/psr_aclk/U0/ACTIVE_LOW_BSR_OUT_DFF[0].FDRE_BSR_N/C
  -------------------------------------------------------------------    -------------------
    SLICE_X37Y97         FDRE (Prop_fdre_C_Q)         0.141     1.034 r  design_1_i/axi_smc/inst/clk_map/psr_aclk/U0/ACTIVE_LOW_BSR_OUT_DFF[0].FDRE_BSR_N/Q
                         net (fo=9, routed)           0.275     1.309    design_1_i/axi_smc/inst/s00_entry_pipeline/s00_mmu/inst/xpm_cdc_async_rst_inst/src_arst
    SLICE_X35Y96         LUT1 (Prop_lut1_I0_O)        0.045     1.354 f  design_1_i/axi_smc/inst/s00_entry_pipeline/s00_mmu/inst/xpm_cdc_async_rst_inst/arststages_ff[2]_i_1/O
                         net (fo=3, routed)           0.174     1.528    design_1_i/axi_smc/inst/s00_entry_pipeline/s00_mmu/inst/xpm_cdc_async_rst_inst/reset_pol
    SLICE_X32Y97         FDCE                                         f  design_1_i/axi_smc/inst/s00_entry_pipeline/s00_mmu/inst/xpm_cdc_async_rst_inst/arststages_ff_reg[0]/CLR
  -------------------------------------------------------------------    -------------------

                         (clock clk_fpga_0 rise edge)
                                                      0.000     0.000 r  
    PS7_X0Y0             PS7                          0.000     0.000 r  design_1_i/processing_system7_0/inst/PS7_i/FCLKCLK[0]
                         net (fo=1, routed)           0.337     0.337    design_1_i/processing_system7_0/inst/FCLK_CLK_unbuffered[0]
    BUFGCTRL_X0Y16       BUFG (Prop_bufg_I_O)         0.029     0.366 r  design_1_i/processing_system7_0/inst/buffer_fclk_clk_0.FCLK_CLK_0_BUFG/O
                         net (fo=660, routed)         0.826     1.192    design_1_i/axi_smc/inst/s00_entry_pipeline/s00_mmu/inst/xpm_cdc_async_rst_inst/dest_clk
    SLICE_X32Y97         FDCE                                         r  design_1_i/axi_smc/inst/s00_entry_pipeline/s00_mmu/inst/xpm_cdc_async_rst_inst/arststages_ff_reg[0]/C

Slack:                    inf
  Source:                 design_1_i/axi_smc/inst/clk_map/psr_aclk/U0/ACTIVE_LOW_BSR_OUT_DFF[0].FDRE_BSR_N/C
                            (rising edge-triggered cell FDRE clocked by clk_fpga_0  {rise@0.000ns fall@5.000ns period=10.000ns})
  Destination:            design_1_i/axi_smc/inst/s00_entry_pipeline/s00_mmu/inst/xpm_cdc_async_rst_inst/arststages_ff_reg[1]/CLR
                            (removal check against rising-edge clock clk_fpga_0  {rise@0.000ns fall@5.000ns period=10.000ns})
  Path Group:             (none)
  Path Type:              Removal (Min at Fast Process Corner)
  Data Path Delay:        0.635ns  (logic 0.186ns (29.276%)  route 0.449ns (70.724%))
  Logic Levels:           1  (LUT1=1)
  Clock Path Skew:        0.299ns (DCD - SCD - CPR)
    Destination Clock Delay (DCD):    1.192ns
    Source Clock Delay      (SCD):    0.893ns
    Clock Pessimism Removal (CPR):    -0.000ns
  Clock Uncertainty:      0.154ns  ((TSJ^2 + TIJ^2)^1/2 + DJ) / 2 + PE
    Total System Jitter     (TSJ):    0.071ns
    Total Input Jitter      (TIJ):    0.300ns
    Discrete Jitter          (DJ):    0.000ns
    Phase Error              (PE):    0.000ns
  Timing Exception:       False Path

    Location             Delay type                Incr(ns)  Path(ns)    Netlist Resource(s)
  -------------------------------------------------------------------    -------------------
                         (clock clk_fpga_0 rise edge)
                                                      0.000     0.000 r  
    PS7_X0Y0             PS7                          0.000     0.000 r  design_1_i/processing_system7_0/inst/PS7_i/FCLKCLK[0]
                         net (fo=1, routed)           0.310     0.310    design_1_i/processing_system7_0/inst/FCLK_CLK_unbuffered[0]
    BUFGCTRL_X0Y16       BUFG (Prop_bufg_I_O)         0.026     0.336 r  design_1_i/processing_system7_0/inst/buffer_fclk_clk_0.FCLK_CLK_0_BUFG/O
                         net (fo=660, routed)         0.557     0.893    design_1_i/axi_smc/inst/clk_map/psr_aclk/U0/aclk
    SLICE_X37Y97         FDRE                                         r  design_1_i/axi_smc/inst/clk_map/psr_aclk/U0/ACTIVE_LOW_BSR_OUT_DFF[0].FDRE_BSR_N/C
  -------------------------------------------------------------------    -------------------
    SLICE_X37Y97         FDRE (Prop_fdre_C_Q)         0.141     1.034 r  design_1_i/axi_smc/inst/clk_map/psr_aclk/U0/ACTIVE_LOW_BSR_OUT_DFF[0].FDRE_BSR_N/Q
                         net (fo=9, routed)           0.275     1.309    design_1_i/axi_smc/inst/s00_entry_pipeline/s00_mmu/inst/xpm_cdc_async_rst_inst/src_arst
    SLICE_X35Y96         LUT1 (Prop_lut1_I0_O)        0.045     1.354 f  design_1_i/axi_smc/inst/s00_entry_pipeline/s00_mmu/inst/xpm_cdc_async_rst_inst/arststages_ff[2]_i_1/O
                         net (fo=3, routed)           0.174     1.528    design_1_i/axi_smc/inst/s00_entry_pipeline/s00_mmu/inst/xpm_cdc_async_rst_inst/reset_pol
    SLICE_X32Y97         FDCE                                         f  design_1_i/axi_smc/inst/s00_entry_pipeline/s00_mmu/inst/xpm_cdc_async_rst_inst/arststages_ff_reg[1]/CLR
  -------------------------------------------------------------------    -------------------

                         (clock clk_fpga_0 rise edge)
                                                      0.000     0.000 r  
    PS7_X0Y0             PS7                          0.000     0.000 r  design_1_i/processing_system7_0/inst/PS7_i/FCLKCLK[0]
                         net (fo=1, routed)           0.337     0.337    design_1_i/processing_system7_0/inst/FCLK_CLK_unbuffered[0]
    BUFGCTRL_X0Y16       BUFG (Prop_bufg_I_O)         0.029     0.366 r  design_1_i/processing_system7_0/inst/buffer_fclk_clk_0.FCLK_CLK_0_BUFG/O
                         net (fo=660, routed)         0.826     1.192    design_1_i/axi_smc/inst/s00_entry_pipeline/s00_mmu/inst/xpm_cdc_async_rst_inst/dest_clk
    SLICE_X32Y97         FDCE                                         r  design_1_i/axi_smc/inst/s00_entry_pipeline/s00_mmu/inst/xpm_cdc_async_rst_inst/arststages_ff_reg[1]/C

Slack:                    inf
  Source:                 design_1_i/axi_smc/inst/clk_map/psr_aclk/U0/ACTIVE_LOW_BSR_OUT_DFF[0].FDRE_BSR_N/C
                            (rising edge-triggered cell FDRE clocked by clk_fpga_0  {rise@0.000ns fall@5.000ns period=10.000ns})
  Destination:            design_1_i/axi_smc/inst/s00_entry_pipeline/s00_mmu/inst/xpm_cdc_async_rst_inst/arststages_ff_reg[2]/CLR
                            (removal check against rising-edge clock clk_fpga_0  {rise@0.000ns fall@5.000ns period=10.000ns})
  Path Group:             (none)
  Path Type:              Removal (Min at Fast Process Corner)
  Data Path Delay:        0.635ns  (logic 0.186ns (29.276%)  route 0.449ns (70.724%))
  Logic Levels:           1  (LUT1=1)
  Clock Path Skew:        0.299ns (DCD - SCD - CPR)
    Destination Clock Delay (DCD):    1.192ns
    Source Clock Delay      (SCD):    0.893ns
    Clock Pessimism Removal (CPR):    -0.000ns
  Clock Uncertainty:      0.154ns  ((TSJ^2 + TIJ^2)^1/2 + DJ) / 2 + PE
    Total System Jitter     (TSJ):    0.071ns
    Total Input Jitter      (TIJ):    0.300ns
    Discrete Jitter          (DJ):    0.000ns
    Phase Error              (PE):    0.000ns
  Timing Exception:       False Path

    Location             Delay type                Incr(ns)  Path(ns)    Netlist Resource(s)
  -------------------------------------------------------------------    -------------------
                         (clock clk_fpga_0 rise edge)
                                                      0.000     0.000 r  
    PS7_X0Y0             PS7                          0.000     0.000 r  design_1_i/processing_system7_0/inst/PS7_i/FCLKCLK[0]
                         net (fo=1, routed)           0.310     0.310    design_1_i/processing_system7_0/inst/FCLK_CLK_unbuffered[0]
    BUFGCTRL_X0Y16       BUFG (Prop_bufg_I_O)         0.026     0.336 r  design_1_i/processing_system7_0/inst/buffer_fclk_clk_0.FCLK_CLK_0_BUFG/O
                         net (fo=660, routed)         0.557     0.893    design_1_i/axi_smc/inst/clk_map/psr_aclk/U0/aclk
    SLICE_X37Y97         FDRE                                         r  design_1_i/axi_smc/inst/clk_map/psr_aclk/U0/ACTIVE_LOW_BSR_OUT_DFF[0].FDRE_BSR_N/C
  -------------------------------------------------------------------    -------------------
    SLICE_X37Y97         FDRE (Prop_fdre_C_Q)         0.141     1.034 r  design_1_i/axi_smc/inst/clk_map/psr_aclk/U0/ACTIVE_LOW_BSR_OUT_DFF[0].FDRE_BSR_N/Q
                         net (fo=9, routed)           0.275     1.309    design_1_i/axi_smc/inst/s00_entry_pipeline/s00_mmu/inst/xpm_cdc_async_rst_inst/src_arst
    SLICE_X35Y96         LUT1 (Prop_lut1_I0_O)        0.045     1.354 f  design_1_i/axi_smc/inst/s00_entry_pipeline/s00_mmu/inst/xpm_cdc_async_rst_inst/arststages_ff[2]_i_1/O
                         net (fo=3, routed)           0.174     1.528    design_1_i/axi_smc/inst/s00_entry_pipeline/s00_mmu/inst/xpm_cdc_async_rst_inst/reset_pol
    SLICE_X32Y97         FDCE                                         f  design_1_i/axi_smc/inst/s00_entry_pipeline/s00_mmu/inst/xpm_cdc_async_rst_inst/arststages_ff_reg[2]/CLR
  -------------------------------------------------------------------    -------------------

                         (clock clk_fpga_0 rise edge)
                                                      0.000     0.000 r  
    PS7_X0Y0             PS7                          0.000     0.000 r  design_1_i/processing_system7_0/inst/PS7_i/FCLKCLK[0]
                         net (fo=1, routed)           0.337     0.337    design_1_i/processing_system7_0/inst/FCLK_CLK_unbuffered[0]
    BUFGCTRL_X0Y16       BUFG (Prop_bufg_I_O)         0.029     0.366 r  design_1_i/processing_system7_0/inst/buffer_fclk_clk_0.FCLK_CLK_0_BUFG/O
                         net (fo=660, routed)         0.826     1.192    design_1_i/axi_smc/inst/s00_entry_pipeline/s00_mmu/inst/xpm_cdc_async_rst_inst/dest_clk
    SLICE_X32Y97         FDCE                                         r  design_1_i/axi_smc/inst/s00_entry_pipeline/s00_mmu/inst/xpm_cdc_async_rst_inst/arststages_ff_reg[2]/C

Slack:                    inf
  Source:                 design_1_i/rst_ps7_0_100M/U0/ACTIVE_LOW_PR_OUT_DFF[0].FDRE_PER_N/C
                            (rising edge-triggered cell FDRE clocked by clk_fpga_0  {rise@0.000ns fall@5.000ns period=10.000ns})
  Destination:            design_1_i/axi_smc/inst/clk_map/psr_aclk/U0/EXT_LPF/ACTIVE_LOW_AUX.ACT_LO_AUX/GENERATE_LEVEL_P_S_CDC.SINGLE_BIT.CROSS_PLEVEL_IN2SCNDRY_IN_cdc_to/D
                            (rising edge-triggered cell FDRE clocked by clk_fpga_0  {rise@0.000ns fall@5.000ns period=10.000ns})
  Path Group:             (none)
  Path Type:              Hold (Min at Fast Process Corner)
  Data Path Delay:        0.605ns  (logic 0.186ns (30.750%)  route 0.419ns (69.250%))
  Logic Levels:           1  (LUT1=1)
  Clock Path Skew:        0.197ns (DCD - SCD - CPR)
    Destination Clock Delay (DCD):    1.192ns
    Source Clock Delay      (SCD):    0.995ns
    Clock Pessimism Removal (CPR):    -0.000ns
  Clock Uncertainty:      0.154ns  ((TSJ^2 + TIJ^2)^1/2 + DJ) / 2 + PE
    Total System Jitter     (TSJ):    0.071ns
    Total Input Jitter      (TIJ):    0.300ns
    Discrete Jitter          (DJ):    0.000ns
    Phase Error              (PE):    0.000ns
  Timing Exception:       False Path

    Location             Delay type                Incr(ns)  Path(ns)    Netlist Resource(s)
  -------------------------------------------------------------------    -------------------
                         (clock clk_fpga_0 rise edge)
                                                      0.000     0.000 r  
    PS7_X0Y0             PS7                          0.000     0.000 r  design_1_i/processing_system7_0/inst/PS7_i/FCLKCLK[0]
                         net (fo=1, routed)           0.310     0.310    design_1_i/processing_system7_0/inst/FCLK_CLK_unbuffered[0]
    BUFGCTRL_X0Y16       BUFG (Prop_bufg_I_O)         0.026     0.336 r  design_1_i/processing_system7_0/inst/buffer_fclk_clk_0.FCLK_CLK_0_BUFG/O
                         net (fo=660, routed)         0.659     0.995    design_1_i/rst_ps7_0_100M/U0/slowest_sync_clk
    SLICE_X31Y100        FDRE                                         r  design_1_i/rst_ps7_0_100M/U0/ACTIVE_LOW_PR_OUT_DFF[0].FDRE_PER_N/C
  -------------------------------------------------------------------    -------------------
    SLICE_X31Y100        FDRE (Prop_fdre_C_Q)         0.141     1.136 f  design_1_i/rst_ps7_0_100M/U0/ACTIVE_LOW_PR_OUT_DFF[0].FDRE_PER_N/Q
                         net (fo=5, routed)           0.419     1.555    design_1_i/axi_smc/inst/clk_map/psr_aclk/U0/EXT_LPF/ACTIVE_LOW_AUX.ACT_LO_AUX/aresetn
    SLICE_X33Y98         LUT1 (Prop_lut1_I0_O)        0.045     1.600 r  design_1_i/axi_smc/inst/clk_map/psr_aclk/U0/EXT_LPF/ACTIVE_LOW_AUX.ACT_LO_AUX/GENERATE_LEVEL_P_S_CDC.SINGLE_BIT.CROSS_PLEVEL_IN2SCNDRY_IN_cdc_to_i_1/O
                         net (fo=1, routed)           0.000     1.600    design_1_i/axi_smc/inst/clk_map/psr_aclk/U0/EXT_LPF/ACTIVE_LOW_AUX.ACT_LO_AUX/asr_d1
    SLICE_X33Y98         FDRE                                         r  design_1_i/axi_smc/inst/clk_map/psr_aclk/U0/EXT_LPF/ACTIVE_LOW_AUX.ACT_LO_AUX/GENERATE_LEVEL_P_S_CDC.SINGLE_BIT.CROSS_PLEVEL_IN2SCNDRY_IN_cdc_to/D
  -------------------------------------------------------------------    -------------------

                         (clock clk_fpga_0 rise edge)
                                                      0.000     0.000 r  
    PS7_X0Y0             PS7                          0.000     0.000 r  design_1_i/processing_system7_0/inst/PS7_i/FCLKCLK[0]
                         net (fo=1, routed)           0.337     0.337    design_1_i/processing_system7_0/inst/FCLK_CLK_unbuffered[0]
    BUFGCTRL_X0Y16       BUFG (Prop_bufg_I_O)         0.029     0.366 r  design_1_i/processing_system7_0/inst/buffer_fclk_clk_0.FCLK_CLK_0_BUFG/O
                         net (fo=660, routed)         0.826     1.192    design_1_i/axi_smc/inst/clk_map/psr_aclk/U0/EXT_LPF/ACTIVE_LOW_AUX.ACT_LO_AUX/aclk
    SLICE_X33Y98         FDRE                                         r  design_1_i/axi_smc/inst/clk_map/psr_aclk/U0/EXT_LPF/ACTIVE_LOW_AUX.ACT_LO_AUX/GENERATE_LEVEL_P_S_CDC.SINGLE_BIT.CROSS_PLEVEL_IN2SCNDRY_IN_cdc_to/C

Slack:                    inf
  Source:                 design_1_i/axi_smc/inst/clk_map/psr_aclk/U0/ACTIVE_LOW_BSR_OUT_DFF[0].FDRE_BSR_N/C
                            (rising edge-triggered cell FDRE clocked by clk_fpga_0  {rise@0.000ns fall@5.000ns period=10.000ns})
  Destination:            design_1_i/axi_smc/inst/s00_nodes/s00_b_node/inst/s_sc_xpm_cdc_async_rst_inst/arststages_ff_reg[0]/CLR
                            (removal check against rising-edge clock clk_fpga_0  {rise@0.000ns fall@5.000ns period=10.000ns})
  Path Group:             (none)
  Path Type:              Removal (Min at Fast Process Corner)
  Data Path Delay:        0.709ns  (logic 0.186ns (26.246%)  route 0.523ns (73.754%))
  Logic Levels:           1  (LUT1=1)
  Clock Path Skew:        0.297ns (DCD - SCD - CPR)
    Destination Clock Delay (DCD):    1.190ns
    Source Clock Delay      (SCD):    0.893ns
    Clock Pessimism Removal (CPR):    -0.000ns
  Clock Uncertainty:      0.154ns  ((TSJ^2 + TIJ^2)^1/2 + DJ) / 2 + PE
    Total System Jitter     (TSJ):    0.071ns
    Total Input Jitter      (TIJ):    0.300ns
    Discrete Jitter          (DJ):    0.000ns
    Phase Error              (PE):    0.000ns
  Timing Exception:       False Path

    Location             Delay type                Incr(ns)  Path(ns)    Netlist Resource(s)
  -------------------------------------------------------------------    -------------------
                         (clock clk_fpga_0 rise edge)
                                                      0.000     0.000 r  
    PS7_X0Y0             PS7                          0.000     0.000 r  design_1_i/processing_system7_0/inst/PS7_i/FCLKCLK[0]
                         net (fo=1, routed)           0.310     0.310    design_1_i/processing_system7_0/inst/FCLK_CLK_unbuffered[0]
    BUFGCTRL_X0Y16       BUFG (Prop_bufg_I_O)         0.026     0.336 r  design_1_i/processing_system7_0/inst/buffer_fclk_clk_0.FCLK_CLK_0_BUFG/O
                         net (fo=660, routed)         0.557     0.893    design_1_i/axi_smc/inst/clk_map/psr_aclk/U0/aclk
    SLICE_X37Y97         FDRE                                         r  design_1_i/axi_smc/inst/clk_map/psr_aclk/U0/ACTIVE_LOW_BSR_OUT_DFF[0].FDRE_BSR_N/C
  -------------------------------------------------------------------    -------------------
    SLICE_X37Y97         FDRE (Prop_fdre_C_Q)         0.141     1.034 r  design_1_i/axi_smc/inst/clk_map/psr_aclk/U0/ACTIVE_LOW_BSR_OUT_DFF[0].FDRE_BSR_N/Q
                         net (fo=9, routed)           0.363     1.396    design_1_i/axi_smc/inst/s00_nodes/s00_b_node/inst/s_sc_xpm_cdc_async_rst_inst/src_arst
    SLICE_X37Y94         LUT1 (Prop_lut1_I0_O)        0.045     1.441 f  design_1_i/axi_smc/inst/s00_nodes/s00_b_node/inst/s_sc_xpm_cdc_async_rst_inst/arststages_ff[2]_i_1/O
                         net (fo=3, routed)           0.160     1.601    design_1_i/axi_smc/inst/s00_nodes/s00_b_node/inst/s_sc_xpm_cdc_async_rst_inst/reset_pol
    SLICE_X38Y94         FDCE                                         f  design_1_i/axi_smc/inst/s00_nodes/s00_b_node/inst/s_sc_xpm_cdc_async_rst_inst/arststages_ff_reg[0]/CLR
  -------------------------------------------------------------------    -------------------

                         (clock clk_fpga_0 rise edge)
                                                      0.000     0.000 r  
    PS7_X0Y0             PS7                          0.000     0.000 r  design_1_i/processing_system7_0/inst/PS7_i/FCLKCLK[0]
                         net (fo=1, routed)           0.337     0.337    design_1_i/processing_system7_0/inst/FCLK_CLK_unbuffered[0]
    BUFGCTRL_X0Y16       BUFG (Prop_bufg_I_O)         0.029     0.366 r  design_1_i/processing_system7_0/inst/buffer_fclk_clk_0.FCLK_CLK_0_BUFG/O
                         net (fo=660, routed)         0.824     1.190    design_1_i/axi_smc/inst/s00_nodes/s00_b_node/inst/s_sc_xpm_cdc_async_rst_inst/dest_clk
    SLICE_X38Y94         FDCE                                         r  design_1_i/axi_smc/inst/s00_nodes/s00_b_node/inst/s_sc_xpm_cdc_async_rst_inst/arststages_ff_reg[0]/C

Slack:                    inf
  Source:                 design_1_i/axi_smc/inst/clk_map/psr_aclk/U0/ACTIVE_LOW_BSR_OUT_DFF[0].FDRE_BSR_N/C
                            (rising edge-triggered cell FDRE clocked by clk_fpga_0  {rise@0.000ns fall@5.000ns period=10.000ns})
  Destination:            design_1_i/axi_smc/inst/s00_nodes/s00_b_node/inst/s_sc_xpm_cdc_async_rst_inst/arststages_ff_reg[1]/CLR
                            (removal check against rising-edge clock clk_fpga_0  {rise@0.000ns fall@5.000ns period=10.000ns})
  Path Group:             (none)
  Path Type:              Removal (Min at Fast Process Corner)
  Data Path Delay:        0.709ns  (logic 0.186ns (26.246%)  route 0.523ns (73.754%))
  Logic Levels:           1  (LUT1=1)
  Clock Path Skew:        0.297ns (DCD - SCD - CPR)
    Destination Clock Delay (DCD):    1.190ns
    Source Clock Delay      (SCD):    0.893ns
    Clock Pessimism Removal (CPR):    -0.000ns
  Clock Uncertainty:      0.154ns  ((TSJ^2 + TIJ^2)^1/2 + DJ) / 2 + PE
    Total System Jitter     (TSJ):    0.071ns
    Total Input Jitter      (TIJ):    0.300ns
    Discrete Jitter          (DJ):    0.000ns
    Phase Error              (PE):    0.000ns
  Timing Exception:       False Path

    Location             Delay type                Incr(ns)  Path(ns)    Netlist Resource(s)
  -------------------------------------------------------------------    -------------------
                         (clock clk_fpga_0 rise edge)
                                                      0.000     0.000 r  
    PS7_X0Y0             PS7                          0.000     0.000 r  design_1_i/processing_system7_0/inst/PS7_i/FCLKCLK[0]
                         net (fo=1, routed)           0.310     0.310    design_1_i/processing_system7_0/inst/FCLK_CLK_unbuffered[0]
    BUFGCTRL_X0Y16       BUFG (Prop_bufg_I_O)         0.026     0.336 r  design_1_i/processing_system7_0/inst/buffer_fclk_clk_0.FCLK_CLK_0_BUFG/O
                         net (fo=660, routed)         0.557     0.893    design_1_i/axi_smc/inst/clk_map/psr_aclk/U0/aclk
    SLICE_X37Y97         FDRE                                         r  design_1_i/axi_smc/inst/clk_map/psr_aclk/U0/ACTIVE_LOW_BSR_OUT_DFF[0].FDRE_BSR_N/C
  -------------------------------------------------------------------    -------------------
    SLICE_X37Y97         FDRE (Prop_fdre_C_Q)         0.141     1.034 r  design_1_i/axi_smc/inst/clk_map/psr_aclk/U0/ACTIVE_LOW_BSR_OUT_DFF[0].FDRE_BSR_N/Q
                         net (fo=9, routed)           0.363     1.396    design_1_i/axi_smc/inst/s00_nodes/s00_b_node/inst/s_sc_xpm_cdc_async_rst_inst/src_arst
    SLICE_X37Y94         LUT1 (Prop_lut1_I0_O)        0.045     1.441 f  design_1_i/axi_smc/inst/s00_nodes/s00_b_node/inst/s_sc_xpm_cdc_async_rst_inst/arststages_ff[2]_i_1/O
                         net (fo=3, routed)           0.160     1.601    design_1_i/axi_smc/inst/s00_nodes/s00_b_node/inst/s_sc_xpm_cdc_async_rst_inst/reset_pol
    SLICE_X38Y94         FDCE                                         f  design_1_i/axi_smc/inst/s00_nodes/s00_b_node/inst/s_sc_xpm_cdc_async_rst_inst/arststages_ff_reg[1]/CLR
  -------------------------------------------------------------------    -------------------

                         (clock clk_fpga_0 rise edge)
                                                      0.000     0.000 r  
    PS7_X0Y0             PS7                          0.000     0.000 r  design_1_i/processing_system7_0/inst/PS7_i/FCLKCLK[0]
                         net (fo=1, routed)           0.337     0.337    design_1_i/processing_system7_0/inst/FCLK_CLK_unbuffered[0]
    BUFGCTRL_X0Y16       BUFG (Prop_bufg_I_O)         0.029     0.366 r  design_1_i/processing_system7_0/inst/buffer_fclk_clk_0.FCLK_CLK_0_BUFG/O
                         net (fo=660, routed)         0.824     1.190    design_1_i/axi_smc/inst/s00_nodes/s00_b_node/inst/s_sc_xpm_cdc_async_rst_inst/dest_clk
    SLICE_X38Y94         FDCE                                         r  design_1_i/axi_smc/inst/s00_nodes/s00_b_node/inst/s_sc_xpm_cdc_async_rst_inst/arststages_ff_reg[1]/C

Slack:                    inf
  Source:                 design_1_i/axi_smc/inst/clk_map/psr_aclk/U0/ACTIVE_LOW_BSR_OUT_DFF[0].FDRE_BSR_N/C
                            (rising edge-triggered cell FDRE clocked by clk_fpga_0  {rise@0.000ns fall@5.000ns period=10.000ns})
  Destination:            design_1_i/axi_smc/inst/s00_nodes/s00_b_node/inst/s_sc_xpm_cdc_async_rst_inst/arststages_ff_reg[2]/CLR
                            (removal check against rising-edge clock clk_fpga_0  {rise@0.000ns fall@5.000ns period=10.000ns})
  Path Group:             (none)
  Path Type:              Removal (Min at Fast Process Corner)
  Data Path Delay:        0.709ns  (logic 0.186ns (26.246%)  route 0.523ns (73.754%))
  Logic Levels:           1  (LUT1=1)
  Clock Path Skew:        0.297ns (DCD - SCD - CPR)
    Destination Clock Delay (DCD):    1.190ns
    Source Clock Delay      (SCD):    0.893ns
    Clock Pessimism Removal (CPR):    -0.000ns
  Clock Uncertainty:      0.154ns  ((TSJ^2 + TIJ^2)^1/2 + DJ) / 2 + PE
    Total System Jitter     (TSJ):    0.071ns
    Total Input Jitter      (TIJ):    0.300ns
    Discrete Jitter          (DJ):    0.000ns
    Phase Error              (PE):    0.000ns
  Timing Exception:       False Path

    Location             Delay type                Incr(ns)  Path(ns)    Netlist Resource(s)
  -------------------------------------------------------------------    -------------------
                         (clock clk_fpga_0 rise edge)
                                                      0.000     0.000 r  
    PS7_X0Y0             PS7                          0.000     0.000 r  design_1_i/processing_system7_0/inst/PS7_i/FCLKCLK[0]
                         net (fo=1, routed)           0.310     0.310    design_1_i/processing_system7_0/inst/FCLK_CLK_unbuffered[0]
    BUFGCTRL_X0Y16       BUFG (Prop_bufg_I_O)         0.026     0.336 r  design_1_i/processing_system7_0/inst/buffer_fclk_clk_0.FCLK_CLK_0_BUFG/O
                         net (fo=660, routed)         0.557     0.893    design_1_i/axi_smc/inst/clk_map/psr_aclk/U0/aclk
    SLICE_X37Y97         FDRE                                         r  design_1_i/axi_smc/inst/clk_map/psr_aclk/U0/ACTIVE_LOW_BSR_OUT_DFF[0].FDRE_BSR_N/C
  -------------------------------------------------------------------    -------------------
    SLICE_X37Y97         FDRE (Prop_fdre_C_Q)         0.141     1.034 r  design_1_i/axi_smc/inst/clk_map/psr_aclk/U0/ACTIVE_LOW_BSR_OUT_DFF[0].FDRE_BSR_N/Q
                         net (fo=9, routed)           0.363     1.396    design_1_i/axi_smc/inst/s00_nodes/s00_b_node/inst/s_sc_xpm_cdc_async_rst_inst/src_arst
    SLICE_X37Y94         LUT1 (Prop_lut1_I0_O)        0.045     1.441 f  design_1_i/axi_smc/inst/s00_nodes/s00_b_node/inst/s_sc_xpm_cdc_async_rst_inst/arststages_ff[2]_i_1/O
                         net (fo=3, routed)           0.160     1.601    design_1_i/axi_smc/inst/s00_nodes/s00_b_node/inst/s_sc_xpm_cdc_async_rst_inst/reset_pol
    SLICE_X38Y94         FDCE                                         f  design_1_i/axi_smc/inst/s00_nodes/s00_b_node/inst/s_sc_xpm_cdc_async_rst_inst/arststages_ff_reg[2]/CLR
  -------------------------------------------------------------------    -------------------

                         (clock clk_fpga_0 rise edge)
                                                      0.000     0.000 r  
    PS7_X0Y0             PS7                          0.000     0.000 r  design_1_i/processing_system7_0/inst/PS7_i/FCLKCLK[0]
                         net (fo=1, routed)           0.337     0.337    design_1_i/processing_system7_0/inst/FCLK_CLK_unbuffered[0]
    BUFGCTRL_X0Y16       BUFG (Prop_bufg_I_O)         0.029     0.366 r  design_1_i/processing_system7_0/inst/buffer_fclk_clk_0.FCLK_CLK_0_BUFG/O
                         net (fo=660, routed)         0.824     1.190    design_1_i/axi_smc/inst/s00_nodes/s00_b_node/inst/s_sc_xpm_cdc_async_rst_inst/dest_clk
    SLICE_X38Y94         FDCE                                         r  design_1_i/axi_smc/inst/s00_nodes/s00_b_node/inst/s_sc_xpm_cdc_async_rst_inst/arststages_ff_reg[2]/C

Slack:                    inf
  Source:                 design_1_i/axi_smc/inst/clk_map/psr_aclk/U0/ACTIVE_LOW_BSR_OUT_DFF[0].FDRE_BSR_N/C
                            (rising edge-triggered cell FDRE clocked by clk_fpga_0  {rise@0.000ns fall@5.000ns period=10.000ns})
  Destination:            design_1_i/axi_smc/inst/s00_entry_pipeline/s00_si_converter/inst/xpm_cdc_async_rst_inst/arststages_ff_reg[0]/CLR
                            (removal check against rising-edge clock clk_fpga_0  {rise@0.000ns fall@5.000ns period=10.000ns})
  Path Group:             (none)
  Path Type:              Removal (Min at Fast Process Corner)
  Data Path Delay:        0.709ns  (logic 0.186ns (26.221%)  route 0.523ns (73.779%))
  Logic Levels:           1  (LUT1=1)
  Clock Path Skew:        0.298ns (DCD - SCD - CPR)
    Destination Clock Delay (DCD):    1.191ns
    Source Clock Delay      (SCD):    0.893ns
    Clock Pessimism Removal (CPR):    -0.000ns
  Clock Uncertainty:      0.154ns  ((TSJ^2 + TIJ^2)^1/2 + DJ) / 2 + PE
    Total System Jitter     (TSJ):    0.071ns
    Total Input Jitter      (TIJ):    0.300ns
    Discrete Jitter          (DJ):    0.000ns
    Phase Error              (PE):    0.000ns
  Timing Exception:       False Path

    Location             Delay type                Incr(ns)  Path(ns)    Netlist Resource(s)
  -------------------------------------------------------------------    -------------------
                         (clock clk_fpga_0 rise edge)
                                                      0.000     0.000 r  
    PS7_X0Y0             PS7                          0.000     0.000 r  design_1_i/processing_system7_0/inst/PS7_i/FCLKCLK[0]
                         net (fo=1, routed)           0.310     0.310    design_1_i/processing_system7_0/inst/FCLK_CLK_unbuffered[0]
    BUFGCTRL_X0Y16       BUFG (Prop_bufg_I_O)         0.026     0.336 r  design_1_i/processing_system7_0/inst/buffer_fclk_clk_0.FCLK_CLK_0_BUFG/O
                         net (fo=660, routed)         0.557     0.893    design_1_i/axi_smc/inst/clk_map/psr_aclk/U0/aclk
    SLICE_X37Y97         FDRE                                         r  design_1_i/axi_smc/inst/clk_map/psr_aclk/U0/ACTIVE_LOW_BSR_OUT_DFF[0].FDRE_BSR_N/C
  -------------------------------------------------------------------    -------------------
    SLICE_X37Y97         FDRE (Prop_fdre_C_Q)         0.141     1.034 r  design_1_i/axi_smc/inst/clk_map/psr_aclk/U0/ACTIVE_LOW_BSR_OUT_DFF[0].FDRE_BSR_N/Q
                         net (fo=9, routed)           0.275     1.309    design_1_i/axi_smc/inst/s00_entry_pipeline/s00_si_converter/inst/xpm_cdc_async_rst_inst/src_arst
    SLICE_X35Y96         LUT1 (Prop_lut1_I0_O)        0.045     1.354 f  design_1_i/axi_smc/inst/s00_entry_pipeline/s00_si_converter/inst/xpm_cdc_async_rst_inst/arststages_ff[2]_i_1/O
                         net (fo=3, routed)           0.248     1.602    design_1_i/axi_smc/inst/s00_entry_pipeline/s00_si_converter/inst/xpm_cdc_async_rst_inst/reset_pol
    SLICE_X35Y95         FDCE                                         f  design_1_i/axi_smc/inst/s00_entry_pipeline/s00_si_converter/inst/xpm_cdc_async_rst_inst/arststages_ff_reg[0]/CLR
  -------------------------------------------------------------------    -------------------

                         (clock clk_fpga_0 rise edge)
                                                      0.000     0.000 r  
    PS7_X0Y0             PS7                          0.000     0.000 r  design_1_i/processing_system7_0/inst/PS7_i/FCLKCLK[0]
                         net (fo=1, routed)           0.337     0.337    design_1_i/processing_system7_0/inst/FCLK_CLK_unbuffered[0]
    BUFGCTRL_X0Y16       BUFG (Prop_bufg_I_O)         0.029     0.366 r  design_1_i/processing_system7_0/inst/buffer_fclk_clk_0.FCLK_CLK_0_BUFG/O
                         net (fo=660, routed)         0.825     1.191    design_1_i/axi_smc/inst/s00_entry_pipeline/s00_si_converter/inst/xpm_cdc_async_rst_inst/dest_clk
    SLICE_X35Y95         FDCE                                         r  design_1_i/axi_smc/inst/s00_entry_pipeline/s00_si_converter/inst/xpm_cdc_async_rst_inst/arststages_ff_reg[0]/C

Slack:                    inf
  Source:                 design_1_i/axi_smc/inst/clk_map/psr_aclk/U0/ACTIVE_LOW_BSR_OUT_DFF[0].FDRE_BSR_N/C
                            (rising edge-triggered cell FDRE clocked by clk_fpga_0  {rise@0.000ns fall@5.000ns period=10.000ns})
  Destination:            design_1_i/axi_smc/inst/s00_entry_pipeline/s00_si_converter/inst/xpm_cdc_async_rst_inst/arststages_ff_reg[1]/CLR
                            (removal check against rising-edge clock clk_fpga_0  {rise@0.000ns fall@5.000ns period=10.000ns})
  Path Group:             (none)
  Path Type:              Removal (Min at Fast Process Corner)
  Data Path Delay:        0.709ns  (logic 0.186ns (26.221%)  route 0.523ns (73.779%))
  Logic Levels:           1  (LUT1=1)
  Clock Path Skew:        0.298ns (DCD - SCD - CPR)
    Destination Clock Delay (DCD):    1.191ns
    Source Clock Delay      (SCD):    0.893ns
    Clock Pessimism Removal (CPR):    -0.000ns
  Clock Uncertainty:      0.154ns  ((TSJ^2 + TIJ^2)^1/2 + DJ) / 2 + PE
    Total System Jitter     (TSJ):    0.071ns
    Total Input Jitter      (TIJ):    0.300ns
    Discrete Jitter          (DJ):    0.000ns
    Phase Error              (PE):    0.000ns
  Timing Exception:       False Path

    Location             Delay type                Incr(ns)  Path(ns)    Netlist Resource(s)
  -------------------------------------------------------------------    -------------------
                         (clock clk_fpga_0 rise edge)
                                                      0.000     0.000 r  
    PS7_X0Y0             PS7                          0.000     0.000 r  design_1_i/processing_system7_0/inst/PS7_i/FCLKCLK[0]
                         net (fo=1, routed)           0.310     0.310    design_1_i/processing_system7_0/inst/FCLK_CLK_unbuffered[0]
    BUFGCTRL_X0Y16       BUFG (Prop_bufg_I_O)         0.026     0.336 r  design_1_i/processing_system7_0/inst/buffer_fclk_clk_0.FCLK_CLK_0_BUFG/O
                         net (fo=660, routed)         0.557     0.893    design_1_i/axi_smc/inst/clk_map/psr_aclk/U0/aclk
    SLICE_X37Y97         FDRE                                         r  design_1_i/axi_smc/inst/clk_map/psr_aclk/U0/ACTIVE_LOW_BSR_OUT_DFF[0].FDRE_BSR_N/C
  -------------------------------------------------------------------    -------------------
    SLICE_X37Y97         FDRE (Prop_fdre_C_Q)         0.141     1.034 r  design_1_i/axi_smc/inst/clk_map/psr_aclk/U0/ACTIVE_LOW_BSR_OUT_DFF[0].FDRE_BSR_N/Q
                         net (fo=9, routed)           0.275     1.309    design_1_i/axi_smc/inst/s00_entry_pipeline/s00_si_converter/inst/xpm_cdc_async_rst_inst/src_arst
    SLICE_X35Y96         LUT1 (Prop_lut1_I0_O)        0.045     1.354 f  design_1_i/axi_smc/inst/s00_entry_pipeline/s00_si_converter/inst/xpm_cdc_async_rst_inst/arststages_ff[2]_i_1/O
                         net (fo=3, routed)           0.248     1.602    design_1_i/axi_smc/inst/s00_entry_pipeline/s00_si_converter/inst/xpm_cdc_async_rst_inst/reset_pol
    SLICE_X35Y95         FDCE                                         f  design_1_i/axi_smc/inst/s00_entry_pipeline/s00_si_converter/inst/xpm_cdc_async_rst_inst/arststages_ff_reg[1]/CLR
  -------------------------------------------------------------------    -------------------

                         (clock clk_fpga_0 rise edge)
                                                      0.000     0.000 r  
    PS7_X0Y0             PS7                          0.000     0.000 r  design_1_i/processing_system7_0/inst/PS7_i/FCLKCLK[0]
                         net (fo=1, routed)           0.337     0.337    design_1_i/processing_system7_0/inst/FCLK_CLK_unbuffered[0]
    BUFGCTRL_X0Y16       BUFG (Prop_bufg_I_O)         0.029     0.366 r  design_1_i/processing_system7_0/inst/buffer_fclk_clk_0.FCLK_CLK_0_BUFG/O
                         net (fo=660, routed)         0.825     1.191    design_1_i/axi_smc/inst/s00_entry_pipeline/s00_si_converter/inst/xpm_cdc_async_rst_inst/dest_clk
    SLICE_X35Y95         FDCE                                         r  design_1_i/axi_smc/inst/s00_entry_pipeline/s00_si_converter/inst/xpm_cdc_async_rst_inst/arststages_ff_reg[1]/C

Slack:                    inf
  Source:                 design_1_i/axi_smc/inst/clk_map/psr_aclk/U0/ACTIVE_LOW_BSR_OUT_DFF[0].FDRE_BSR_N/C
                            (rising edge-triggered cell FDRE clocked by clk_fpga_0  {rise@0.000ns fall@5.000ns period=10.000ns})
  Destination:            design_1_i/axi_smc/inst/s00_entry_pipeline/s00_si_converter/inst/xpm_cdc_async_rst_inst/arststages_ff_reg[2]/CLR
                            (removal check against rising-edge clock clk_fpga_0  {rise@0.000ns fall@5.000ns period=10.000ns})
  Path Group:             (none)
  Path Type:              Removal (Min at Fast Process Corner)
  Data Path Delay:        0.709ns  (logic 0.186ns (26.221%)  route 0.523ns (73.779%))
  Logic Levels:           1  (LUT1=1)
  Clock Path Skew:        0.298ns (DCD - SCD - CPR)
    Destination Clock Delay (DCD):    1.191ns
    Source Clock Delay      (SCD):    0.893ns
    Clock Pessimism Removal (CPR):    -0.000ns
  Clock Uncertainty:      0.154ns  ((TSJ^2 + TIJ^2)^1/2 + DJ) / 2 + PE
    Total System Jitter     (TSJ):    0.071ns
    Total Input Jitter      (TIJ):    0.300ns
    Discrete Jitter          (DJ):    0.000ns
    Phase Error              (PE):    0.000ns
  Timing Exception:       False Path

    Location             Delay type                Incr(ns)  Path(ns)    Netlist Resource(s)
  -------------------------------------------------------------------    -------------------
                         (clock clk_fpga_0 rise edge)
                                                      0.000     0.000 r  
    PS7_X0Y0             PS7                          0.000     0.000 r  design_1_i/processing_system7_0/inst/PS7_i/FCLKCLK[0]
                         net (fo=1, routed)           0.310     0.310    design_1_i/processing_system7_0/inst/FCLK_CLK_unbuffered[0]
    BUFGCTRL_X0Y16       BUFG (Prop_bufg_I_O)         0.026     0.336 r  design_1_i/processing_system7_0/inst/buffer_fclk_clk_0.FCLK_CLK_0_BUFG/O
                         net (fo=660, routed)         0.557     0.893    design_1_i/axi_smc/inst/clk_map/psr_aclk/U0/aclk
    SLICE_X37Y97         FDRE                                         r  design_1_i/axi_smc/inst/clk_map/psr_aclk/U0/ACTIVE_LOW_BSR_OUT_DFF[0].FDRE_BSR_N/C
  -------------------------------------------------------------------    -------------------
    SLICE_X37Y97         FDRE (Prop_fdre_C_Q)         0.141     1.034 r  design_1_i/axi_smc/inst/clk_map/psr_aclk/U0/ACTIVE_LOW_BSR_OUT_DFF[0].FDRE_BSR_N/Q
                         net (fo=9, routed)           0.275     1.309    design_1_i/axi_smc/inst/s00_entry_pipeline/s00_si_converter/inst/xpm_cdc_async_rst_inst/src_arst
    SLICE_X35Y96         LUT1 (Prop_lut1_I0_O)        0.045     1.354 f  design_1_i/axi_smc/inst/s00_entry_pipeline/s00_si_converter/inst/xpm_cdc_async_rst_inst/arststages_ff[2]_i_1/O
                         net (fo=3, routed)           0.248     1.602    design_1_i/axi_smc/inst/s00_entry_pipeline/s00_si_converter/inst/xpm_cdc_async_rst_inst/reset_pol
    SLICE_X35Y95         FDCE                                         f  design_1_i/axi_smc/inst/s00_entry_pipeline/s00_si_converter/inst/xpm_cdc_async_rst_inst/arststages_ff_reg[2]/CLR
  -------------------------------------------------------------------    -------------------

                         (clock clk_fpga_0 rise edge)
                                                      0.000     0.000 r  
    PS7_X0Y0             PS7                          0.000     0.000 r  design_1_i/processing_system7_0/inst/PS7_i/FCLKCLK[0]
                         net (fo=1, routed)           0.337     0.337    design_1_i/processing_system7_0/inst/FCLK_CLK_unbuffered[0]
    BUFGCTRL_X0Y16       BUFG (Prop_bufg_I_O)         0.029     0.366 r  design_1_i/processing_system7_0/inst/buffer_fclk_clk_0.FCLK_CLK_0_BUFG/O
                         net (fo=660, routed)         0.825     1.191    design_1_i/axi_smc/inst/s00_entry_pipeline/s00_si_converter/inst/xpm_cdc_async_rst_inst/dest_clk
    SLICE_X35Y95         FDCE                                         r  design_1_i/axi_smc/inst/s00_entry_pipeline/s00_si_converter/inst/xpm_cdc_async_rst_inst/arststages_ff_reg[2]/C





